,index,timestamp,team_name,op_team_name,competitionid,points,predicted,B365H,B365D,B365A,good_pred,probH
37,2014/5/18/Rayo Vallecano/Getafe,2014-05-18 17:00:00,Rayo Vallecano,Getafe,23,0,0.6778923341340833,4.0,3.1,2.05,0,0.25
39,2014/5/18/Real Valladolid/Granada CF,2014-05-18 17:00:00,Real Valladolid,Granada CF,23,0,0.6422499484507107,2.1,3.3,3.5,0,0.47619047619047616
41,2014/5/18/Osasuna/Real Betis,2014-05-18 17:00:00,Osasuna,Real Betis,23,3,0.6438701776647604,1.36,5.0,7.5,1,0.7352941176470588
49,2014/5/11/Getafe/Sevilla,2014-05-11 18:00:00,Getafe,Sevilla,23,3,0.4041624033438893,1.85,3.6,4.0,0,0.5405405405405405
51,2014/5/11/Granada CF/Almería,2014-05-11 18:00:00,Granada CF,Almería,23,0,0.600228119125617,1.91,3.5,4.0,0,0.5235602094240838
53,2014/5/11/Real Betis/Real Valladolid,2014-05-11 18:00:00,Real Betis,Real Valladolid,23,3,0.5841575916374273,3.6,3.5,2.0,1,0.2777777777777778
55,2014/5/11/Celta de Vigo/Real Madrid,2014-05-11 18:00:00,Celta de Vigo,Real Madrid,23,3,0.23649666052620896,6.5,5.0,1.4,0,0.15384615384615385
59,2014/5/10/Villarreal/Rayo Vallecano,2014-05-10 19:00:00,Villarreal,Rayo Vallecano,23,3,0.651924875214908,1.57,4.33,5.0,1,0.6369426751592356
69,2014/5/3/Real Valladolid/Espanyol,2014-05-03 21:00:00,Real Valladolid,Espanyol,23,3,0.6666422907656306,2.0,3.4,3.75,1,0.5
71,2014/5/3/Málaga/Elche,2014-05-03 17:00:00,Málaga,Elche,23,0,0.46139525634102785,2.25,3.25,3.25,1,0.4444444444444444
73,2014/4/28/Celta de Vigo/Real Valladolid,2014-04-28 21:00:00,Celta de Vigo,Real Valladolid,23,3,0.6684784064334346,1.8,3.75,4.2,1,0.5555555555555556
75,2014/4/27/Villarreal/Barcelona,2014-04-27 20:00:00,Villarreal,Barcelona,23,0,0.11244643323481208,6.5,4.5,1.44,1,0.15384615384615385
77,2014/4/27/Athletic Club/Sevilla,2014-04-27 18:00:00,Athletic Club,Sevilla,23,3,0.6126137615466676,1.95,3.5,3.75,1,0.5128205128205129
83,2014/4/26/Real Betis/Real Sociedad,2014-04-26 21:00:00,Real Betis,Real Sociedad,23,0,0.47797342798497794,3.1,3.5,2.2,1,0.3225806451612903
87,2014/4/26/Real Madrid/Osasuna,2014-04-26 19:00:00,Real Madrid,Osasuna,23,3,0.8832602719530828,1.05,13.0,34.0,1,0.9523809523809523
89,2014/4/20/Rayo Vallecano/Real Betis,2014-04-20 16:00:00,Rayo Vallecano,Real Betis,23,3,0.6911336546269236,2.0,3.4,3.75,1,0.5
93,2014/4/19/Real Sociedad/Espanyol,2014-04-19 19:00:00,Real Sociedad,Espanyol,23,3,0.7321846982810244,1.75,3.6,4.75,1,0.5714285714285714
95,2014/4/18/Atlético de Madrid/Elche,2014-04-18 19:30:00,Atlético de Madrid,Elche,23,3,0.7181554304641261,1.2,6.0,15.0,1,0.8333333333333334
97,2014/4/13/Getafe/Atlético de Madrid,2014-04-13 18:00:00,Getafe,Atlético de Madrid,23,0,0.23793968615497485,8.5,4.0,1.44,1,0.11764705882352941
103,2014/4/6/Sevilla/Espanyol,2014-04-06 18:00:00,Sevilla,Espanyol,23,3,0.7364407160737351,1.67,3.75,5.0,1,0.5988023952095809
115,2014/3/29/Athletic Club/Atlético de Madrid,2014-03-29 19:00:00,Athletic Club,Atlético de Madrid,23,0,0.3990273670297615,2.9,3.3,2.4,1,0.3448275862068966
117,2014/3/29/Celta de Vigo/Sevilla,2014-03-29 17:00:00,Celta de Vigo,Sevilla,23,3,0.5736554884891807,3.0,3.25,2.38,1,0.3333333333333333
119,2014/3/27/Levante/Real Betis,2014-03-27 21:00:00,Levante,Real Betis,23,0,0.5099435695650206,2.3,3.2,3.1,0,0.4347826086956522
121,2014/3/27/Getafe/Villarreal,2014-03-27 19:00:00,Getafe,Villarreal,23,0,0.46647314633787956,3.3,3.3,2.2,1,0.30303030303030304
123,2014/3/26/Atlético de Madrid/Granada CF,2014-03-26 21:00:00,Atlético de Madrid,Granada CF,23,3,0.8647284115056191,1.18,6.5,15.0,1,0.8474576271186441
125,2014/3/26/Sevilla/Real Madrid,2014-03-26 21:00:00,Sevilla,Real Madrid,23,3,0.36983041506669206,5.5,4.5,1.53,0,0.18181818181818182
127,2014/3/26/Barcelona/Celta de Vigo,2014-03-26 19:00:00,Barcelona,Celta de Vigo,23,3,0.9690029911999289,1.05,15.0,34.0,1,0.9523809523809523
129,2014/3/26/Rayo Vallecano/Osasuna,2014-03-26 19:00:00,Rayo Vallecano,Osasuna,23,3,0.6203821855062822,1.83,3.4,4.5,1,0.5464480874316939
131,2014/3/25/Málaga/Espanyol,2014-03-25 19:00:00,Málaga,Espanyol,23,0,0.7214986061305454,2.45,3.1,3.0,0,0.4081632653061224
133,2014/3/24/Almería/Real Sociedad,2014-03-24 21:00:00,Almería,Real Sociedad,23,3,0.4468305492144397,3.4,3.4,2.1,0,0.29411764705882354
137,2014/3/23/Valencia/Villarreal,2014-03-23 18:00:00,Valencia,Villarreal,23,3,0.6155125794075401,2.05,3.4,3.5,1,0.48780487804878053
139,2014/3/23/Real Betis/Atlético de Madrid,2014-03-23 16:00:00,Real Betis,Atlético de Madrid,23,0,0.31735756219067424,6.0,3.8,1.57,1,0.16666666666666666
143,2014/3/16/Real Sociedad/Valencia,2014-03-16 20:00:00,Real Sociedad,Valencia,23,3,0.5914289929401303,2.05,3.5,3.4,1,0.48780487804878053
147,2014/3/15/Atlético de Madrid/Espanyol,2014-03-15 21:00:00,Atlético de Madrid,Espanyol,23,3,0.8773427142217404,1.29,5.0,12.0,1,0.7751937984496123
151,2014/3/10/Real Sociedad/Rayo Vallecano,2014-03-10 21:00:00,Real Sociedad,Rayo Vallecano,23,0,0.6771168035188103,1.44,4.5,6.5,0,0.6944444444444444
153,2014/3/10/Osasuna/Málaga,2014-03-10 19:00:00,Osasuna,Málaga,23,0,0.5531262848738152,2.3,3.1,3.25,0,0.4347826086956522
157,2014/3/9/Espanyol/Elche,2014-03-09 11:00:00,Espanyol,Elche,23,3,0.39231393369647,1.75,3.5,4.75,0,0.5714285714285714
161,2014/3/8/Celta de Vigo/Atlético de Madrid,2014-03-08 19:00:00,Celta de Vigo,Atlético de Madrid,23,0,0.3709246820192466,4.0,3.4,1.91,1,0.25
163,2014/3/8/Real Valladolid/Barcelona,2014-03-08 15:00:00,Real Valladolid,Barcelona,23,3,0.06012610992013139,12.0,7.0,1.2,0,0.08333333333333333
165,2014/3/2/Barcelona/Almería,2014-03-02 20:00:00,Barcelona,Almería,23,3,0.9693491244739235,1.05,13.0,34.0,1,0.9523809523809523
167,2014/3/2/Rayo Vallecano/Valencia,2014-03-02 20:00:00,Rayo Vallecano,Valencia,23,3,0.4621366399682316,3.3,3.3,2.2,0,0.30303030303030304
169,2014/3/2/Sevilla/Real Sociedad,2014-03-02 18:00:00,Sevilla,Real Sociedad,23,3,0.6665230876493985,1.91,3.75,3.6,1,0.5235602094240838
171,2014/3/1/Levante/Osasuna,2014-03-01 17:00:00,Levante,Osasuna,23,3,0.5677201156447552,2.3,3.2,3.2,1,0.4347826086956522
173,2014/2/23/Rayo Vallecano/Sevilla,2014-02-23 11:00:00,Rayo Vallecano,Sevilla,23,0,0.48517668844095924,3.1,3.4,2.25,1,0.3225806451612903
175,2014/2/22/Real Madrid/Elche,2014-02-22 15:00:00,Real Madrid,Elche,23,3,0.8329683816300925,1.07,11.0,29.0,1,0.9345794392523364
177,2014/2/17/Málaga/Real Sociedad,2014-02-17 21:00:00,Málaga,Real Sociedad,23,0,0.6019801696792861,2.7,3.25,2.6,0,0.37037037037037035
179,2014/2/16/Getafe/Real Madrid,2014-02-16 16:00:00,Getafe,Real Madrid,23,0,0.15986175152052634,10.0,5.25,1.29,1,0.1
181,2014/2/9/Sevilla/Barcelona,2014-02-09 20:00:00,Sevilla,Barcelona,23,0,0.09346473755545533,6.0,4.0,1.53,1,0.16666666666666666
183,2014/2/8/Almería/Atlético de Madrid,2014-02-08 21:00:00,Almería,Atlético de Madrid,23,3,0.2507741781245755,10.0,5.25,1.29,0,0.1
185,2014/2/8/Rayo Vallecano/Málaga,2014-02-08 17:00:00,Rayo Vallecano,Málaga,23,3,0.5469485000656473,2.4,3.2,3.0,1,0.4166666666666667
187,2014/2/8/Valencia/Real Betis,2014-02-08 15:00:00,Valencia,Real Betis,23,3,0.6571278503110993,1.44,4.33,7.0,1,0.6944444444444444
189,2014/2/3/Villarreal/Osasuna,2014-02-03 21:00:00,Villarreal,Osasuna,23,3,0.708522251963889,1.33,5.0,9.0,1,0.7518796992481203
191,2014/2/2/Atlético de Madrid/Real Sociedad,2014-02-02 18:00:00,Atlético de Madrid,Real Sociedad,23,3,0.8199353275932827,1.3,5.0,10.0,1,0.7692307692307692
193,2014/2/2/Elche/Almería,2014-02-02 11:00:00,Elche,Almería,23,3,0.8364981063698105,2.0,3.4,3.75,1,0.5
195,2014/2/1/Málaga/Sevilla,2014-02-01 21:00:00,Málaga,Sevilla,23,3,0.6256360536136968,2.8,3.4,2.4,1,0.35714285714285715
197,2014/2/1/Barcelona/Valencia,2014-02-01 15:00:00,Barcelona,Valencia,23,0,0.953715029927387,1.13,8.0,19.0,0,0.8849557522123894
199,2014/1/26/Barcelona/Málaga,2014-01-26 20:00:00,Barcelona,Málaga,23,3,0.9450033421760095,1.08,10.0,23.0,1,0.9259259259259258
201,2014/1/25/Real Madrid/Granada CF,2014-01-25 15:00:00,Real Madrid,Granada CF,23,3,0.8961159373843344,1.05,15.0,26.0,1,0.9523809523809523
203,2014/1/20/Athletic Club/Real Valladolid,2014-01-20 21:00:00,Athletic Club,Real Valladolid,23,3,0.7839115701787528,1.36,4.75,8.5,1,0.7352941176470588
205,2014/1/18/Elche/Rayo Vallecano,2014-01-18 17:00:00,Elche,Rayo Vallecano,23,3,0.7935743358999314,2.38,3.2,3.0,1,0.42016806722689076
207,2014/1/12/Levante/Málaga,2014-01-12 20:00:00,Levante,Málaga,23,3,0.5670260235335666,2.5,3.2,2.88,1,0.4
209,2014/1/12/Espanyol/Real Madrid,2014-01-12 18:00:00,Espanyol,Real Madrid,23,0,0.21655610316776447,7.5,5.5,1.33,1,0.13333333333333333
211,2014/1/12/Getafe/Rayo Vallecano,2014-01-12 11:00:00,Getafe,Rayo Vallecano,23,0,0.5269527647547666,2.0,3.4,3.75,0,0.5
213,2014/1/11/Athletic Club/Almería,2014-01-11 15:00:00,Athletic Club,Almería,23,3,0.8256135964683518,1.4,4.5,7.5,1,0.7142857142857143
215,2014/1/5/Real Sociedad/Athletic Club,2014-01-05 19:00:00,Real Sociedad,Athletic Club,23,3,0.704624508214104,2.15,3.4,3.3,1,0.46511627906976744
217,2014/1/5/Osasuna/Espanyol,2014-01-05 17:00:00,Osasuna,Espanyol,23,3,0.6219504687174157,2.4,3.2,3.0,1,0.4166666666666667
219,2014/1/5/Sevilla/Getafe,2014-01-05 11:00:00,Sevilla,Getafe,23,3,0.7548217475620513,1.53,4.2,5.75,1,0.6535947712418301
221,2014/1/4/Valencia/Levante,2014-01-04 19:00:00,Valencia,Levante,23,3,0.7769083653076846,1.44,4.2,7.5,1,0.6944444444444444
223,2014/1/4/Málaga/Atlético de Madrid,2014-01-04 15:00:00,Málaga,Atlético de Madrid,23,0,0.2829339801826935,6.0,4.1,1.53,1,0.16666666666666666
225,2013/12/22/Athletic Club/Rayo Vallecano,2013-12-22 18:00:00,Athletic Club,Rayo Vallecano,23,3,0.6589872866072778,1.44,4.33,7.0,1,0.6944444444444444
227,2013/12/21/Real Betis/Almería,2013-12-21 17:00:00,Real Betis,Almería,23,0,0.6522522837158539,1.73,3.75,4.5,0,0.5780346820809249
229,2013/12/14/Barcelona/Villarreal,2013-12-14 19:00:00,Barcelona,Villarreal,23,3,0.9147243241701358,1.29,5.5,11.0,1,0.7751937984496123
231,2013/12/14/Rayo Vallecano/Granada CF,2013-12-14 17:00:00,Rayo Vallecano,Granada CF,23,0,0.6621060998639551,2.05,3.3,3.6,0,0.48780487804878053
233,2013/12/13/Levante/Elche,2013-12-13 20:00:00,Levante,Elche,23,3,0.4943523327196281,2.3,3.1,3.25,0,0.4347826086956522
235,2013/12/1/Athletic Club/Barcelona,2013-12-01 20:00:00,Athletic Club,Barcelona,23,3,0.1449779407823594,5.0,4.2,1.6,0,0.2
237,2013/12/1/Granada CF/Sevilla,2013-12-01 16:00:00,Granada CF,Sevilla,23,0,0.5008468309431077,2.8,3.25,2.5,0,0.35714285714285715
239,2013/11/29/Getafe/Levante,2013-11-29 19:00:00,Getafe,Levante,23,3,0.5845361469742184,1.83,3.4,4.5,1,0.5464480874316939
241,2013/11/24/Levante/Villarreal,2013-11-24 11:00:00,Levante,Villarreal,23,0,0.5059570903521653,3.5,3.3,2.1,0,0.2857142857142857
243,2013/11/22/Real Valladolid/Osasuna,2013-11-22 20:00:00,Real Valladolid,Osasuna,23,0,0.6612784751079265,2.0,3.4,3.75,0,0.5
245,2013/11/10/Real Betis/Barcelona,2013-11-10 20:00:00,Real Betis,Barcelona,23,0,0.07991505256493074,11.0,6.0,1.25,1,0.09090909090909091
247,2013/11/9/Real Madrid/Real Sociedad,2013-11-09 15:00:00,Real Madrid,Real Sociedad,23,3,0.8097241669258048,1.14,8.0,17.0,1,0.8771929824561404
249,2013/11/8/Osasuna/Almería,2013-11-08 19:00:00,Osasuna,Almería,23,0,0.5906391717066133,2.05,3.4,3.5,0,0.48780487804878053
251,2013/11/3/Atlético de Madrid/Athletic Club,2013-11-03 16:00:00,Atlético de Madrid,Athletic Club,23,3,0.8154380632427957,1.3,5.0,11.0,1,0.7692307692307692
253,2013/11/3/Getafe/Valencia,2013-11-03 11:00:00,Getafe,Valencia,23,0,0.5366108804614157,2.6,3.2,2.75,0,0.3846153846153846
257,2013/11/2/Rayo Vallecano/Real Madrid,2013-11-02 19:00:00,Rayo Vallecano,Real Madrid,23,0,0.31824422656259177,11.0,6.0,1.25,1,0.09090909090909091
259,2013/11/2/Real Sociedad/Osasuna,2013-11-02 15:00:00,Real Sociedad,Osasuna,23,3,0.6416369097405202,1.57,4.0,5.75,1,0.6369426751592356
263,2013/10/29/Celta de Vigo/Barcelona,2013-10-29 21:00:00,Celta de Vigo,Barcelona,23,0,0.0889206099862512,10.0,5.5,1.29,1,0.1
269,2013/10/27/Atlético de Madrid/Real Betis,2013-10-27 20:00:00,Atlético de Madrid,Real Betis,23,3,0.858725569889448,1.25,5.5,12.0,1,0.8
273,2013/10/26/Levante/Espanyol,2013-10-26 21:00:00,Levante,Espanyol,23,3,0.6199272992851563,2.4,3.3,2.9,1,0.4166666666666667
277,2013/10/21/Celta de Vigo/Levante,2013-10-21 19:00:00,Celta de Vigo,Levante,23,0,0.5846282535048458,2.05,3.4,3.5,0,0.48780487804878053
279,2013/10/20/Granada CF/Getafe,2013-10-20 11:00:00,Granada CF,Getafe,23,0,0.6513608264460979,2.1,3.4,3.4,0,0.47619047619047616
285,2013/10/19/Espanyol/Atlético de Madrid,2013-10-19 21:00:00,Espanyol,Atlético de Madrid,23,3,0.24854877566635755,5.25,3.6,1.67,0,0.19047619047619047
299,2013/10/5/Barcelona/Real Valladolid,2013-10-05 21:00:00,Barcelona,Real Valladolid,23,3,0.9579259715326204,1.09,10.0,21.0,1,0.9174311926605504
301,2013/10/5/Levante/Real Madrid,2013-10-05 19:00:00,Levante,Real Madrid,23,0,0.29515749523067075,9.0,5.0,1.33,1,0.1111111111111111
307,2013/9/29/Celta de Vigo/Elche,2013-09-29 16:00:00,Celta de Vigo,Elche,23,0,0.36594561218305866,1.91,3.4,4.0,1,0.5235602094240838
309,2013/9/28/Real Madrid/Atlético de Madrid,2013-09-28 21:00:00,Real Madrid,Atlético de Madrid,23,0,0.5973761578605977,1.62,3.75,5.5,0,0.6172839506172839
313,2013/9/28/Valencia/Rayo Vallecano,2013-09-28 15:00:00,Valencia,Rayo Vallecano,23,3,0.716101699391891,1.29,5.25,10.0,1,0.7751937984496123
315,2013/9/24/Barcelona/Real Sociedad,2013-09-24 19:00:00,Barcelona,Real Sociedad,23,3,0.9381290329478648,1.13,8.0,19.0,1,0.8849557522123894
323,2013/9/21/Rayo Vallecano/Barcelona,2013-09-21 19:00:00,Rayo Vallecano,Barcelona,23,0,0.08689524286895857,13.0,6.5,1.2,1,0.07692307692307693
327,2013/9/16/Athletic Club/Celta de Vigo,2013-09-16 21:00:00,Athletic Club,Celta de Vigo,23,3,0.6460035879138054,1.67,3.75,5.0,1,0.5988023952095809
329,2013/9/15/Getafe/Osasuna,2013-09-15 16:00:00,Getafe,Osasuna,23,3,0.6339909218307911,1.95,3.3,4.0,1,0.5128205128205129
347,2013/9/1/Valencia/Barcelona,2013-09-01 20:00:00,Valencia,Barcelona,23,0,0.12524123210131377,5.5,4.33,1.53,1,0.18181818181818182
349,2013/9/1/Real Madrid/Athletic Club,2013-09-01 11:00:00,Real Madrid,Athletic Club,23,3,0.7594027135538475,1.17,7.0,16.0,1,0.8547008547008548
357,2013/8/30/Rayo Vallecano/Levante,2013-08-30 22:00:00,Rayo Vallecano,Levante,23,0,0.6369511137939011,1.73,3.6,4.75,0,0.5780346820809249
371,2013/8/17/Real Valladolid/Athletic Club,2013-08-17 20:00:00,Real Valladolid,Athletic Club,23,0,0.45920558703395176,2.5,3.3,2.8,1,0.4
373,2013/8/17/Real Sociedad/Getafe,2013-08-17 18:00:00,Real Sociedad,Getafe,23,3,0.7022562612211497,1.73,3.6,4.75,1,0.5780346820809249
431,2013/6/1/Celta de Vigo/Espanyol,2013-06-01 20:00:00,Celta de Vigo,Espanyol,23,3,0.5985084577556203,1.44,4.5,6.5,1,0.6944444444444444
433,2013/6/1/Mallorca/Real Valladolid,2013-06-01 20:00:00,Mallorca,Real Valladolid,23,3,0.7198214874927199,1.5,4.33,6.0,1,0.6666666666666666
435,2013/6/1/Barcelona/Málaga,2013-06-01 18:00:00,Barcelona,Málaga,23,3,0.9539954323089563,1.25,6.0,10.0,1,0.8
437,2013/6/1/Real Madrid/Osasuna,2013-06-01 16:00:00,Real Madrid,Osasuna,23,3,0.8399786839232186,1.25,6.0,10.0,1,0.8
439,2013/5/26/Getafe/Rayo Vallecano,2013-05-26 19:00:00,Getafe,Rayo Vallecano,23,0,0.6373669589856725,2.1,3.5,3.3,0,0.47619047619047616
441,2013/5/26/Real Valladolid/Celta de Vigo,2013-05-26 19:00:00,Real Valladolid,Celta de Vigo,23,0,0.5258044423672563,3.0,3.4,2.3,0,0.3333333333333333
443,2013/5/26/Real Betis/Real Zaragoza,2013-05-26 19:00:00,Real Betis,Real Zaragoza,23,3,0.6466102764824246,2.0,3.5,3.6,1,0.5
445,2013/5/26/Athletic Club/Levante,2013-05-26 19:00:00,Athletic Club,Levante,23,0,0.6990731196273146,1.45,4.33,7.0,0,0.6896551724137931
447,2013/5/19/Barcelona/Real Valladolid,2013-05-19 20:00:00,Barcelona,Real Valladolid,23,3,0.9799675658232614,1.29,5.5,10.0,1,0.7751937984496123
449,2013/5/19/Manchester City/Norwich City,2013-05-19 16:00:00,Manchester City,Norwich City,8,0,0.9004215351260504,1.33,5.5,11.0,0,0.7518796992481203
451,2013/5/19/West Ham United/Reading,2013-05-19 16:00:00,West Ham United,Reading,8,3,0.5495849446142078,1.67,4.0,5.75,1,0.5988023952095809
453,2013/5/19/Deportivo de La Coruña/Espanyol,2013-05-19 16:00:00,Deportivo de La Coruña,Espanyol,23,3,0.6278902259244962,1.57,4.0,5.5,1,0.6369426751592356
455,2013/5/19/Levante/Rayo Vallecano,2013-05-19 11:00:00,Levante,Rayo Vallecano,23,0,0.6883805971945943,2.5,3.3,2.75,0,0.4
459,2013/5/18/Granada CF/Osasuna,2013-05-18 19:00:00,Granada CF,Osasuna,23,3,0.6870939598072137,2.1,3.2,3.6,1,0.47619047619047616
461,2013/5/18/Getafe/Valencia,2013-05-18 17:00:00,Getafe,Valencia,23,0,0.4576047368705857,4.5,3.75,1.75,1,0.2222222222222222
465,2013/5/14/Reading/Manchester City,2013-05-14 20:00:00,Reading,Manchester City,8,0,0.336243664788857,6.0,4.33,1.6,1,0.16666666666666666
467,2013/5/14/Arsenal/Wigan Athletic,2013-05-14 19:45:00,Arsenal,Wigan Athletic,8,3,0.8141315201061908,1.4,5.5,8.0,1,0.7142857142857143
471,2013/5/12/Atlético de Madrid/Barcelona,2013-05-12 18:00:00,Atlético de Madrid,Barcelona,23,0,0.31348041765671036,4.0,3.5,1.91,1,0.25
473,2013/5/12/Manchester United/Swansea City,2013-05-12 16:00:00,Manchester United,Swansea City,8,3,0.8951710122547012,1.3,5.75,12.0,1,0.7692307692307692
475,2013/5/12/Queens Park Rangers/Newcastle United,2013-05-12 15:00:00,Queens Park Rangers,Newcastle United,8,0,0.5683150382217232,3.4,3.4,2.3,0,0.29411764705882354
479,2013/5/11/Real Valladolid/Deportivo de La Coruña,2013-05-11 17:00:00,Real Valladolid,Deportivo de La Coruña,23,3,0.4531334929826173,2.5,3.3,2.8,0,0.4
489,2013/5/4/Real Madrid/Real Valladolid,2013-05-04 19:00:00,Real Madrid,Real Valladolid,23,3,0.9253523470118117,1.18,7.0,13.0,1,0.8474576271186441
491,2013/5/4/Tottenham Hotspur/Southampton,2013-05-04 15:00:00,Tottenham Hotspur,Southampton,8,3,0.8310607755628897,1.44,4.75,8.0,1,0.6944444444444444
493,2013/5/4/West Bromwich Albion/Wigan Athletic,2013-05-04 15:00:00,West Bromwich Albion,Wigan Athletic,8,0,0.5539540543747815,2.45,3.5,3.0,0,0.4081632653061224
495,2013/4/28/Espanyol/Granada CF,2013-04-28 11:00:00,Espanyol,Granada CF,23,0,0.6312073992718618,1.95,3.5,3.8,0,0.5128205128205129
499,2013/4/27/Atlético de Madrid/Real Madrid,2013-04-27 19:00:00,Atlético de Madrid,Real Madrid,23,0,0.5548490051071117,2.63,3.5,2.5,0,0.3802281368821293
501,2013/4/27/Newcastle United/Liverpool,2013-04-27 17:30:00,Newcastle United,Liverpool,8,0,0.5430134372861808,2.88,3.6,2.5,0,0.3472222222222222
503,2013/4/27/Levante/Celta de Vigo,2013-04-27 15:00:00,Levante,Celta de Vigo,23,0,0.6697145126410871,2.05,3.3,3.6,0,0.48780487804878053
505,2013/4/21/Tottenham Hotspur/Manchester City,2013-04-21 13:30:00,Tottenham Hotspur,Manchester City,8,3,0.4559255306495433,3.25,3.6,2.3,0,0.3076923076923077
509,2013/4/20/Valencia/Málaga,2013-04-20 21:00:00,Valencia,Málaga,23,3,0.628406280934138,1.57,3.8,6.0,1,0.6369426751592356
511,2013/4/20/Fulham/Arsenal,2013-04-20 15:00:00,Fulham,Arsenal,8,0,0.3281696461106327,5.0,4.0,1.75,1,0.2
513,2013/4/20/Norwich City/Reading,2013-04-20 15:00:00,Norwich City,Reading,8,3,0.43883214235269213,1.75,3.8,5.25,0,0.5714285714285714
515,2013/4/17/Manchester City/Wigan Athletic,2013-04-17 19:45:00,Manchester City,Wigan Athletic,8,3,0.8611123155732558,1.25,6.5,14.0,1,0.8
517,2013/4/15/Mallorca/Celta de Vigo,2013-04-15 20:00:00,Mallorca,Celta de Vigo,23,3,0.5753065310292681,2.05,3.4,3.5,1,0.48780487804878053
519,2013/4/13/Málaga/Osasuna,2013-04-13 21:00:00,Málaga,Osasuna,23,3,0.7138220402545937,2.0,3.4,3.75,1,0.5
521,2013/4/13/Real Valladolid/Getafe,2013-04-13 15:00:00,Real Valladolid,Getafe,23,3,0.5439433937694567,2.3,3.2,3.2,1,0.4347826086956522
523,2013/4/8/Sevilla/Athletic Club,2013-04-08 21:00:00,Sevilla,Athletic Club,23,3,0.6979023815994515,1.57,3.8,6.0,1,0.6369426751592356
525,2013/4/7/Chelsea/Sunderland,2013-04-07 15:00:00,Chelsea,Sunderland,8,3,0.8117041987666817,1.36,5.0,11.0,1,0.7352941176470588
527,2013/4/7/Newcastle United/Fulham,2013-04-07 15:00:00,Newcastle United,Fulham,8,3,0.6573168149321428,2.1,3.5,3.8,1,0.47619047619047616
529,2013/4/6/Real Madrid/Levante,2013-04-06 17:00:00,Real Madrid,Levante,23,3,0.868313264890643,1.14,8.0,15.0,1,0.8771929824561404
531,2013/4/6/Stoke City/Aston Villa,2013-04-06 15:00:00,Stoke City,Aston Villa,8,0,0.5718201555690655,2.1,3.4,4.0,0,0.47619047619047616
533,2013/4/1/Athletic Club/Granada CF,2013-04-01 19:00:00,Athletic Club,Granada CF,23,3,0.5869155592296669,1.73,3.6,4.75,1,0.5780346820809249
535,2013/3/31/Real Valladolid/Osasuna,2013-03-31 11:00:00,Real Valladolid,Osasuna,23,0,0.633059268379467,2.1,3.2,3.6,0,0.47619047619047616
537,2013/3/30/Levante/Sevilla,2013-03-30 21:00:00,Levante,Sevilla,23,3,0.5730196725166786,3.4,3.2,2.2,1,0.29411764705882354
539,2013/3/30/Swansea City/Tottenham Hotspur,2013-03-30 15:00:00,Swansea City,Tottenham Hotspur,8,0,0.3558212485975241,3.4,3.4,2.3,1,0.29411764705882354
541,2013/3/30/Sunderland/Manchester United,2013-03-30 12:45:00,Sunderland,Manchester United,8,0,0.139326823637771,6.0,4.0,1.65,1,0.16666666666666666
543,2013/3/17/Chelsea/West Ham United,2013-03-17 16:00:00,Chelsea,West Ham United,8,3,0.8033395653121582,1.4,5.0,9.0,1,0.7142857142857143
545,2013/3/17/Málaga/Espanyol,2013-03-17 11:00:00,Málaga,Espanyol,23,0,0.6670975958472333,1.91,3.3,4.2,0,0.5235602094240838
547,2013/3/16/Real Madrid/Mallorca,2013-03-16 19:00:00,Real Madrid,Mallorca,23,3,0.8972024405019831,1.13,9.0,17.0,1,0.8849557522123894
549,2013/3/16/Manchester United/Reading,2013-03-16 17:30:00,Manchester United,Reading,8,3,0.9038866676893886,1.17,9.0,19.0,1,0.8547008547008548
551,2013/3/16/Aston Villa/Queens Park Rangers,2013-03-16 15:00:00,Aston Villa,Queens Park Rangers,8,3,0.612371670995933,2.3,3.4,3.4,1,0.4347826086956522
553,2013/3/16/Southampton/Liverpool,2013-03-16 15:00:00,Southampton,Liverpool,8,3,0.48763911838201407,4.2,3.8,1.91,0,0.23809523809523808
555,2013/3/16/Real Sociedad/Real Valladolid,2013-03-16 15:00:00,Real Sociedad,Real Valladolid,23,3,0.791041943814495,1.62,3.8,5.5,1,0.6172839506172839
557,2013/3/10/Atlético de Madrid/Real Sociedad,2013-03-10 20:00:00,Atlético de Madrid,Real Sociedad,23,0,0.7570972586595448,1.5,4.33,6.0,0,0.6666666666666666
559,2013/3/10/Newcastle United/Stoke City,2013-03-10 15:00:00,Newcastle United,Stoke City,8,3,0.7854447634241817,1.83,3.7,4.8,1,0.5464480874316939
561,2013/3/9/Barcelona/Deportivo de La Coruña,2013-03-09 19:00:00,Barcelona,Deportivo de La Coruña,23,3,0.9684767129529838,1.11,9.0,19.0,1,0.9009009009009008
563,2013/3/4/Aston Villa/Manchester City,2013-03-04 20:00:00,Aston Villa,Manchester City,8,0,0.1827646130426621,7.5,4.5,1.44,1,0.13333333333333333
565,2013/3/3/Tottenham Hotspur/Arsenal,2013-03-03 16:00:00,Tottenham Hotspur,Arsenal,8,3,0.6212762189545336,2.3,3.6,3.25,1,0.4347826086956522
567,2013/3/3/Granada CF/Mallorca,2013-03-03 11:00:00,Granada CF,Mallorca,23,0,0.609899975085716,2.05,3.25,3.75,0,0.48780487804878053
569,2013/3/2/Osasuna/Athletic Club,2013-03-02 19:00:00,Osasuna,Athletic Club,23,0,0.47189720158498466,2.3,3.25,3.1,1,0.4347826086956522
571,2013/3/2/Wigan Athletic/Liverpool,2013-03-02 17:30:00,Wigan Athletic,Liverpool,8,0,0.40417055129291823,4.5,3.75,1.85,1,0.2222222222222222
573,2013/3/2/Chelsea/West Bromwich Albion,2013-03-02 15:00:00,Chelsea,West Bromwich Albion,8,3,0.8187510608585419,1.4,5.0,9.0,1,0.7142857142857143
575,2013/3/2/Southampton/Queens Park Rangers,2013-03-02 15:00:00,Southampton,Queens Park Rangers,8,0,0.757394300487286,1.85,3.8,4.5,0,0.5405405405405405
577,2013/3/2/Real Madrid/Barcelona,2013-03-02 15:00:00,Real Madrid,Barcelona,23,3,0.3325823047292993,2.88,3.6,2.3,0,0.3472222222222222
579,2013/2/25/Levante/Osasuna,2013-02-25 20:00:00,Levante,Osasuna,23,0,0.7151283856160472,1.91,3.4,4.0,0,0.5235602094240838
581,2013/2/24/Atlético de Madrid/Espanyol,2013-02-24 18:00:00,Atlético de Madrid,Espanyol,23,3,0.8516954701841375,1.36,4.75,8.0,1,0.7352941176470588
583,2013/2/24/Celta de Vigo/Granada CF,2013-02-24 16:00:00,Celta de Vigo,Granada CF,23,3,0.534317771976883,1.83,3.4,4.5,1,0.5464480874316939
585,2013/2/24/Rayo Vallecano/Real Valladolid,2013-02-24 11:00:00,Rayo Vallecano,Real Valladolid,23,0,0.6755137565449896,1.75,3.5,4.75,0,0.5714285714285714
587,2013/2/23/Barcelona/Sevilla,2013-02-23 21:00:00,Barcelona,Sevilla,23,3,0.9396465885181015,1.18,7.0,13.0,1,0.8474576271186441
589,2013/2/23/Reading/Wigan Athletic,2013-02-23 15:00:00,Reading,Wigan Athletic,8,0,0.726567247857118,2.63,3.4,2.88,0,0.3802281368821293
591,2013/2/23/West Bromwich Albion/Sunderland,2013-02-23 15:00:00,West Bromwich Albion,Sunderland,8,3,0.6052865996206642,2.05,3.5,4.0,1,0.48780487804878053
593,2013/2/23/Mallorca/Getafe,2013-02-23 15:00:00,Mallorca,Getafe,23,0,0.6310808000297956,2.2,3.2,3.4,0,0.45454545454545453
595,2013/2/17/Real Madrid/Rayo Vallecano,2013-02-17 20:00:00,Real Madrid,Rayo Vallecano,23,3,0.8675098525869743,1.18,7.5,12.0,1,0.8474576271186441
597,2013/2/17/Valencia/Mallorca,2013-02-17 16:00:00,Valencia,Mallorca,23,3,0.8367586384210876,1.4,4.75,7.5,1,0.7142857142857143
599,2013/2/16/Osasuna/Real Zaragoza,2013-02-16 21:00:00,Osasuna,Real Zaragoza,23,3,0.5522730691421031,1.91,3.3,4.2,1,0.5235602094240838
601,2013/2/15/Sevilla/Deportivo de La Coruña,2013-02-15 20:30:00,Sevilla,Deportivo de La Coruña,23,3,0.7436604670232622,1.36,4.75,8.0,1,0.7352941176470588
603,2013/2/10/Athletic Club/Espanyol,2013-02-10 18:00:00,Athletic Club,Espanyol,23,0,0.6772027639458561,1.73,3.6,4.75,0,0.5780346820809249
605,2013/2/10/Aston Villa/West Ham United,2013-02-10 13:30:00,Aston Villa,West Ham United,8,3,0.4652984345119365,2.63,3.4,2.88,0,0.3802281368821293
607,2013/2/9/Real Madrid/Sevilla,2013-02-09 21:00:00,Real Madrid,Sevilla,23,3,0.762972747507633,1.36,5.0,7.5,1,0.7352941176470588
609,2013/2/9/Levante/Málaga,2013-02-09 19:00:00,Levante,Málaga,23,0,0.6007628645155308,2.5,3.25,2.8,0,0.4
611,2013/2/9/Southampton/Manchester City,2013-02-09 17:30:00,Southampton,Manchester City,8,3,0.2102102487278311,5.75,4.0,1.67,0,0.17391304347826086
613,2013/2/9/Celta de Vigo/Valencia,2013-02-09 17:00:00,Celta de Vigo,Valencia,23,0,0.35157202958997025,2.63,3.3,2.63,1,0.3802281368821293
615,2013/2/9/Sunderland/Arsenal,2013-02-09 15:00:00,Sunderland,Arsenal,8,0,0.31802264585390394,4.5,3.6,1.91,1,0.2222222222222222
617,2013/2/9/Swansea City/Queens Park Rangers,2013-02-09 15:00:00,Swansea City,Queens Park Rangers,8,3,0.7940794620428165,1.83,3.75,4.75,1,0.5464480874316939
619,2013/2/3/Real Sociedad/Mallorca,2013-02-03 20:00:00,Real Sociedad,Mallorca,23,3,0.7801782873850546,1.7,3.75,4.75,1,0.5882352941176471
621,2013/2/3/West Bromwich Albion/Tottenham Hotspur,2013-02-03 13:30:00,West Bromwich Albion,Tottenham Hotspur,8,0,0.23222980742972654,3.6,3.4,2.2,1,0.2777777777777778
623,2013/2/2/Espanyol/Levante,2013-02-02 19:00:00,Espanyol,Levante,23,3,0.5137261038406192,2.1,3.2,3.6,1,0.47619047619047616
625,2013/2/2/Fulham/Manchester United,2013-02-02 17:30:00,Fulham,Manchester United,8,0,0.18587247531776438,5.5,4.2,1.65,1,0.18181818181818182
627,2013/2/2/Arsenal/Stoke City,2013-02-02 15:00:00,Arsenal,Stoke City,8,3,0.821986219714815,1.44,4.5,9.0,1,0.6944444444444444
629,2013/2/2/Reading/Sunderland,2013-02-02 15:00:00,Reading,Sunderland,8,3,0.7752588284156184,2.5,3.4,3.0,1,0.4
631,2013/2/2/West Ham United/Swansea City,2013-02-02 15:00:00,West Ham United,Swansea City,8,3,0.5769148315715574,2.4,3.4,3.2,1,0.4166666666666667
633,2013/1/30/Everton/West Bromwich Albion,2013-01-30 19:45:00,Everton,West Bromwich Albion,8,3,0.7819772754577637,1.6,4.1,6.5,1,0.625
635,2013/1/27/Mallorca/Málaga,2013-01-27 20:00:00,Mallorca,Málaga,23,0,0.38181054902695793,3.0,3.2,2.4,1,0.3333333333333333
637,2013/1/27/Barcelona/Osasuna,2013-01-27 18:00:00,Barcelona,Osasuna,23,3,0.973774590264933,1.07,11.0,29.0,1,0.9345794392523364
639,2013/1/26/Deportivo de La Coruña/Valencia,2013-01-26 21:00:00,Deportivo de La Coruña,Valencia,23,0,0.49716222974301993,2.88,3.2,2.5,1,0.3472222222222222
641,2013/1/20/Valencia/Real Madrid,2013-01-20 20:00:00,Valencia,Real Madrid,23,0,0.47574987119861895,4.5,3.75,1.75,1,0.2222222222222222
643,2013/1/20/Real Valladolid/Real Zaragoza,2013-01-20 16:00:00,Real Valladolid,Real Zaragoza,23,3,0.6551545586749156,2.0,3.4,3.75,1,0.5
645,2013/1/20/Chelsea/Arsenal,2013-01-20 13:30:00,Chelsea,Arsenal,8,3,0.690176474844423,1.91,3.6,4.0,1,0.5235602094240838
647,2013/1/13/Arsenal/Manchester City,2013-01-13 16:00:00,Arsenal,Manchester City,8,0,0.403552933945653,2.63,3.5,2.8,1,0.3802281368821293
649,2013/1/13/Manchester United/Liverpool,2013-01-13 13:30:00,Manchester United,Liverpool,8,3,0.8471176922445077,1.91,3.8,4.2,1,0.5235602094240838
651,2013/1/12/Valencia/Sevilla,2013-01-12 21:00:00,Valencia,Sevilla,23,3,0.6244616709473491,2.1,3.4,3.4,1,0.47619047619047616
653,2013/1/12/Stoke City/Chelsea,2013-01-12 15:00:00,Stoke City,Chelsea,8,0,0.3178164095235495,4.33,3.5,1.95,1,0.23094688221709006
655,2013/1/11/Athletic Club/Rayo Vallecano,2013-01-11 20:30:00,Athletic Club,Rayo Vallecano,23,0,0.6050816825029558,1.91,3.5,4.0,0,0.5235602094240838
657,2013/1/6/Real Madrid/Real Sociedad,2013-01-06 16:00:00,Real Madrid,Real Sociedad,23,3,0.8285571879885338,1.18,7.0,13.0,1,0.8474576271186441
659,2013/1/5/Deportivo de La Coruña/Málaga,2013-01-05 19:00:00,Deportivo de La Coruña,Málaga,23,3,0.5222108174477105,3.0,3.4,2.3,1,0.3333333333333333
661,2013/1/5/Granada CF/Valencia,2013-01-05 17:00:00,Granada CF,Valencia,23,0,0.5369572267759082,3.25,3.2,2.25,0,0.3076923076923077
663,2013/1/2/Liverpool/Sunderland,2013-01-02 19:45:00,Liverpool,Sunderland,8,3,0.8258169799508756,1.4,4.5,8.5,1,0.7142857142857143
665,2013/1/1/West Ham United/Norwich City,2013-01-01 15:00:00,West Ham United,Norwich City,8,3,0.632131939568167,2.1,3.4,3.5,1,0.47619047619047616
667,2013/1/1/Wigan Athletic/Manchester United,2013-01-01 15:00:00,Wigan Athletic,Manchester United,8,0,0.19088492565363094,6.0,4.2,1.53,1,0.16666666666666666
669,2012/12/29/Arsenal/Newcastle United,2012-12-29 17:30:00,Arsenal,Newcastle United,8,3,0.796708002853407,1.44,4.5,7.0,1,0.6944444444444444
671,2012/12/29/Norwich City/Manchester City,2012-12-29 15:00:00,Norwich City,Manchester City,8,0,0.22812387998918657,6.0,4.0,1.57,1,0.16666666666666666
673,2012/12/29/Sunderland/Tottenham Hotspur,2012-12-29 12:45:00,Sunderland,Tottenham Hotspur,8,0,0.3062169044037469,3.5,3.4,2.1,1,0.2857142857142857
675,2012/12/26/Aston Villa/Tottenham Hotspur,2012-12-26 17:30:00,Aston Villa,Tottenham Hotspur,8,0,0.28641786556100757,3.75,3.5,2.0,1,0.26666666666666666
677,2012/12/26/Everton/Wigan Athletic,2012-12-26 15:00:00,Everton,Wigan Athletic,8,3,0.784809465880229,1.44,4.5,7.0,1,0.6944444444444444
679,2012/12/26/Sunderland/Manchester City,2012-12-26 15:00:00,Sunderland,Manchester City,8,3,0.21672316960742397,6.5,4.0,1.53,0,0.15384615384615385
681,2012/12/23/Chelsea/Aston Villa,2012-12-23 16:00:00,Chelsea,Aston Villa,8,3,0.8566295917210547,1.33,5.5,8.5,1,0.7518796992481203
683,2012/12/22/Málaga/Real Madrid,2012-12-22 19:00:00,Málaga,Real Madrid,23,3,0.3778495148057,5.5,4.1,1.57,0,0.18181818181818182
685,2012/12/22/Manchester City/Reading,2012-12-22 15:00:00,Manchester City,Reading,8,3,0.8766713657048663,1.14,8.0,19.0,1,0.8771929824561404
687,2012/12/22/Wigan Athletic/Arsenal,2012-12-22 12:45:00,Wigan Athletic,Arsenal,8,0,0.3187852874586964,4.75,3.75,1.73,1,0.21052631578947367
689,2012/12/20/Rayo Vallecano/Levante,2012-12-20 19:00:00,Rayo Vallecano,Levante,23,3,0.6323930940410227,2.25,3.25,3.25,1,0.4444444444444444
691,2012/12/17/Celta de Vigo/Real Betis,2012-12-17 20:30:00,Celta de Vigo,Real Betis,23,0,0.6900986175071716,2.05,3.4,3.5,0,0.48780487804878053
693,2012/12/17/Reading/Arsenal,2012-12-17 20:00:00,Reading,Arsenal,8,0,0.4699231183146949,5.5,4.0,1.62,1,0.18181818181818182
695,2012/12/10/Rayo Vallecano/Real Zaragoza,2012-12-10 20:00:00,Rayo Vallecano,Real Zaragoza,23,0,0.6608544661413607,2.25,3.3,3.2,0,0.4444444444444444
697,2012/12/9/Atlético de Madrid/Deportivo de La Coruña,2012-12-09 18:00:00,Atlético de Madrid,Deportivo de La Coruña,23,3,0.8324267269859329,1.29,5.5,10.0,1,0.7751937984496123
699,2012/12/9/West Ham United/Liverpool,2012-12-09 16:00:00,West Ham United,Liverpool,8,0,0.4002511606818965,3.0,3.3,2.38,1,0.3333333333333333
701,2012/12/9/Manchester City/Manchester United,2012-12-09 13:30:00,Manchester City,Manchester United,8,0,0.5535798665502,2.2,3.5,3.2,0,0.45454545454545453
703,2012/12/8/Osasuna/Valencia,2012-12-08 21:00:00,Osasuna,Valencia,23,0,0.5601187118891611,2.63,3.3,2.63,0,0.3802281368821293
705,2012/12/8/Arsenal/West Bromwich Albion,2012-12-08 15:00:00,Arsenal,West Bromwich Albion,8,3,0.7906835282085387,1.5,4.33,6.5,1,0.6666666666666666
707,2012/12/8/Southampton/Reading,2012-12-08 15:00:00,Southampton,Reading,8,3,0.47375009931059636,1.91,3.6,4.0,0,0.5235602094240838
709,2012/12/1/Barcelona/Athletic Club,2012-12-01 19:00:00,Barcelona,Athletic Club,23,3,0.9670896685129465,1.09,10.0,21.0,1,0.9174311926605504
711,2012/12/1/Reading/Manchester United,2012-12-01 17:30:00,Reading,Manchester United,8,0,0.22317360390479193,7.5,4.75,1.4,1,0.13333333333333333
713,2012/12/1/Valencia/Real Sociedad,2012-12-01 17:00:00,Valencia,Real Sociedad,23,0,0.574274628961181,1.6,3.8,5.75,0,0.625
715,2012/12/1/Fulham/Tottenham Hotspur,2012-12-01 15:00:00,Fulham,Tottenham Hotspur,8,0,0.40936736874255586,2.88,3.3,2.5,1,0.3472222222222222
717,2012/12/1/West Bromwich Albion/Stoke City,2012-12-01 15:00:00,West Bromwich Albion,Stoke City,8,0,0.6191328597432311,2.1,3.25,3.75,0,0.47619047619047616
719,2012/11/28/Tottenham Hotspur/Liverpool,2012-11-28 19:45:00,Tottenham Hotspur,Liverpool,8,3,0.5515594403841826,2.4,3.4,2.88,1,0.4166666666666667
721,2012/11/27/Aston Villa/Reading,2012-11-27 20:00:00,Aston Villa,Reading,8,3,0.4085312446615222,1.95,3.4,4.0,0,0.5128205128205129
723,2012/11/25/Tottenham Hotspur/West Ham United,2012-11-25 16:00:00,Tottenham Hotspur,West Ham United,8,3,0.752146539351426,1.67,3.75,5.5,1,0.5988023952095809
725,2012/11/25/Southampton/Newcastle United,2012-11-25 15:00:00,Southampton,Newcastle United,8,3,0.5760064663138673,2.3,3.5,3.0,1,0.4347826086956522
727,2012/11/24/Málaga/Valencia,2012-11-24 19:00:00,Málaga,Valencia,23,3,0.5985441986450984,2.1,3.4,3.4,1,0.47619047619047616
729,2012/11/24/Manchester United/Queens Park Rangers,2012-11-24 15:00:00,Manchester United,Queens Park Rangers,8,3,0.9584264022643323,1.17,7.5,15.0,1,0.8547008547008548
731,2012/11/24/Stoke City/Fulham,2012-11-24 15:00:00,Stoke City,Fulham,8,3,0.55978237792366,2.2,3.3,3.4,1,0.45454545454545453
733,2012/11/24/Wigan Athletic/Reading,2012-11-24 15:00:00,Wigan Athletic,Reading,8,3,0.43512669768475015,1.83,3.6,4.33,0,0.5464480874316939
735,2012/11/19/Real Sociedad/Rayo Vallecano,2012-11-19 20:30:00,Real Sociedad,Rayo Vallecano,23,3,0.6958467128498775,1.75,3.5,4.75,1,0.5714285714285714
737,2012/11/18/Getafe/Real Valladolid,2012-11-18 16:50:00,Getafe,Real Valladolid,23,3,0.6134619016194786,2.0,3.3,3.8,1,0.5
739,2012/11/17/Real Madrid/Athletic Club,2012-11-17 21:00:00,Real Madrid,Athletic Club,23,3,0.9094532786695577,1.17,8.0,12.0,1,0.8547008547008548
741,2012/11/17/Barcelona/Real Zaragoza,2012-11-17 19:00:00,Barcelona,Real Zaragoza,23,3,0.9641946660409061,1.08,10.0,26.0,1,0.9259259259259258
743,2012/11/17/Valencia/Espanyol,2012-11-17 17:00:00,Valencia,Espanyol,23,3,0.7437079681404161,1.5,4.0,7.0,1,0.6666666666666666
745,2012/11/17/Newcastle United/Swansea City,2012-11-17 15:00:00,Newcastle United,Swansea City,8,0,0.6049639702074147,1.91,3.6,4.0,0,0.5235602094240838
747,2012/11/17/West Bromwich Albion/Chelsea,2012-11-17 15:00:00,West Bromwich Albion,Chelsea,8,3,0.4206641647599072,3.75,3.5,2.0,0,0.26666666666666666
749,2012/11/17/Arsenal/Tottenham Hotspur,2012-11-17 12:45:00,Arsenal,Tottenham Hotspur,8,3,0.6520560887738983,1.91,3.75,3.8,1,0.5235602094240838
751,2012/11/11/Mallorca/Barcelona,2012-11-11 16:50:00,Mallorca,Barcelona,23,0,0.06526484379505545,13.0,6.0,1.22,1,0.07692307692307693
753,2012/11/11/Athletic Club/Sevilla,2012-11-11 15:00:00,Athletic Club,Sevilla,23,3,0.4640463230590734,2.38,3.5,2.8,0,0.42016806722689076
755,2012/11/11/Manchester City/Tottenham Hotspur,2012-11-11 13:30:00,Manchester City,Tottenham Hotspur,8,3,0.809236617136477,1.57,4.0,6.0,1,0.6369426751592356
757,2012/11/10/Málaga/Real Sociedad,2012-11-10 21:00:00,Málaga,Real Sociedad,23,0,0.6942718918962706,1.53,4.0,6.0,0,0.6535947712418301
759,2012/11/10/Everton/Sunderland,2012-11-10 15:00:00,Everton,Sunderland,8,3,0.8482981592363839,1.44,4.2,8.0,1,0.6944444444444444
761,2012/11/10/Stoke City/Queens Park Rangers,2012-11-10 15:00:00,Stoke City,Queens Park Rangers,8,3,0.6935762482762923,1.91,3.4,4.2,1,0.5235602094240838
763,2012/11/10/Wigan Athletic/West Bromwich Albion,2012-11-10 15:00:00,Wigan Athletic,West Bromwich Albion,8,0,0.5484574445213651,2.3,3.4,3.1,0,0.4347826086956522
765,2012/11/4/Real Sociedad/Espanyol,2012-11-04 11:00:00,Real Sociedad,Espanyol,23,0,0.7274968210448659,1.83,3.5,4.33,0,0.5464480874316939
767,2012/11/3/Norwich City/Stoke City,2012-11-03 15:00:00,Norwich City,Stoke City,8,3,0.6508250455645186,2.6,3.3,2.75,1,0.3846153846153846
769,2012/11/3/Tottenham Hotspur/Wigan Athletic,2012-11-03 15:00:00,Tottenham Hotspur,Wigan Athletic,8,0,0.844527830957081,1.5,4.33,6.5,0,0.6666666666666666
771,2012/10/28/Chelsea/Manchester United,2012-10-28 16:00:00,Chelsea,Manchester United,8,0,0.3567399940726234,2.4,3.4,2.9,1,0.4166666666666667
773,2012/10/28/Real Zaragoza/Sevilla,2012-10-28 11:00:00,Real Zaragoza,Sevilla,23,3,0.46614592459663745,3.0,3.25,2.38,0,0.3333333333333333
775,2012/10/27/Real Betis/Valencia,2012-10-27 17:00:00,Real Betis,Valencia,23,3,0.414888573209771,2.9,3.3,2.4,0,0.3448275862068966
777,2012/10/21/Getafe/Levante,2012-10-21 11:00:00,Getafe,Levante,23,0,0.5836010025230357,1.83,3.5,4.2,0,0.5464480874316939
779,2012/10/20/Norwich City/Arsenal,2012-10-20 17:30:00,Norwich City,Arsenal,8,3,0.3973286472672055,6.0,4.2,1.53,0,0.16666666666666666
781,2012/10/20/Real Madrid/Celta de Vigo,2012-10-20 17:00:00,Real Madrid,Celta de Vigo,23,3,0.8719970373067989,1.1,9.0,23.0,1,0.9090909090909091
783,2012/10/20/Fulham/Aston Villa,2012-10-20 15:00:00,Fulham,Aston Villa,8,3,0.6510132501777355,1.8,3.6,4.5,1,0.5555555555555556
785,2012/10/20/Manchester United/Stoke City,2012-10-20 15:00:00,Manchester United,Stoke City,8,3,0.9423173206197586,1.29,5.5,11.0,1,0.7751937984496123
787,2012/10/20/West Bromwich Albion/Manchester City,2012-10-20 15:00:00,West Bromwich Albion,Manchester City,8,0,0.20157938439353676,5.0,3.75,1.7,1,0.2
789,2012/10/7/Athletic Club/Osasuna,2012-10-07 17:00:00,Athletic Club,Osasuna,23,3,0.6413253827366264,1.83,3.5,4.33,1,0.5464480874316939
791,2012/10/7/Tottenham Hotspur/Aston Villa,2012-10-07 15:00:00,Tottenham Hotspur,Aston Villa,8,3,0.8234764271039675,1.44,4.33,7.5,1,0.6944444444444444
793,2012/10/6/Real Zaragoza/Getafe,2012-10-06 17:00:00,Real Zaragoza,Getafe,23,0,0.6311145036246876,2.3,3.3,3.1,0,0.4347826086956522
795,2012/9/29/Norwich City/Liverpool,2012-09-29 15:00:00,Norwich City,Liverpool,8,0,0.49365129300553945,4.75,3.75,1.73,1,0.21052631578947367
797,2012/9/29/Sunderland/Wigan Athletic,2012-09-29 15:00:00,Sunderland,Wigan Athletic,8,3,0.6114363456595787,2.0,3.4,3.8,1,0.5
799,2012/9/23/Tottenham Hotspur/Queens Park Rangers,2012-09-23 16:00:00,Tottenham Hotspur,Queens Park Rangers,8,3,0.8996370746367544,1.44,4.33,7.5,1,0.6944444444444444
801,2012/9/23/Newcastle United/Norwich City,2012-09-23 15:00:00,Newcastle United,Norwich City,8,3,0.5906279073564795,1.8,3.6,4.5,1,0.5555555555555556
803,2012/9/15/Manchester United/Wigan Athletic,2012-09-15 15:00:00,Manchester United,Wigan Athletic,8,3,0.9285300092543642,1.25,6.0,12.0,1,0.8
805,2012/9/1/Manchester City/Queens Park Rangers,2012-09-01 17:30:00,Manchester City,Queens Park Rangers,8,3,0.9633754888890306,1.18,7.0,15.0,1,0.8474576271186441
807,2012/8/20/Everton/Manchester United,2012-08-20 20:00:00,Everton,Manchester United,8,3,0.2850550464073219,4.33,3.6,1.83,0,0.23094688221709006
809,2012/8/18/Newcastle United/Tottenham Hotspur,2012-08-18 17:30:00,Newcastle United,Tottenham Hotspur,8,3,0.31508563876582885,2.5,3.4,2.75,0,0.4
811,2012/8/18/Fulham/Norwich City,2012-08-18 15:00:00,Fulham,Norwich City,8,3,0.7683421131555829,1.8,3.6,4.5,1,0.5555555555555556
813,2012/8/18/Queens Park Rangers/Swansea City,2012-08-18 15:00:00,Queens Park Rangers,Swansea City,8,0,0.5216950559359187,2.0,3.4,3.8,0,0.5
815,2012/8/18/West Bromwich Albion/Liverpool,2012-08-18 15:00:00,West Bromwich Albion,Liverpool,8,3,0.4964775793098249,4.2,3.5,1.91,0,0.23809523809523808
817,2012/5/13/Manchester City/Queens Park Rangers,2012-05-13 15:00:00,Manchester City,Queens Park Rangers,8,3,0.9115977084154732,1.13,9.0,19.0,1,0.8849557522123894
819,2012/5/13/Norwich City/Aston Villa,2012-05-13 15:00:00,Norwich City,Aston Villa,8,3,0.5922101763661582,2.2,3.4,3.25,1,0.45454545454545453
821,2012/5/13/West Bromwich Albion/Arsenal,2012-05-13 15:00:00,West Bromwich Albion,Arsenal,8,0,0.44150025304269686,5.0,4.0,1.67,1,0.2
823,2012/5/13/Wigan Athletic/Wolverhampton Wanderers,2012-05-13 15:00:00,Wigan Athletic,Wolverhampton Wanderers,8,3,0.6528211335227441,1.57,4.0,6.0,1,0.6369426751592356
825,2012/5/6/Queens Park Rangers/Stoke City,2012-05-06 14:00:00,Queens Park Rangers,Stoke City,8,3,0.6455962435197242,1.83,3.75,4.2,1,0.5464480874316939
827,2012/5/1/Liverpool/Fulham,2012-05-01 19:45:00,Liverpool,Fulham,8,0,0.7122067981501772,1.62,4.0,5.5,0,0.6172839506172839
829,2012/4/29/Tottenham Hotspur/Blackburn Rovers,2012-04-29 16:00:00,Tottenham Hotspur,Blackburn Rovers,8,3,0.9115784392763646,1.36,5.0,8.0,1,0.7352941176470588
831,2012/4/22/Liverpool/West Bromwich Albion,2012-04-22 16:00:00,Liverpool,West Bromwich Albion,8,0,0.7732640941868651,1.44,4.33,7.5,0,0.6944444444444444
833,2012/4/21/Fulham/Wigan Athletic,2012-04-21 15:00:00,Fulham,Wigan Athletic,8,3,0.6524335909911066,1.91,3.6,4.0,1,0.5235602094240838
835,2012/4/21/Newcastle United/Stoke City,2012-04-21 15:00:00,Newcastle United,Stoke City,8,3,0.6998669303749101,1.67,3.75,5.5,1,0.5988023952095809
837,2012/4/16/Arsenal/Wigan Athletic,2012-04-16 20:00:00,Arsenal,Wigan Athletic,8,0,0.802612065636301,1.25,6.0,12.0,0,0.8
839,2012/4/15/Manchester United/Aston Villa,2012-04-15 16:00:00,Manchester United,Aston Villa,8,3,0.9725754775924025,1.22,6.5,13.0,1,0.819672131147541
841,2012/4/11/Manchester City/West Bromwich Albion,2012-04-11 19:45:00,Manchester City,West Bromwich Albion,8,3,0.907339053921837,1.25,5.5,13.0,1,0.8
843,2012/4/11/Wigan Athletic/Manchester United,2012-04-11 19:45:00,Wigan Athletic,Manchester United,8,3,0.10003669556178982,9.0,4.75,1.36,0,0.1111111111111111
845,2012/4/10/Blackburn Rovers/Liverpool,2012-04-10 20:00:00,Blackburn Rovers,Liverpool,8,0,0.34973574199123775,3.5,3.4,2.1,1,0.2857142857142857
847,2012/4/9/Everton/Sunderland,2012-04-09 15:00:00,Everton,Sunderland,8,3,0.7557526567961586,1.83,3.5,4.5,1,0.5464480874316939
849,2012/4/9/Newcastle United/Bolton Wanderers,2012-04-09 15:00:00,Newcastle United,Bolton Wanderers,8,3,0.7701541292767368,1.53,4.2,6.0,1,0.6535947712418301
851,2012/4/8/Arsenal/Manchester City,2012-04-08 16:00:00,Arsenal,Manchester City,8,3,0.3259160144426329,2.4,3.4,2.88,0,0.4166666666666667
853,2012/4/7/West Bromwich Albion/Blackburn Rovers,2012-04-07 15:00:00,West Bromwich Albion,Blackburn Rovers,8,3,0.7325232870204037,1.91,3.6,4.0,1,0.5235602094240838
855,2012/4/2/Blackburn Rovers/Manchester United,2012-04-02 20:00:00,Blackburn Rovers,Manchester United,8,0,0.08280883458278145,9.0,4.75,1.36,1,0.1111111111111111
857,2012/4/1/Tottenham Hotspur/Swansea City,2012-04-01 16:00:00,Tottenham Hotspur,Swansea City,8,3,0.8439830055655748,1.4,4.5,8.5,1,0.7142857142857143
859,2012/3/31/Everton/West Bromwich Albion,2012-03-31 15:00:00,Everton,West Bromwich Albion,8,3,0.6674767900580943,1.83,3.5,4.5,1,0.5464480874316939
861,2012/3/31/Wigan Athletic/Stoke City,2012-03-31 15:00:00,Wigan Athletic,Stoke City,8,3,0.6612049579092326,2.63,3.25,2.75,1,0.3802281368821293
863,2012/3/21/Everton/Arsenal,2012-03-21 20:00:00,Everton,Arsenal,8,0,0.49150281478522395,3.0,3.4,2.3,1,0.3333333333333333
865,2012/3/12/Arsenal/Newcastle United,2012-03-12 20:00:00,Arsenal,Newcastle United,8,3,0.7295203269994724,1.44,4.33,7.5,1,0.6944444444444444
867,2012/3/11/Swansea City/Manchester City,2012-03-11 14:00:00,Swansea City,Manchester City,8,3,0.185896135435575,6.0,3.75,1.62,0,0.16666666666666666
869,2012/3/10/Everton/Tottenham Hotspur,2012-03-10 17:30:00,Everton,Tottenham Hotspur,8,3,0.43913098721246613,2.88,3.25,2.5,0,0.3472222222222222
871,2012/3/10/Aston Villa/Fulham,2012-03-10 15:00:00,Aston Villa,Fulham,8,3,0.4762054488763147,2.5,3.25,2.88,0,0.4
873,2012/3/10/Chelsea/Stoke City,2012-03-10 15:00:00,Chelsea,Stoke City,8,3,0.8036198313986537,1.4,4.5,8.5,1,0.7142857142857143
875,2012/3/10/Sunderland/Liverpool,2012-03-10 15:00:00,Sunderland,Liverpool,8,3,0.4439140250210161,3.8,3.4,2.0,0,0.2631578947368421
877,2012/3/4/Fulham/Wolverhampton Wanderers,2012-03-04 14:05:00,Fulham,Wolverhampton Wanderers,8,3,0.8300254971045263,1.57,3.75,6.5,1,0.6369426751592356
879,2012/3/3/West Bromwich Albion/Chelsea,2012-03-03 15:00:00,West Bromwich Albion,Chelsea,8,3,0.4750484921594983,4.2,3.4,1.91,0,0.23809523809523808
881,2012/3/3/Wigan Athletic/Swansea City,2012-03-03 15:00:00,Wigan Athletic,Swansea City,8,0,0.569947418537676,2.5,3.25,2.88,0,0.4
883,2012/3/3/Liverpool/Arsenal,2012-03-03 12:45:00,Liverpool,Arsenal,8,0,0.583532715035926,2.0,3.5,3.75,0,0.5
885,2012/2/26/Stoke City/Swansea City,2012-02-26 15:00:00,Stoke City,Swansea City,8,3,0.6366599845058616,2.1,3.4,3.5,1,0.47619047619047616
887,2012/2/26/Arsenal/Tottenham Hotspur,2012-02-26 13:30:00,Arsenal,Tottenham Hotspur,8,3,0.48875305020078796,2.5,3.4,2.75,0,0.4
889,2012/2/11/Tottenham Hotspur/Newcastle United,2012-02-11 17:30:00,Tottenham Hotspur,Newcastle United,8,3,0.8492400730530307,1.44,4.33,7.5,1,0.6944444444444444
891,2012/2/11/Blackburn Rovers/Queens Park Rangers,2012-02-11 15:00:00,Blackburn Rovers,Queens Park Rangers,8,3,0.5269995608027275,2.38,3.3,3.0,1,0.42016806722689076
893,2012/2/11/Fulham/Stoke City,2012-02-11 15:00:00,Fulham,Stoke City,8,3,0.7254174151536601,1.91,3.5,4.0,1,0.5235602094240838
895,2012/2/11/Sunderland/Arsenal,2012-02-11 15:00:00,Sunderland,Arsenal,8,0,0.4319132158596366,3.5,3.4,2.1,1,0.2857142857142857
897,2012/2/11/Swansea City/Norwich City,2012-02-11 15:00:00,Swansea City,Norwich City,8,0,0.5824705991765114,1.83,3.5,4.5,0,0.5464480874316939
899,2012/2/4/Manchester City/Fulham,2012-02-04 17:30:00,Manchester City,Fulham,8,3,0.9072001752301851,1.3,5.5,10.0,1,0.7692307692307692
901,2012/2/1/Sunderland/Norwich City,2012-02-01 20:00:00,Sunderland,Norwich City,8,3,0.6387889176861459,1.91,3.5,4.2,1,0.5235602094240838
903,2012/1/31/Tottenham Hotspur/Wigan Athletic,2012-01-31 19:45:00,Tottenham Hotspur,Wigan Athletic,8,3,0.9191385682449665,1.22,6.0,15.0,1,0.819672131147541
905,2012/1/31/Wolverhampton Wanderers/Liverpool,2012-01-31 19:45:00,Wolverhampton Wanderers,Liverpool,8,0,0.22357421205009653,5.0,3.8,1.7,1,0.2
907,2012/1/21/Bolton Wanderers/Liverpool,2012-01-21 17:30:00,Bolton Wanderers,Liverpool,8,3,0.25724649339763545,6.0,3.75,1.62,0,0.16666666666666666
909,2012/1/21/Fulham/Newcastle United,2012-01-21 15:00:00,Fulham,Newcastle United,8,3,0.5155987986374884,2.0,3.4,3.8,1,0.5
911,2012/1/21/Sunderland/Swansea City,2012-01-21 15:00:00,Sunderland,Swansea City,8,3,0.6551401078417151,1.91,3.4,4.2,1,0.5235602094240838
913,2012/1/15/Swansea City/Arsenal,2012-01-15 16:00:00,Swansea City,Arsenal,8,3,0.390758931255204,4.75,3.5,1.8,0,0.21052631578947367
915,2012/1/14/Manchester United/Bolton Wanderers,2012-01-14 15:00:00,Manchester United,Bolton Wanderers,8,3,0.9642327291322673,1.14,8.0,17.0,1,0.8771929824561404
917,2012/1/11/Tottenham Hotspur/Everton,2012-01-11 19:45:00,Tottenham Hotspur,Everton,8,3,0.7433520756897802,1.53,3.8,7.0,1,0.6535947712418301
919,2012/1/4/Newcastle United/Manchester United,2012-01-04 20:00:00,Newcastle United,Manchester United,8,3,0.16298267151219945,5.0,3.6,1.73,0,0.2
921,2012/1/2/Aston Villa/Swansea City,2012-01-02 15:00:00,Aston Villa,Swansea City,8,0,0.5947857875483885,1.83,3.4,4.75,0,0.5464480874316939
923,2012/1/2/Queens Park Rangers/Norwich City,2012-01-02 15:00:00,Queens Park Rangers,Norwich City,8,0,0.587293745023852,2.1,3.4,3.5,0,0.47619047619047616
925,2012/1/2/Wolverhampton Wanderers/Chelsea,2012-01-02 15:00:00,Wolverhampton Wanderers,Chelsea,8,0,0.244382194287006,6.0,4.0,1.57,1,0.16666666666666666
927,2012/1/1/Sunderland/Manchester City,2012-01-01 15:00:00,Sunderland,Manchester City,8,3,0.23458814828062605,6.5,4.0,1.53,0,0.15384615384615385
929,2011/12/21/Fulham/Manchester United,2011-12-21 20:00:00,Fulham,Manchester United,8,0,0.19227117405792918,5.0,3.6,1.73,1,0.2
931,2011/12/21/Aston Villa/Arsenal,2011-12-21 19:45:00,Aston Villa,Arsenal,8,0,0.32574850049270604,5.0,3.6,1.73,1,0.2
933,2011/12/18/Manchester City/Arsenal,2011-12-18 16:10:00,Manchester City,Arsenal,8,3,0.717472761257662,1.73,3.75,4.5,1,0.5780346820809249
935,2011/12/17/Blackburn Rovers/West Bromwich Albion,2011-12-17 15:00:00,Blackburn Rovers,West Bromwich Albion,8,0,0.4452581807343072,2.38,3.3,3.0,1,0.42016806722689076
937,2011/12/10/Arsenal/Everton,2011-12-10 15:00:00,Arsenal,Everton,8,3,0.6860457045816044,1.53,4.0,6.5,1,0.6535947712418301
939,2011/12/10/Bolton Wanderers/Aston Villa,2011-12-10 15:00:00,Bolton Wanderers,Aston Villa,8,0,0.5409057280539564,2.5,3.3,2.88,0,0.4
941,2011/12/10/Liverpool/Queens Park Rangers,2011-12-10 15:00:00,Liverpool,Queens Park Rangers,8,3,0.8121016979548423,1.33,5.0,10.0,1,0.7518796992481203
943,2011/12/10/Norwich City/Newcastle United,2011-12-10 15:00:00,Norwich City,Newcastle United,8,3,0.536321690273621,2.4,3.4,2.88,1,0.4166666666666667
945,2011/12/10/Swansea City/Fulham,2011-12-10 15:00:00,Swansea City,Fulham,8,3,0.6224728652274512,2.63,3.25,2.75,1,0.3802281368821293
947,2011/12/4/Everton/Stoke City,2011-12-04 15:00:00,Everton,Stoke City,8,0,0.8133666483118858,1.67,3.6,5.5,0,0.5988023952095809
949,2011/12/3/Manchester City/Norwich City,2011-12-03 15:00:00,Manchester City,Norwich City,8,3,0.8650471095296656,1.17,7.0,17.0,1,0.8547008547008548
951,2011/12/3/Newcastle United/Chelsea,2011-12-03 12:45:00,Newcastle United,Chelsea,8,0,0.41921998785934433,3.5,3.4,2.1,1,0.2857142857142857
953,2011/11/26/Bolton Wanderers/Everton,2011-11-26 15:00:00,Bolton Wanderers,Everton,8,0,0.430383081963148,3.1,3.25,2.38,1,0.3225806451612903
955,2011/11/26/Chelsea/Wolverhampton Wanderers,2011-11-26 15:00:00,Chelsea,Wolverhampton Wanderers,8,3,0.8326120036657676,1.22,6.0,15.0,1,0.819672131147541
957,2011/11/26/Norwich City/Queens Park Rangers,2011-11-26 15:00:00,Norwich City,Queens Park Rangers,8,3,0.6336267832177485,2.1,3.4,3.5,1,0.47619047619047616
959,2011/11/26/West Bromwich Albion/Tottenham Hotspur,2011-11-26 15:00:00,West Bromwich Albion,Tottenham Hotspur,8,0,0.48748867263764223,4.0,3.6,1.91,1,0.25
961,2011/11/20/Chelsea/Liverpool,2011-11-20 16:00:00,Chelsea,Liverpool,8,0,0.6285601360664737,1.83,3.5,4.5,0,0.5464480874316939
963,2011/11/19/Swansea City/Manchester United,2011-11-19 17:30:00,Swansea City,Manchester United,8,0,0.2006782891763952,6.5,4.2,1.5,1,0.15384615384615385
965,2011/11/19/Everton/Wolverhampton Wanderers,2011-11-19 15:00:00,Everton,Wolverhampton Wanderers,8,3,0.7820553451277263,1.57,3.75,6.5,1,0.6369426751592356
967,2011/11/19/Manchester City/Newcastle United,2011-11-19 15:00:00,Manchester City,Newcastle United,8,3,0.8733442994951278,1.3,5.5,10.0,1,0.7692307692307692
969,2011/11/19/Stoke City/Queens Park Rangers,2011-11-19 15:00:00,Stoke City,Queens Park Rangers,8,0,0.6028203268059359,1.83,3.5,4.5,0,0.5464480874316939
971,2011/11/6/Bolton Wanderers/Stoke City,2011-11-06 15:00:00,Bolton Wanderers,Stoke City,8,3,0.5253988880884047,2.4,3.3,3.0,1,0.4166666666666667
973,2011/11/5/Queens Park Rangers/Manchester City,2011-11-05 17:30:00,Queens Park Rangers,Manchester City,8,0,0.18478331438590653,10.0,5.0,1.33,1,0.1
975,2011/11/5/Arsenal/West Bromwich Albion,2011-11-05 15:00:00,Arsenal,West Bromwich Albion,8,3,0.7594981068779942,1.4,4.5,8.5,1,0.7142857142857143
977,2011/11/5/Blackburn Rovers/Chelsea,2011-11-05 15:00:00,Blackburn Rovers,Chelsea,8,0,0.2872129633412952,7.5,4.33,1.44,1,0.13333333333333333
979,2011/10/31/Stoke City/Newcastle United,2011-10-31 20:00:00,Stoke City,Newcastle United,8,0,0.493841473124544,2.1,3.2,3.8,1,0.47619047619047616
981,2011/10/30/Tottenham Hotspur/Queens Park Rangers,2011-10-30 16:00:00,Tottenham Hotspur,Queens Park Rangers,8,3,0.8458222505366275,1.36,4.75,9.0,1,0.7352941176470588
983,2011/10/29/West Bromwich Albion/Liverpool,2011-10-29 17:30:00,West Bromwich Albion,Liverpool,8,0,0.48203579669713786,4.0,3.3,2.0,1,0.25
985,2011/10/29/Swansea City/Bolton Wanderers,2011-10-29 15:00:00,Swansea City,Bolton Wanderers,8,3,0.6974134595326659,2.1,3.3,3.6,1,0.47619047619047616
987,2011/10/29/Chelsea/Arsenal,2011-10-29 12:45:00,Chelsea,Arsenal,8,0,0.6284555920091554,1.62,4.0,5.5,0,0.6172839506172839
989,2011/10/29/Everton/Manchester United,2011-10-29 12:00:00,Everton,Manchester United,8,0,0.32685474980312446,4.5,3.6,1.8,1,0.2222222222222222
991,2011/10/23/Queens Park Rangers/Chelsea,2011-10-23 16:00:00,Queens Park Rangers,Chelsea,8,3,0.3779830863758599,9.5,5.0,1.33,0,0.10526315789473684
993,2011/10/23/Arsenal/Stoke City,2011-10-23 13:30:00,Arsenal,Stoke City,8,3,0.8109969005322855,1.53,4.0,6.5,1,0.6535947712418301
995,2011/10/22/Bolton Wanderers/Sunderland,2011-10-22 15:00:00,Bolton Wanderers,Sunderland,8,0,0.514815591125414,2.2,3.2,3.5,0,0.45454545454545453
997,2011/10/16/Arsenal/Sunderland,2011-10-16 13:30:00,Arsenal,Sunderland,8,3,0.773890149927042,1.44,4.33,7.5,1,0.6944444444444444
999,2011/10/16/West Bromwich Albion/Wolverhampton Wanderers,2011-10-16 12:00:00,West Bromwich Albion,Wolverhampton Wanderers,8,3,0.7115323875151853,2.0,3.3,4.0,1,0.5
1001,2011/10/15/Manchester City/Aston Villa,2011-10-15 15:00:00,Manchester City,Aston Villa,8,3,0.9270375972943308,1.33,5.0,10.0,1,0.7518796992481203
1003,2011/10/1/Aston Villa/Wigan Athletic,2011-10-01 15:00:00,Aston Villa,Wigan Athletic,8,3,0.6354128068097161,1.62,3.75,6.0,1,0.6172839506172839
1005,2011/10/1/Wolverhampton Wanderers/Newcastle United,2011-10-01 15:00:00,Wolverhampton Wanderers,Newcastle United,8,0,0.44316518065813343,2.5,3.25,2.88,1,0.4
