fixture_id,time.starting_at.date,Team.data.name,op_Team.data.name,google_expected_winner,winner,google_predicted,google_op_predicted,google_tie_predicted,gs_local_prob,gs_tie_prob,gs_visitor_prob,gs_expected_winner
97003,2016-09-23,Borussia Dortmund,Freiburg,Borussia Dortmund,Borussia Dortmund,0.7049267348937969,0.04239946831475926,0.25267379679144386,0.6866885965753816,0.17119391927843502,0.14205542280922875,Borussia Dortmund
97013,2016-09-24,Borussia M'gladbach,Ingolstadt,Borussia M'gladbach,Borussia M'gladbach,0.5018378111654754,0.24548839204308073,0.25267379679144386,0.6196597601719568,0.20671190054159655,0.17361794540185235,Borussia M'gladbach
97022,2016-09-24,Mainz 05,Bayer Leverkusen,Bayer Leverkusen,Bayer Leverkusen,0.21791914118459718,0.529407062023959,0.25267379679144386,0.38359232048173386,0.24044139298072376,0.3759649657883015,Mainz 05
97031,2016-09-24,Hamburger SV,Bayern München,Bayern München,Bayern München,0.03457926329733693,0.7127469399112192,0.25267379679144386,0.22536632720206376,0.2130492803047845,0.5615745684039256,Bayern München
97040,2016-09-24,Augsburg,Darmstadt 98,Augsburg,Augsburg,0.5997111367754238,0.14761506643313232,0.25267379679144386,0.49009309779241333,0.25488021623813406,0.2550259397146535,Augsburg
97050,2016-09-24,Eintracht Frankfurt,Hertha BSC,Eintracht Frankfurt,tie,0.5172245993331381,0.23010160387541803,0.25267379679144386,0.45158693635253666,0.27373246103753224,0.27468037860524025,Eintracht Frankfurt
97059,2016-09-24,Werder Bremen,Wolfsburg,Wolfsburg,Werder Bremen,0.18178553579169784,0.5655406674168583,0.25267379679144386,0.5674909247801255,0.2147214655793588,0.21777906737025124,Werder Bremen
97068,2016-09-25,Hoffenheim,Schalke 04,Hoffenheim,Hoffenheim,0.572985797763931,0.17434040544462512,0.25267379679144386,0.4507615561841914,0.24372169283869985,0.30551548551652746,Hoffenheim
97095,2016-10-01,Bayern München,Köln,Bayern München,tie,0.7213348771675215,0.02599132604103457,0.25267379679144386,0.6405087238313405,0.18815547376877484,0.17130392465868383,Bayern München
97104,2016-10-01,Hertha BSC,Hamburger SV,Hamburger SV,Hertha BSC,0.4783199427804902,0.26900626042806597,0.25267379679144386,0.43891993780993294,0.26947547132895844,0.29160432983430495,Hertha BSC
97113,2016-10-01,Ingolstadt,Hoffenheim,Hoffenheim,Hoffenheim,0.41144124145699407,0.33588496175156196,0.25267379679144386,0.37937553911831245,0.27255934599335974,0.34806495228358875,Ingolstadt
97122,2016-10-01,Darmstadt 98,Werder Bremen,Werder Bremen,tie,0.30352740938693984,0.44379879382161624,0.25267379679144386,0.34427375755283335,0.256268830461249,0.399456941900264,Werder Bremen
97132,2016-10-01,Freiburg,Eintracht Frankfurt,Eintracht Frankfurt,Freiburg,0.40830301345431064,0.3390231897542456,0.25267379679144386,0.44989932122661086,0.2614525005225229,0.2886477436435506,Freiburg
97141,2016-10-01,Bayer Leverkusen,Borussia Dortmund,Borussia Dortmund,Bayer Leverkusen,0.2426640864711508,0.5046621167374054,0.25267379679144386,0.42336655830728254,0.20867056343925752,0.36794821301602965,Bayer Leverkusen
97150,2016-10-02,Wolfsburg,Mainz 05,Wolfsburg,tie,0.5497514514156572,0.1975747517928989,0.25267379679144386,0.38150783078848316,0.25067075625298496,0.3678207585470716,Wolfsburg
97159,2016-10-02,Schalke 04,Borussia M'gladbach,Borussia M'gladbach,Schalke 04,0.3333011476380749,0.41402505557048136,0.25267379679144386,0.3886768224876385,0.23069370517521695,0.38062681124077224,Schalke 04
97168,2016-10-14,Borussia Dortmund,Hertha BSC,Borussia Dortmund,tie,0.6999464267780681,0.04737977643048807,0.25267379679144386,0.657903511265489,0.1816053529763675,0.1604489144461201,Borussia Dortmund
97177,2016-10-15,Borussia M'gladbach,Hamburger SV,Borussia M'gladbach,tie,0.6068701477021085,0.14045605550644763,0.25267379679144386,0.6067418661951229,0.21094033171812912,0.18230911143853284,Borussia M'gladbach
97186,2016-10-15,Köln,Ingolstadt,Ingolstadt,Köln,0.3809865720324743,0.36633963117608187,0.25267379679144386,0.5176512894249631,0.24991049854183173,0.23243716697315575,Köln
97195,2016-10-15,Augsburg,Schalke 04,Schalke 04,tie,0.3590504746306767,0.38827572857787956,0.25267379679144386,0.3410212890930439,0.2568409812217962,0.40213727238156355,Schalke 04
97205,2016-10-15,Hoffenheim,Freiburg,Hoffenheim,Hoffenheim,0.5916168241061055,0.15570937910245053,0.25267379679144386,0.480325693090052,0.257118113151785,0.2625555571343088,Hoffenheim
97214,2016-10-15,Eintracht Frankfurt,Bayern München,Bayern München,tie,0.08714176832638482,0.6601844348821714,0.25267379679144386,0.2910098698980326,0.22959570861684012,0.4793909760980115,Bayern München
97223,2016-10-15,Werder Bremen,Bayer Leverkusen,Bayer Leverkusen,Werder Bremen,0.30952736960001687,0.4377988336085392,0.25267379679144386,0.44040299168375646,0.22495198450046097,0.3346406598784645,Werder Bremen
97232,2016-10-16,Mainz 05,Darmstadt 98,Mainz 05,Mainz 05,0.6013815304937523,0.14594467271480388,0.25267379679144386,0.5026808466418718,0.2547972493779321,0.24252112923676467,Mainz 05
97250,2016-10-21,Hamburger SV,Eintracht Frankfurt,Eintracht Frankfurt,Eintracht Frankfurt,0.3471031636074382,0.4002230396011179,0.25267379679144386,0.3941549311734585,0.2831530554386346,0.32269191963680083,Hamburger SV
97259,2016-10-22,Bayer Leverkusen,Hoffenheim,Hoffenheim,Hoffenheim,0.3651582518681875,0.38216795134036863,0.25267379679144386,0.5501751804150574,0.22272972180604772,0.22708976617693763,Bayer Leverkusen
97268,2016-10-22,Hertha BSC,Köln,Köln,Hertha BSC,0.3350032207127655,0.41232298249579064,0.25267379679144386,0.456645161333906,0.2640838142096632,0.2792706362548031,Hertha BSC
97277,2016-10-22,Ingolstadt,Borussia Dortmund,Borussia Dortmund,tie,0.25357667336284934,0.4937495298457067,0.25267379679144386,0.27685557686333456,0.23028325714493061,0.49285780035012783,Borussia Dortmund
97288,2016-10-22,Darmstadt 98,Wolfsburg,Wolfsburg,Darmstadt 98,0.35128385477486307,0.3960423484336931,0.25267379679144386,0.4007592764628573,0.28442201506772635,0.3148186174879178,Darmstadt 98
97296,2016-10-22,Freiburg,Augsburg,Augsburg,Freiburg,0.47532808970350904,0.27199811350504705,0.25267379679144386,0.47615965880288286,0.268557446626483,0.25528255932344424,Freiburg
97304,2016-10-22,Bayern München,Borussia M'gladbach,Bayern München,Bayern München,0.6311161206631832,0.11621008254537285,0.25267379679144386,0.5818129449689596,0.19289887572649386,0.22524992176520658,Bayern München
97322,2016-10-23,Schalke 04,Mainz 05,Schalke 04,Schalke 04,0.621367419365388,0.12595878384316805,0.25267379679144386,0.5211137135157853,0.23431377977179965,0.24456985696043487,Schalke 04
97332,2016-10-28,Borussia M'gladbach,Eintracht Frankfurt,Borussia M'gladbach,tie,0.5272478796311747,0.22007832357738147,0.25267379679144386,0.5340774300355329,0.23279706102607509,0.23312261812318807,Borussia M'gladbach
97341,2016-10-29,Mainz 05,Ingolstadt,Ingolstadt,Mainz 05,0.3710506062766373,0.3762755969319189,0.25267379679144386,0.51818767078162,0.24112500791801322,0.24068557535481488,Mainz 05
97351,2016-10-29,Wolfsburg,Bayer Leverkusen,Wolfsburg,Bayer Leverkusen,0.5067628063645371,0.24056339684401887,0.25267379679144386,0.3618121661099771,0.24755392233820686,0.39063309666539825,Bayer Leverkusen
97360,2016-10-29,Augsburg,Bayern München,Bayern München,Bayern München,0.0839590089943415,0.6633671942142146,0.25267379679144386,0.27673368237650053,0.23165990064081912,0.4916033467794466,Bayern München
97370,2016-10-29,Werder Bremen,Freiburg,Freiburg,Freiburg,0.49591986378475367,0.2514063394238025,0.25267379679144386,0.5091484444189762,0.23784466575907223,0.2530047713165518,Werder Bremen
97387,2016-10-29,Borussia Dortmund,Schalke 04,Borussia Dortmund,tie,0.6152704509437342,0.1320557522648219,0.25267379679144386,0.5097830263572314,0.21272105974607247,0.2774845784716788,Borussia Dortmund
97396,2016-10-30,Hoffenheim,Hertha BSC,Hoffenheim,Hoffenheim,0.6244908076229898,0.1228353955855663,0.25267379679144386,0.4764816608819653,0.2547023600883837,0.26881525891918634,Hoffenheim
97405,2016-10-30,Köln,Hamburger SV,Köln,Köln,0.5737355856547632,0.17359061755379293,0.25267379679144386,0.5095815658574137,0.2589665413325748,0.23145126797412657,Köln
97413,2016-11-04,Hertha BSC,Borussia M'gladbach,Borussia M'gladbach,Hertha BSC,0.2525756029715921,0.494750600236964,0.25267379679144386,0.40345479369640436,0.25518972181894556,0.34135497463731124,Hertha BSC
97421,2016-11-05,Bayern München,Hoffenheim,Bayern München,tie,0.7051065593299048,0.042219643878651326,0.25267379679144386,0.6046710092058656,0.2006655361755406,0.19464537991927175,Bayern München
97431,2016-11-05,Bayer Leverkusen,Darmstadt 98,Bayer Leverkusen,Bayer Leverkusen,0.6456706600658727,0.10165554314268346,0.25267379679144386,0.5828973407742719,0.21939053177195902,0.19770632058209067,Bayer Leverkusen
97443,2016-11-05,Hamburger SV,Borussia Dortmund,Borussia Dortmund,Borussia Dortmund,0.1503710848095418,0.5969551183990144,0.25267379679144386,0.2523326333542028,0.22806175910937942,0.5196016608729893,Borussia Dortmund
97452,2016-11-05,Ingolstadt,Augsburg,Ingolstadt,Augsburg,0.5568754094901799,0.19045079371837628,0.25267379679144386,0.4468647498213199,0.26535156833191065,0.287783338529181,Ingolstadt
97461,2016-11-05,Freiburg,Wolfsburg,Wolfsburg,Wolfsburg,0.4513417473523927,0.29598445585616334,0.25267379679144386,0.5128051623055719,0.2518395889808614,0.2353543171253485,Freiburg
97471,2016-11-05,Eintracht Frankfurt,Köln,Köln,Eintracht Frankfurt,0.46171910437639363,0.2856070988321626,0.25267379679144386,0.4342703099173148,0.26472462504358907,0.3010047335035555,Eintracht Frankfurt
97490,2016-11-06,Schalke 04,Werder Bremen,Schalke 04,Schalke 04,0.5703716481777813,0.17695455503077484,0.25267379679144386,0.5591182975200745,0.21388269316984163,0.22698964119288823,Schalke 04
97499,2016-11-18,Bayer Leverkusen,RB Leipzig,RB Leipzig,RB Leipzig,0.36664408616145144,0.38068211704710475,0.25267379679144386,0.4946193452022124,0.230432691365601,0.27494462291953775,Bayer Leverkusen
97509,2016-11-19,Borussia M'gladbach,Köln,Köln,Köln,0.36431518266991253,0.38301102053864367,0.25267379679144386,0.4657322202493901,0.2487895439415895,0.28547725655233336,Borussia M'gladbach
97518,2016-11-19,Mainz 05,Freiburg,Freiburg,Mainz 05,0.40304929185631544,0.34427691135224076,0.25267379679144386,0.49659840293024576,0.24552340198350145,0.2578768893173921,Mainz 05
97528,2016-11-19,Wolfsburg,Schalke 04,Schalke 04,Schalke 04,0.347251138879518,0.4000750643290382,0.25267379679144386,0.3482015635473783,0.26474318270323277,0.38705498685838935,Schalke 04
97537,2016-11-19,Augsburg,Hertha BSC,Hertha BSC,tie,0.40158036769730354,0.3457458355112525,0.25267379679144386,0.3804546901732481,0.27061724722218705,0.34892787931762603,Augsburg
97547,2016-11-19,Darmstadt 98,Ingolstadt,Ingolstadt,Ingolstadt,0.43629829875888904,0.31102790444966705,0.25267379679144386,0.45403212718718045,0.2681489933714734,0.2778185731908639,Darmstadt 98
97556,2016-11-19,Borussia Dortmund,Bayern München,Bayern München,Borussia Dortmund,0.16090896351447784,0.5864172396940784,0.25267379679144386,0.5097187806825293,0.2006413317092904,0.28961192814499315,Borussia Dortmund
97566,2016-11-20,Hoffenheim,Hamburger SV,Hoffenheim,tie,0.6733542522799243,0.07397195092863178,0.25267379679144386,0.6196120062398521,0.2173132512644174,0.16306957065428213,Hoffenheim
97575,2016-11-20,Werder Bremen,Eintracht Frankfurt,Eintracht Frankfurt,Eintracht Frankfurt,0.27351756322480253,0.47380863998375355,0.25267379679144386,0.4565297397085505,0.2458873112278926,0.29758181991947397,Werder Bremen
97585,2016-11-25,Freiburg,RB Leipzig,RB Leipzig,RB Leipzig,0.3287359448360582,0.4185902583724979,0.25267379679144386,0.37478809643350125,0.24363683568025626,0.38157401154770665,RB Leipzig
97594,2016-11-26,Borussia M'gladbach,Hoffenheim,Borussia M'gladbach,tie,0.5024154622377964,0.24491074097075974,0.25267379679144386,0.4523812136082059,0.2408326304132259,0.30678462513501753,Borussia M'gladbach
97604,2016-11-26,Köln,Augsburg,Köln,tie,0.6390061803722751,0.10832002283628107,0.25267379679144386,0.4629214811200157,0.2684410569615793,0.2686371457062942,Köln
97613,2016-11-26,Hamburger SV,Werder Bremen,Werder Bremen,tie,0.4014017017853832,0.3459245014231729,0.25267379679144386,0.3177196433669139,0.24735084575988692,0.43492856574512395,Werder Bremen
97623,2016-11-26,Ingolstadt,Wolfsburg,Wolfsburg,tie,0.32316320069154486,0.4241630025170113,0.25267379679144386,0.41779357226590913,0.29314037228942397,0.2890659897953216,Ingolstadt
97632,2016-11-26,Eintracht Frankfurt,Borussia Dortmund,Borussia Dortmund,Eintracht Frankfurt,0.4447591172474408,0.3025670859611153,0.25267379679144386,0.34444649721809567,0.23701906411332457,0.41853266727049215,Borussia Dortmund
97641,2016-11-26,Bayern München,Bayer Leverkusen,Bayern München,Bayern München,0.7141645129678271,0.033161690240728986,0.25267379679144386,0.5331239991521098,0.20756981682615644,0.25929029388970504,Bayern München
97650,2016-11-27,Schalke 04,Darmstadt 98,Schalke 04,Schalke 04,0.6890095177925282,0.05831668541602799,0.25267379679144386,0.5901311848892775,0.22051787092717687,0.18934575900432085,Schalke 04
97660,2016-11-27,Hertha BSC,Mainz 05,Hertha BSC,Hertha BSC,0.583353491054593,0.16397271215396325,0.25267379679144386,0.47634416411791697,0.24619168324843474,0.27746296381039626,Hertha BSC
97669,2016-12-02,Mainz 05,Bayern München,Bayern München,Bayern München,0.0804029839678487,0.6669232192407074,0.25267379679144386,0.3710973602193837,0.23755730709625078,0.39134370692290926,Bayern München
97679,2016-12-03,Borussia Dortmund,Borussia M'gladbach,Borussia Dortmund,Borussia Dortmund,0.525677373630552,0.2216488295780041,0.25267379679144386,0.623880129748541,0.18943820448564172,0.18664685083503016,Borussia Dortmund
97689,2016-12-03,Bayer Leverkusen,Freiburg,Freiburg,tie,0.4808398458172423,0.2664863573913138,0.25267379679144386,0.6113683685551196,0.19832697325236465,0.19028443039403478,Bayer Leverkusen
97699,2016-12-03,Wolfsburg,Hertha BSC,Hertha BSC,Hertha BSC,0.26432693416983855,0.48299926903871754,0.25267379679144386,0.38433634449826104,0.27998194169262497,0.33568160692130505,Wolfsburg
97708,2016-12-03,Werder Bremen,Ingolstadt,Werder Bremen,Werder Bremen,0.5296493857821281,0.21767681742642805,0.25267379679144386,0.5382206815212232,0.23764285671219987,0.22413432267517797,Werder Bremen
97718,2016-12-03,Hoffenheim,Köln,Köln,Hoffenheim,0.3630643146167437,0.3842618885918125,0.25267379679144386,0.42549617320857896,0.26107993128341905,0.3134235047033242,Hoffenheim
97727,2016-12-03,RB Leipzig,Schalke 04,Schalke 04,RB Leipzig,0.44509850752787083,0.3022276956806853,0.25267379679144386,0.4342077253445184,0.23113717328330816,0.3346523270015152,RB Leipzig
97736,2016-12-04,Darmstadt 98,Hamburger SV,Hamburger SV,Hamburger SV,0.36879797527182495,0.3785282279367312,0.25267379679144386,0.4669322574824485,0.26980141651187445,0.2632660257700945,Darmstadt 98
97746,2016-12-04,Augsburg,Eintracht Frankfurt,Eintracht Frankfurt,tie,0.3017236985894587,0.4456025046190974,0.25267379679144386,0.4001177160876212,0.2780434860084043,0.3218386692833457,Augsburg
97756,2016-12-09,Eintracht Frankfurt,Hoffenheim,Hoffenheim,tie,0.46409400702697146,0.28323219618158463,0.25267379679144386,0.4246217824481855,0.2571504625938704,0.31822726264870366,Eintracht Frankfurt
97765,2016-12-10,Bayern München,Wolfsburg,Bayern München,Bayern München,0.7048542697264581,0.04247193348209795,0.25267379679144386,0.6196406591608818,0.20509921878398188,0.17524850834652578,Bayern München
97774,2016-12-10,Köln,Borussia Dortmund,Borussia Dortmund,tie,0.23098552922641893,0.5163406739821372,0.25267379679144386,0.3181279390445716,0.2305063767954663,0.4513626515672095,Borussia Dortmund
97783,2016-12-10,Hamburger SV,Augsburg,Augsburg,Hamburger SV,0.3980601322472943,0.3492660709612618,0.25267379679144386,0.4205743062988658,0.2892139051273862,0.2902117069819094,Hamburger SV
97793,2016-12-10,Ingolstadt,RB Leipzig,RB Leipzig,Ingolstadt,0.227503115637145,0.5198230875714112,0.25267379679144386,0.3476403403952587,0.2628302542917988,0.38952910283941844,RB Leipzig
97803,2016-12-10,Freiburg,Darmstadt 98,Freiburg,Freiburg,0.5850778141047697,0.1622483891037864,0.25267379679144386,0.4749809574440526,0.2533099007546728,0.2717083657599708,Freiburg
97812,2016-12-10,Hertha BSC,Werder Bremen,Hertha BSC,Werder Bremen,0.6752364105489832,0.07208979265957292,0.25267379679144386,0.40383434943904956,0.24309419652458727,0.35307032530136295,Hertha BSC
97821,2016-12-11,Borussia M'gladbach,Mainz 05,Borussia M'gladbach,Borussia M'gladbach,0.5717143696648678,0.1756118335436883,0.25267379679144386,0.46995059598141764,0.24290227944480866,0.28714569931831957,Borussia M'gladbach
97831,2016-12-11,Schalke 04,Bayer Leverkusen,Schalke 04,Bayer Leverkusen,0.5706334039743339,0.1766927992342222,0.25267379679144386,0.5090186772634532,0.21589143422153895,0.2750808448619909,Schalke 04
97840,2016-12-16,Hoffenheim,Borussia Dortmund,Borussia Dortmund,tie,0.36286953303096786,0.38445667017758833,0.25267379679144386,0.4106159492492824,0.24245823869536368,0.3469246142351507,Hoffenheim
97850,2016-12-17,Schalke 04,Freiburg,Schalke 04,tie,0.5998476390802342,0.14747856412832183,0.25267379679144386,0.5457524976487099,0.22746891556531018,0.22677461824495104,Schalke 04
97859,2016-12-17,Mainz 05,Hamburger SV,Hamburger SV,Mainz 05,0.40152140090264565,0.34580480230591054,0.25267379679144386,0.42847078609189126,0.27540438633420766,0.29612465048266734,Mainz 05
97869,2016-12-17,Augsburg,Borussia M'gladbach,Augsburg,Augsburg,0.5042295891928178,0.24309661401573834,0.25267379679144386,0.4134758757692514,0.26919140065673103,0.3173324949739122,Augsburg
97878,2016-12-17,Werder Bremen,Köln,Köln,tie,0.44374538149474363,0.3035808217138125,0.25267379679144386,0.6075175567155398,0.2111736953594582,0.18130024345557405,Werder Bremen
97887,2016-12-17,RB Leipzig,Hertha BSC,Hertha BSC,RB Leipzig,0.47605287278820757,0.2712733304203486,0.25267379679144386,0.510387514006944,0.23717312269295646,0.25243715280114176,RB Leipzig
97897,2016-12-17,Wolfsburg,Eintracht Frankfurt,Eintracht Frankfurt,Wolfsburg,0.20672356463620478,0.5406026385723512,0.25267379679144386,0.3488639936870092,0.2649647364879881,0.3861710071592351,Eintracht Frankfurt
97906,2016-12-18,Darmstadt 98,Bayern München,Bayern München,Bayern München,0.04734258060356235,0.6999836226049937,0.25267379679144386,0.2979934585303094,0.2457707653606242,0.4562346400445804,Bayern München
97915,2016-12-18,Bayer Leverkusen,Ingolstadt,Bayer Leverkusen,Ingolstadt,0.6318054061783478,0.11552079703020841,0.25267379679144386,0.5871002440478387,0.22365122404644652,0.18924420942499937,Bayer Leverkusen
97924,2016-12-20,Borussia Dortmund,Augsburg,Borussia Dortmund,tie,0.6536495590066473,0.09367664420190888,0.25267379679144386,0.5823572902944861,0.22225727263321512,0.19538059551738238,Borussia Dortmund
97933,2016-12-20,Borussia M'gladbach,Wolfsburg,Wolfsburg,Wolfsburg,0.4899225263796699,0.25740367682888626,0.25267379679144386,0.5185355361342289,0.25277958437720854,0.2286839895183753,Borussia M'gladbach
97942,2016-12-20,Hamburger SV,Schalke 04,Schalke 04,Hamburger SV,0.2086861664723148,0.5386400367362413,0.25267379679144386,0.33342650331615303,0.2506255754913868,0.4159472087753638,Schalke 04
97953,2016-12-20,Eintracht Frankfurt,Mainz 05,Eintracht Frankfurt,Eintracht Frankfurt,0.5537284884841067,0.1935977147244495,0.25267379679144386,0.43208483192587255,0.2723749891126319,0.29553996538128635,Eintracht Frankfurt
97962,2016-12-21,Bayern München,RB Leipzig,Bayern München,Bayern München,0.5844460379261307,0.16288016528242538,0.25267379679144386,0.5462152395294414,0.21811021235992495,0.23566721937253163,Bayern München
97971,2016-12-21,Hertha BSC,Darmstadt 98,Hertha BSC,Hertha BSC,0.6612109911279701,0.08611521208058598,0.25267379679144386,0.4596736134967314,0.268466295682781,0.2718597803982388,Hertha BSC
97980,2016-12-21,Köln,Bayer Leverkusen,Bayer Leverkusen,tie,0.32879815030202253,0.4185280529065336,0.25267379679144386,0.36790115746876506,0.2576704474684803,0.37442798456601734,Bayer Leverkusen
97991,2016-12-21,Ingolstadt,Freiburg,Ingolstadt,Freiburg,0.5611506338146706,0.18617556939388566,0.25267379679144386,0.42586469819437867,0.27722347424999805,0.29691166967560406,Ingolstadt
98000,2016-12-21,Hoffenheim,Werder Bremen,Hoffenheim,tie,0.6005310328813485,0.1467951703272077,0.25267379679144386,0.41197992731107924,0.24768458862010295,0.3403346341906724,Hoffenheim
98009,2017-01-20,Freiburg,Bayern München,Bayern München,Bayern München,0.04109164297874481,0.7062345602298113,0.25267379679144386,0.3192295730525298,0.24180341238984365,0.43896564396710896,Bayern München
98017,2017-01-21,Schalke 04,Ingolstadt,Schalke 04,Schalke 04,0.5157332005939199,0.23159300261463622,0.25267379679144386,0.5559985579426714,0.22744252343947377,0.2165550456920488,Schalke 04
98027,2017-01-21,Wolfsburg,Hamburger SV,Hamburger SV,Wolfsburg,0.4601530996932932,0.28717310351526293,0.25267379679144386,0.46653272863000683,0.2657089958711918,0.2677579023264207,Wolfsburg
98037,2017-01-21,Augsburg,Hoffenheim,Hoffenheim,Hoffenheim,0.2707876801912015,0.47653852301735466,0.25267379679144386,0.4034349525531635,0.2728322986926182,0.3237325729142335,Augsburg
98046,2017-01-21,Werder Bremen,Borussia Dortmund,Borussia Dortmund,Borussia Dortmund,0.2897177582846989,0.4576084449238572,0.25267379679144386,0.4454108860661413,0.22718640626245365,0.32739894336991754,Werder Bremen
98055,2017-01-21,Darmstadt 98,Borussia M'gladbach,Borussia M'gladbach,tie,0.23697873668637306,0.510347466522183,0.25267379679144386,0.39193667831620216,0.2741142103938854,0.3339489566274598,Darmstadt 98
98063,2017-01-21,RB Leipzig,Eintracht Frankfurt,RB Leipzig,RB Leipzig,0.5179722750450827,0.22935392816347344,0.25267379679144386,0.4791638626045246,0.24921667231562591,0.2716184641702351,RB Leipzig
98075,2017-01-22,Bayer Leverkusen,Hertha BSC,Bayer Leverkusen,Bayer Leverkusen,0.5334660348773868,0.21386016833116936,0.25267379679144386,0.5224732546085469,0.23618012952477555,0.24134425591926806,Bayer Leverkusen
98083,2017-01-22,Mainz 05,Köln,Köln,tie,0.4174407083795874,0.3298854948289686,0.25267379679144386,0.4492743590102083,0.26309911058689,0.2876261357694022,Mainz 05
98091,2017-01-27,Schalke 04,Eintracht Frankfurt,Schalke 04,Eintracht Frankfurt,0.6071983075454864,0.14012789566306968,0.25267379679144386,0.5584591050313421,0.2273324085979257,0.21420461516420097,Schalke 04
98100,2017-01-28,Wolfsburg,Augsburg,Augsburg,Augsburg,0.49650597665365687,0.2508202265548993,0.25267379679144386,0.48853238049655845,0.2697185690581901,0.24174871808641826,Wolfsburg
98109,2017-01-28,Ingolstadt,Hamburger SV,Ingolstadt,Ingolstadt,0.5387874676119662,0.20853873559658995,0.25267379679144386,0.41928765451437716,0.274030839949064,0.3066813254841841,Ingolstadt
98119,2017-01-28,Werder Bremen,Bayern München,Bayern München,Bayern München,0.0475199158076868,0.6998062874008694,0.25267379679144386,0.3810131962320803,0.22912625062975192,0.38985756606701505,Bayern München
98130,2017-01-28,Darmstadt 98,Köln,Köln,Köln,0.18626736130759675,0.5610588419009594,0.25267379679144386,0.40033053070727936,0.29329011973731944,0.3063792925815332,Darmstadt 98
98140,2017-01-28,RB Leipzig,Hoffenheim,RB Leipzig,RB Leipzig,0.5110887083079684,0.23623749490058774,0.25267379679144386,0.47904106261573215,0.24215851659578977,0.2787988868337417,RB Leipzig
98150,2017-01-28,Bayer Leverkusen,Borussia M'gladbach,Bayer Leverkusen,Borussia M'gladbach,0.5040973812467717,0.2432288219617844,0.25267379679144386,0.5386894467555887,0.2294364562807408,0.23187054832226822,Bayer Leverkusen
98160,2017-01-29,Freiburg,Hertha BSC,Hertha BSC,Freiburg,0.4288238277703714,0.3185023754381847,0.25267379679144386,0.458272655939977,0.25868688824908165,0.2830399253794625,Freiburg
98169,2017-01-29,Mainz 05,Borussia Dortmund,Borussia Dortmund,tie,0.24542842722610073,0.5018977759824552,0.25267379679144386,0.32920448475768715,0.242234813715881,0.4285594170008911,Borussia Dortmund
98178,2017-02-03,Hamburger SV,Bayer Leverkusen,Bayer Leverkusen,Hamburger SV,0.23651134287686776,0.5108148603316884,0.25267379679144386,0.3688826565822298,0.2406786549386483,0.3904373837361298,Bayer Leverkusen
98187,2017-02-04,Bayern München,Schalke 04,Bayern München,tie,0.6900092291277713,0.05731697408078487,0.25267379679144386,0.5548245403847971,0.21185892951797264,0.23330557535495985,Bayern München
98198,2017-02-04,Borussia M'gladbach,Freiburg,Borussia M'gladbach,Borussia M'gladbach,0.6420247747638506,0.10530142844470565,0.25267379679144386,0.4933868103840648,0.24769196910583233,0.2589200803340892,Borussia M'gladbach
98207,2017-02-04,Hertha BSC,Ingolstadt,Ingolstadt,Hertha BSC,0.49108647643368025,0.25623972677487594,0.25267379679144386,0.4304143341496435,0.26802353803958867,0.3015618587414992,Hertha BSC
98215,2017-02-04,Köln,Wolfsburg,Wolfsburg,Köln,0.47436725194412815,0.27295895126442793,0.25267379679144386,0.46742981827294494,0.2653828838069228,0.26718691642511055,Köln
98224,2017-02-04,Hoffenheim,Mainz 05,Hoffenheim,Hoffenheim,0.5321518516940961,0.21517435151446015,0.25267379679144386,0.45049791982621995,0.26502166318755516,0.2844800602842309,Hoffenheim
98235,2017-02-04,Borussia Dortmund,RB Leipzig,RB Leipzig,Borussia Dortmund,0.481909830214475,0.2654163729940813,0.25267379679144386,0.5158214239864632,0.22463508865998308,0.25953853686043216,Borussia Dortmund
98244,2017-02-05,Augsburg,Werder Bremen,Augsburg,Augsburg,0.5163982291211575,0.23092797408739862,0.25267379679144386,0.3704035799428023,0.258764961175157,0.37083107692760003,Werder Bremen
98253,2017-02-05,Eintracht Frankfurt,Darmstadt 98,Eintracht Frankfurt,Eintracht Frankfurt,0.5987998028794873,0.14852640032906886,0.25267379679144386,0.5089292652775356,0.26154753180972085,0.22952265978024114,Eintracht Frankfurt
98262,2017-02-10,Mainz 05,Augsburg,Augsburg,Mainz 05,0.43630369298613636,0.3110225102224197,0.25267379679144386,0.43403527239086404,0.26687096487194156,0.2990934695453151,Mainz 05
98272,2017-02-11,Bayer Leverkusen,Eintracht Frankfurt,Bayer Leverkusen,Bayer Leverkusen,0.5730209586087556,0.17430524459980065,0.25267379679144386,0.5118858211627334,0.23906624382865463,0.249045965130908,Bayer Leverkusen
98281,2017-02-11,Ingolstadt,Bayern München,Bayern München,Bayern München,0.06566369866547056,0.6816625045430855,0.25267379679144386,0.3238399771734575,0.24727046326633814,0.4288886320759302,Bayern München
98291,2017-02-11,Werder Bremen,Borussia M'gladbach,Borussia M'gladbach,Borussia M'gladbach,0.29797793190760885,0.4493482713009472,0.25267379679144386,0.45697277391820396,0.2328909206680556,0.310133686810938,Werder Bremen
98300,2017-02-11,Darmstadt 98,Borussia Dortmund,Borussia Dortmund,Darmstadt 98,0.056106461719368124,0.6912197414891881,0.25267379679144386,0.23021234504261626,0.22819514277766545,0.5415886913132639,Borussia Dortmund
98309,2017-02-11,RB Leipzig,Hamburger SV,RB Leipzig,Hamburger SV,0.5763545394760368,0.17097166373251937,0.25267379679144386,0.5040227427998895,0.24388417842198606,0.2520916194984149,RB Leipzig
98319,2017-02-11,Schalke 04,Hertha BSC,Hertha BSC,Schalke 04,0.4868078280180333,0.26051837519052284,0.25267379679144386,0.5216466823368393,0.23959255735841314,0.23875884369323272,Schalke 04
98329,2017-02-12,Wolfsburg,Hoffenheim,Hoffenheim,Wolfsburg,0.4321350895902273,0.3151911136183288,0.25267379679144386,0.39355468362215407,0.2643101348335404,0.34213490211949055,Wolfsburg
98338,2017-02-12,Freiburg,Köln,Köln,Freiburg,0.27036250333188455,0.4769636998766716,0.25267379679144386,0.40790292588479815,0.27341759415509287,0.3186793057487682,Freiburg
98347,2017-02-17,Augsburg,Bayer Leverkusen,Bayer Leverkusen,Bayer Leverkusen,0.2763753837556644,0.4709508194528917,0.25267379679144386,0.31250262278969215,0.25535698965797105,0.4321398189109664,Bayer Leverkusen
98357,2017-02-18,Borussia Dortmund,Wolfsburg,Borussia Dortmund,Borussia Dortmund,0.589537328236691,0.15778887497186517,0.25267379679144386,0.5651983042887084,0.22845420844967174,0.20634395865422323,Borussia Dortmund
98367,2017-02-18,Mainz 05,Werder Bremen,Werder Bremen,Werder Bremen,0.4904766420469243,0.2568495611616319,0.25267379679144386,0.39287133510223515,0.24972350422098027,0.3574044531823958,Mainz 05
98376,2017-02-18,Hertha BSC,Bayern München,Bayern München,tie,0.1166713633284818,0.6306548398800744,0.25267379679144386,0.307526590275993,0.24617738794951347,0.4462949564456802,Bayern München
98385,2017-02-18,Hoffenheim,Darmstadt 98,Hoffenheim,Hoffenheim,0.6655396781907426,0.0817865250178136,0.25267379679144386,0.5479274215010459,0.24789543790578905,0.20417597412400496,Hoffenheim
98396,2017-02-18,Eintracht Frankfurt,Ingolstadt,Eintracht Frankfurt,Ingolstadt,0.5337957061679016,0.21353049704065455,0.25267379679144386,0.44978367556180393,0.26935275719547735,0.2808632871477263,Eintracht Frankfurt
98405,2017-02-18,Hamburger SV,Freiburg,Freiburg,tie,0.4535328024690626,0.2937934007394937,0.25267379679144386,0.5030387574610178,0.25313046918235727,0.24382992188858302,Hamburger SV
98414,2017-02-19,Borussia M'gladbach,RB Leipzig,RB Leipzig,RB Leipzig,0.3797213547360061,0.36760484847255,0.25267379679144386,0.5472504955016432,0.22957201586495168,0.22317402598002672,Borussia M'gladbach
98424,2017-02-19,Köln,Schalke 04,Schalke 04,tie,0.47145836704921823,0.27586783615933785,0.25267379679144386,0.39001977894937,0.26133402808635914,0.3486458604506708,Köln
98432,2017-02-24,Wolfsburg,Werder Bremen,Werder Bremen,Werder Bremen,0.4044156650113418,0.3429105381972144,0.25267379679144386,0.3384330850002491,0.2576202666657404,0.4039462101134594,Werder Bremen
98443,2017-02-25,Bayern München,Hamburger SV,Bayern München,Bayern München,0.6846019064738903,0.06272429673466577,0.25267379679144386,0.6110166477499093,0.20301469127307553,0.18595416588897953,Bayern München
98452,2017-02-25,Bayer Leverkusen,Mainz 05,Bayer Leverkusen,Mainz 05,0.5798595669857697,0.1674666362227865,0.25267379679144386,0.5921678619621967,0.22320348551702096,0.18462433128256167,Bayer Leverkusen
98462,2017-02-25,Darmstadt 98,Augsburg,Augsburg,Augsburg,0.43410733883280617,0.31321886437575,0.25267379679144386,0.4220736149354826,0.2816400952633062,0.29628616806040775,Darmstadt 98
98473,2017-02-25,Freiburg,Borussia Dortmund,Borussia Dortmund,Borussia Dortmund,0.2619386499715583,0.4853875532369979,0.25267379679144386,0.3557187422900364,0.24702939101174146,0.3972510128443663,Borussia Dortmund
98482,2017-02-25,RB Leipzig,Köln,Köln,RB Leipzig,0.4058768394350776,0.3414493637734786,0.25267379679144386,0.4642149326102231,0.2555852777904892,0.28019913820397047,RB Leipzig
98492,2017-02-25,Hertha BSC,Eintracht Frankfurt,Eintracht Frankfurt,Hertha BSC,0.38858178861547055,0.3587444145930857,0.25267379679144386,0.4792872571309557,0.2612966047851877,0.2594156355917258,Hertha BSC
98501,2017-02-26,Ingolstadt,Borussia M'gladbach,Borussia M'gladbach,Borussia M'gladbach,0.2881481954022757,0.45917800780628043,0.25267379679144386,0.3798261851817898,0.26088534614688197,0.3592881334453871,Ingolstadt
98511,2017-02-26,Schalke 04,Hoffenheim,Hoffenheim,tie,0.4415953244185436,0.3057308787900126,0.25267379679144386,0.4923800706939356,0.242154278677733,0.2654640649380028,Schalke 04
98520,2017-03-03,Augsburg,RB Leipzig,RB Leipzig,tie,0.3190838794171952,0.42824232379136096,0.25267379679144386,0.4081534871986212,0.2676319626517845,0.3242143067537209,Augsburg
98528,2017-03-04,Borussia Dortmund,Bayer Leverkusen,Borussia Dortmund,Borussia Dortmund,0.6670699490560992,0.08025625415245698,0.25267379679144386,0.546858854938355,0.21250759935436017,0.24062279096797184,Borussia Dortmund
98540,2017-03-04,Mainz 05,Wolfsburg,Wolfsburg,tie,0.4437020459922314,0.3036241572163247,0.25267379679144386,0.4648486217631503,0.26773635039611277,0.2674146961682972,Mainz 05
98549,2017-03-04,Köln,Bayern München,Bayern München,Bayern München,0.1357030994053558,0.6116231038032004,0.25267379679144386,0.2650288213269107,0.21849849431199764,0.5164651794949926,Bayern München
98558,2017-03-04,Werder Bremen,Darmstadt 98,Werder Bremen,Werder Bremen,0.5460592925555053,0.20126691065305075,0.25267379679144386,0.6106392652477522,0.22163409477748397,0.16772241517607045,Werder Bremen
98568,2017-03-04,Hoffenheim,Ingolstadt,Hoffenheim,Hoffenheim,0.6889086101526539,0.05841759305590233,0.25267379679144386,0.5121904590002144,0.25309377256254045,0.23471490102718562,Hoffenheim
98578,2017-03-04,Borussia M'gladbach,Schalke 04,Borussia M'gladbach,Borussia M'gladbach,0.5355212385255492,0.211804964683007,0.25267379679144386,0.4969090230325372,0.23558443786517805,0.2675041341748303,Borussia M'gladbach
98589,2017-03-05,Eintracht Frankfurt,Freiburg,Eintracht Frankfurt,Freiburg,0.5183108892755341,0.2290153139330221,0.25267379679144386,0.42203370995877676,0.26912053186837226,0.30884551730918364,Eintracht Frankfurt
98598,2017-03-05,Hamburger SV,Hertha BSC,Hertha BSC,Hamburger SV,0.3164593534473518,0.4308668497612043,0.25267379679144386,0.37947225931382067,0.2587065584751564,0.3618207969064298,Hamburger SV
98607,2017-03-10,Bayer Leverkusen,Werder Bremen,Bayer Leverkusen,tie,0.5241931174099718,0.2231330857985844,0.25267379679144386,0.4277991550212973,0.22478455050961726,0.3474119891932385,Bayer Leverkusen
98616,2017-03-11,Bayern München,Eintracht Frankfurt,Bayern München,Bayern München,0.7238588606804033,0.023467342528152836,0.25267379679144386,0.7387777149905194,0.1551667895411288,0.10597371238016962,Bayern München
98626,2017-03-11,Hertha BSC,Borussia Dortmund,Borussia Dortmund,Hertha BSC,0.12883768323611183,0.6184885199724444,0.25267379679144386,0.31251596964486505,0.250104364733655,0.4373788621784627,Borussia Dortmund
98636,2017-03-11,Darmstadt 98,Mainz 05,Mainz 05,Darmstadt 98,0.42983653832581264,0.31748966488274355,0.25267379679144386,0.37111002837920376,0.29357294490744124,0.33531697917038317,Darmstadt 98
98645,2017-03-11,Freiburg,Hoffenheim,Hoffenheim,tie,0.20063978596951323,0.5466864172390429,0.25267379679144386,0.406451952017672,0.2541653634874495,0.3393821348749759,Freiburg
98655,2017-03-11,RB Leipzig,Wolfsburg,RB Leipzig,Wolfsburg,0.6069349770047603,0.14039122620379596,0.25267379679144386,0.48019782751220497,0.2609588919460653,0.25884276678849977,RB Leipzig
98664,2017-03-11,Ingolstadt,Köln,Köln,tie,0.4216414835818156,0.3256847196267406,0.25267379679144386,0.43581104569635254,0.2507597353017932,0.31342845276918196,Ingolstadt
98674,2017-03-12,Schalke 04,Augsburg,Schalke 04,Schalke 04,0.6188955254653663,0.12843067774318992,0.25267379679144386,0.49760044753087573,0.24086312421647652,0.2615346949338051,Schalke 04
98683,2017-03-12,Hamburger SV,Borussia M'gladbach,Borussia M'gladbach,Hamburger SV,0.14041088534592622,0.6069153178626299,0.25267379679144386,0.30845376432056265,0.23491461601779798,0.4566293344696362,Borussia M'gladbach
98693,2017-03-17,Borussia Dortmund,Ingolstadt,Borussia Dortmund,Borussia Dortmund,0.7057766056266641,0.04154959758189203,0.25267379679144386,0.6629907112785811,0.17876473911496987,0.15819540271703086,Borussia Dortmund
98702,2017-03-18,Wolfsburg,Darmstadt 98,Darmstadt 98,Wolfsburg,0.49026542579987903,0.25706077740867717,0.25267379679144386,0.47679438559705645,0.27701500197719753,0.24619039493637423,Wolfsburg
98712,2017-03-18,Köln,Hertha BSC,Hertha BSC,Köln,0.3561801856123363,0.3911460175962198,0.25267379679144386,0.4467910370844274,0.2627495689199943,0.29045899676752146,Köln
98722,2017-03-18,Augsburg,Freiburg,Freiburg,tie,0.3632696992845093,0.38405650392404683,0.25267379679144386,0.4135682953645475,0.26482881438902917,0.3216025954262455,Augsburg
98732,2017-03-18,Werder Bremen,RB Leipzig,RB Leipzig,Werder Bremen,0.2510207748945096,0.49630542831404656,0.25267379679144386,0.5462568677632904,0.2310720398573791,0.22266793333721696,Werder Bremen
98742,2017-03-18,Hoffenheim,Bayer Leverkusen,Hoffenheim,Hoffenheim,0.6815244833979703,0.06580171981058584,0.25267379679144386,0.4833722892092097,0.22102972400627777,0.2955917520636339,Hoffenheim
98750,2017-03-18,Eintracht Frankfurt,Hamburger SV,Eintracht Frankfurt,tie,0.5207786260017525,0.22654757720680363,0.25267379679144386,0.364293202649503,0.2781316655268312,0.3575750180897589,Eintracht Frankfurt
98759,2017-03-19,Mainz 05,Schalke 04,Schalke 04,Schalke 04,0.4028639055443438,0.34446229766421227,0.25267379679144386,0.37978709973031566,0.2538468298519268,0.3663655412287883,Mainz 05
98767,2017-03-19,Borussia M'gladbach,Bayern München,Bayern München,Bayern München,0.13024529378829505,0.6170809094202611,0.25267379679144386,0.3633328718605729,0.21765525024752524,0.4190046383292225,Bayern München
98778,2017-03-31,Hertha BSC,Hoffenheim,Hoffenheim,Hoffenheim,0.28133377307502877,0.4659924301335273,0.25267379679144386,0.36722856249039393,0.2591497213250893,0.3736213434265996,Hoffenheim
98787,2017-04-01,Bayern München,Augsburg,Bayern München,Bayern München,0.7331951921075607,0.014131011100995433,0.25267379679144386,0.6984811942129013,0.16989270920158242,0.1315703028128562,Bayern München
98796,2017-04-01,Schalke 04,Borussia Dortmund,Borussia Dortmund,tie,0.2737417198493258,0.47358448335923026,0.25267379679144386,0.44529979545608744,0.23169461708520875,0.3230028377999635,Schalke 04
98805,2017-04-01,Hamburger SV,Köln,Hamburger SV,Hamburger SV,0.5195336093873034,0.22779259382125278,0.25267379679144386,0.4473762663586363,0.2593958804869264,0.29322737042516916,Hamburger SV
98816,2017-04-01,Freiburg,Werder Bremen,Werder Bremen,Werder Bremen,0.41931956732733366,0.32800663588122253,0.25267379679144386,0.3660691876497792,0.2551163076419422,0.3788140183125938,Werder Bremen
98827,2017-04-01,RB Leipzig,Darmstadt 98,RB Leipzig,RB Leipzig,0.6512074193979707,0.09611878381058538,0.25267379679144386,0.45955329394606315,0.27255344603890885,0.26789301040208696,RB Leipzig
98835,2017-04-01,Eintracht Frankfurt,Borussia M'gladbach,Borussia M'gladbach,tie,0.3590202820274802,0.38830592118107593,0.25267379679144386,0.3283616514891526,0.2544632977817442,0.4171744888550191,Borussia M'gladbach
98844,2017-04-02,Ingolstadt,Mainz 05,Mainz 05,Ingolstadt,0.3881478757390213,0.3591783274695348,0.25267379679144386,0.4573101508720502,0.27455936279457943,0.2681302644404307,Ingolstadt
98853,2017-04-02,Bayer Leverkusen,Wolfsburg,Wolfsburg,tie,0.30159747490336697,0.4457287283051891,0.25267379679144386,0.5390189891024331,0.2391812547160771,0.22179780701821897,Bayer Leverkusen
98862,2017-04-04,Borussia Dortmund,Hamburger SV,Borussia Dortmund,Borussia Dortmund,0.5443034371064653,0.20302276610209088,0.25267379679144386,0.5949660972609765,0.21488734160037476,0.19013929895802895,Borussia Dortmund
98871,2017-04-04,Köln,Eintracht Frankfurt,Eintracht Frankfurt,Köln,0.27856211411419807,0.46876408909435807,0.25267379679144386,0.48736876150854536,0.26690742214572755,0.24572343306941513,Köln
98880,2017-04-04,Werder Bremen,Schalke 04,Schalke 04,Werder Bremen,0.4454648033732772,0.301861399835279,0.25267379679144386,0.5137878138685614,0.2215533669919532,0.2646527237184953,Werder Bremen
98891,2017-04-04,Hoffenheim,Bayern München,Bayern München,Hoffenheim,0.2485733984278773,0.49875280478067885,0.25267379679144386,0.3343937706918868,0.22432659827618776,0.44127505768058123,Bayern München
98899,2017-04-05,Borussia M'gladbach,Hertha BSC,Hertha BSC,Borussia M'gladbach,0.4732168657970366,0.2741093374115196,0.25267379679144386,0.6344291765652168,0.19920141936349212,0.16635423959015094,Borussia M'gladbach
98907,2017-04-05,Mainz 05,RB Leipzig,RB Leipzig,RB Leipzig,0.2885357975252778,0.45879040568327834,0.25267379679144386,0.3929038318354035,0.2702899544784513,0.33680601930238663,Mainz 05
98917,2017-04-05,Wolfsburg,Freiburg,Wolfsburg,Freiburg,0.5461807693453086,0.20114543386324768,0.25267379679144386,0.4696312630096259,0.2548713743902103,0.2754966681946083,Wolfsburg
98925,2017-04-05,Augsburg,Ingolstadt,Ingolstadt,Ingolstadt,0.33682286921230564,0.41050333399625055,0.25267379679144386,0.4005437260813872,0.2659413193006306,0.33351469478690754,Augsburg
98937,2017-04-05,Darmstadt 98,Bayer Leverkusen,Darmstadt 98,Bayer Leverkusen,0.5257665112530996,0.2215596919554565,0.25267379679144386,0.3077823235030887,0.2450974063927143,0.44711912611171833,Bayer Leverkusen
98946,2017-04-07,Eintracht Frankfurt,Werder Bremen,Werder Bremen,tie,0.4429212717640441,0.304404931444512,0.25267379679144386,0.28586905345238345,0.2530765646431226,0.4610536377304483,Werder Bremen
98955,2017-04-08,Schalke 04,Wolfsburg,Wolfsburg,Schalke 04,0.421165717482366,0.3261604857261903,0.25267379679144386,0.5484480030754303,0.22953435754022097,0.22201417770912432,Schalke 04
98964,2017-04-08,Köln,Borussia M'gladbach,Borussia M'gladbach,Borussia M'gladbach,0.3622422628017595,0.3850839404067967,0.25267379679144386,0.3876449600485916,0.24781144123264273,0.36454280099276387,Köln
98974,2017-04-08,Hamburger SV,Hoffenheim,Hoffenheim,Hamburger SV,0.2628815157404976,0.4844446874680586,0.25267379679144386,0.3698876173080071,0.2598965293867952,0.3702154984114087,Hoffenheim
98984,2017-04-08,Freiburg,Mainz 05,Mainz 05,Freiburg,0.4218466098282998,0.32547959338025634,0.25267379679144386,0.4749809574440526,0.2533099007546728,0.2717083657599708,Freiburg
98993,2017-04-08,RB Leipzig,Bayer Leverkusen,RB Leipzig,RB Leipzig,0.5534909949905735,0.1938352082179826,0.25267379679144386,0.40670093673634006,0.24363094920643488,0.3496670182338471,RB Leipzig
99002,2017-04-08,Bayern München,Borussia Dortmund,Bayern München,Bayern München,0.6845260077184397,0.06280019549011642,0.25267379679144386,0.5472785919094739,0.19850261337335273,0.25418890950027234,Bayern München
99012,2017-04-09,Hertha BSC,Augsburg,Hertha BSC,Hertha BSC,0.5870292569959897,0.16029694621256643,0.25267379679144386,0.49032977561011126,0.24437261919229633,0.265296225572877,Hertha BSC
99022,2017-04-09,Ingolstadt,Darmstadt 98,Ingolstadt,Ingolstadt,0.5710834166564096,0.1762427865521466,0.25267379679144386,0.5336102280355441,0.24679171436189642,0.21959680251166547,Ingolstadt
99031,2017-04-15,Borussia Dortmund,Eintracht Frankfurt,Eintracht Frankfurt,Borussia Dortmund,0.2889339408425227,0.4583922623660335,0.25267379679144386,0.6447923483613757,0.19697565195626493,0.15821617820928013,Borussia Dortmund
99040,2017-04-15,Mainz 05,Hertha BSC,Hertha BSC,Mainz 05,0.4999866702989483,0.2473395329096078,0.25267379679144386,0.39784495966167716,0.27936209091989583,0.3227928314049217,Mainz 05
99049,2017-04-15,Wolfsburg,Ingolstadt,Wolfsburg,Wolfsburg,0.5409982794299706,0.20632792377858555,0.25267379679144386,0.41498000732775653,0.26165720597583814,0.32336242824767725,Wolfsburg
99059,2017-04-15,Augsburg,Köln,Köln,Augsburg,0.45026146857391325,0.2970647346346429,0.25267379679144386,0.411395798433341,0.26265756800172485,0.32594630161623483,Augsburg
99068,2017-04-15,Hoffenheim,Borussia M'gladbach,Hoffenheim,Hoffenheim,0.5311664889595237,0.2161597142490325,0.25267379679144386,0.4282385079824135,0.23858340056642285,0.33317645474054086,Hoffenheim
99080,2017-04-15,RB Leipzig,Freiburg,RB Leipzig,RB Leipzig,0.630795776146988,0.11653042706156815,0.25267379679144386,0.4440372239984135,0.26986110227320204,0.2861014102527019,RB Leipzig
99089,2017-04-15,Bayer Leverkusen,Bayern München,Bayern München,tie,0.08750838726682615,0.65981781594173,0.25267379679144386,0.38070820752836565,0.21874636890033203,0.40053886445603437,Bayern München
99097,2017-04-16,Werder Bremen,Hamburger SV,Werder Bremen,Werder Bremen,0.5049409873282449,0.24238521588031126,0.25267379679144386,0.6413999794199194,0.190894028946362,0.16768033285694423,Werder Bremen
99106,2017-04-16,Darmstadt 98,Schalke 04,Schalke 04,Darmstadt 98,0.24173811712371732,0.5055880860848389,0.25267379679144386,0.3209737485147927,0.24661128918512162,0.43241398151056354,Schalke 04
99117,2017-04-21,Köln,Hoffenheim,Hoffenheim,tie,0.28236664772678405,0.46495955548177215,0.25267379679144386,0.4170612287558895,0.24241552804496466,0.3405220200691356,Köln
99126,2017-04-22,Bayern München,Mainz 05,Bayern München,tie,0.6980018871328397,0.04932431607571649,0.25267379679144386,0.6795767039994427,0.1796686989539664,0.14071911446770996,Bayern München
99135,2017-04-22,Hertha BSC,Wolfsburg,Wolfsburg,Hertha BSC,0.292184833064541,0.4551413701440152,0.25267379679144386,0.4528820869041485,0.26798991498501523,0.279127691163112,Hertha BSC
99144,2017-04-22,Hamburger SV,Darmstadt 98,Hamburger SV,Darmstadt 98,0.6135568914134932,0.13376931179506282,0.25267379679144386,0.48399774480015273,0.25954496165317675,0.2564567301263101,Hamburger SV
99155,2017-04-22,Ingolstadt,Werder Bremen,Werder Bremen,Werder Bremen,0.4737490295841109,0.2735771736244453,0.25267379679144386,0.3225261963110752,0.22883083608936666,0.4486395864202842,Werder Bremen
99164,2017-04-22,Eintracht Frankfurt,Augsburg,Eintracht Frankfurt,Eintracht Frankfurt,0.6735784042074335,0.07374779900112272,0.25267379679144386,0.37960435069186854,0.28336179993069627,0.33703376277954283,Eintracht Frankfurt
99173,2017-04-22,Borussia M'gladbach,Borussia Dortmund,Borussia M'gladbach,Borussia Dortmund,0.5723811900218955,0.1749450131866607,0.25267379679144386,0.4169527563434805,0.20696071927710932,0.37606976528153246,Borussia M'gladbach
99183,2017-04-23,Freiburg,Bayer Leverkusen,Bayer Leverkusen,Freiburg,0.4707846625327491,0.27654154067580705,0.25267379679144386,0.3470042131667904,0.25309757205745953,0.3998976381735319,Bayer Leverkusen
99192,2017-04-23,Schalke 04,RB Leipzig,RB Leipzig,tie,0.3927388884517411,0.35458731475681504,0.25267379679144386,0.48775320065429084,0.23480449800610848,0.2774398126199066,Schalke 04
99202,2017-04-28,Bayer Leverkusen,Schalke 04,Schalke 04,Schalke 04,0.3367576366781975,0.41056856653035856,0.25267379679144386,0.46317435043196936,0.2320177412525137,0.30480508488228336,Bayer Leverkusen
99213,2017-04-29,Borussia Dortmund,Köln,Borussia Dortmund,tie,0.5857777583221727,0.1615484448863835,0.25267379679144386,0.6429109798710719,0.18663615177706824,0.17041809143058234,Borussia Dortmund
99221,2017-04-29,Mainz 05,Borussia M'gladbach,Borussia M'gladbach,Borussia M'gladbach,0.2800423655383654,0.4672838376701907,0.25267379679144386,0.41050923707626036,0.2401597936394318,0.34932956951188626,Mainz 05
99230,2017-04-29,Werder Bremen,Hertha BSC,Werder Bremen,Werder Bremen,0.5055690872462096,0.24175711596234659,0.25267379679144386,0.641139754635573,0.19183151430761355,0.16700472738687855,Werder Bremen
99239,2017-04-29,Darmstadt 98,Freiburg,Freiburg,Darmstadt 98,0.3499741769351557,0.39735202627340044,0.25267379679144386,0.4541657528073747,0.26637647338681864,0.27945743619036745,Darmstadt 98
99249,2017-04-29,RB Leipzig,Ingolstadt,RB Leipzig,tie,0.589509658399938,0.1578165448086181,0.25267379679144386,0.5625860967092049,0.22078911395145534,0.21661897482117,RB Leipzig
99258,2017-04-29,Wolfsburg,Bayern München,Bayern München,Bayern München,0.1694938234501035,0.5778323797584526,0.25267379679144386,0.2894117360216665,0.2307010184631161,0.47988404167938875,Bayern München
99267,2017-04-30,Augsburg,Hamburger SV,Hamburger SV,Augsburg,0.4013577820293993,0.3459684211791568,0.25267379679144386,0.44838503828539833,0.2633934669934437,0.288221108410299,Augsburg
99276,2017-04-30,Hoffenheim,Eintracht Frankfurt,Eintracht Frankfurt,Hoffenheim,0.4036445705690065,0.34368163263954965,0.25267379679144386,0.5575774558909194,0.23182248500401406,0.21059712412545423,Hoffenheim
99284,2017-05-05,Köln,Werder Bremen,Werder Bremen,Köln,0.35154834149961023,0.3957778617089459,0.25267379679144386,0.31642666855600327,0.23454146904760298,0.4490295718751586,Werder Bremen
99292,2017-05-06,Bayern München,Darmstadt 98,Bayern München,Bayern München,0.7263006357888673,0.021025567419688942,0.25267379679144386,0.7090734266630232,0.16139637878919616,0.12943746661811484,Bayern München
99301,2017-05-06,Borussia Dortmund,Hoffenheim,Hoffenheim,Borussia Dortmund,0.44326779119407644,0.30405841201447975,0.25267379679144386,0.5597224327235848,0.21161031562219687,0.22865631472510323,Borussia Dortmund
99310,2017-05-06,Borussia M'gladbach,Augsburg,Borussia M'gladbach,tie,0.6408296520407154,0.10649655116784067,0.25267379679144386,0.5678736441382578,0.21437825585816347,0.217739371188002,Borussia M'gladbach
99319,2017-05-06,Ingolstadt,Bayer Leverkusen,Ingolstadt,tie,0.5152925104254517,0.23203369278310454,0.25267379679144386,0.4462682201563753,0.24167140212302396,0.312058958549875,Ingolstadt
99327,2017-05-06,Eintracht Frankfurt,Wolfsburg,Eintracht Frankfurt,Wolfsburg,0.581473613737648,0.16585258947090822,0.25267379679144386,0.4669870729823326,0.2644115386541335,0.2686009869705288,Eintracht Frankfurt
99335,2017-05-06,Hertha BSC,RB Leipzig,RB Leipzig,RB Leipzig,0.34705785850824883,0.40026834470030725,0.25267379679144386,0.3829635071781607,0.27130283665544985,0.345733479174507,Hertha BSC
99344,2017-05-07,Hamburger SV,Mainz 05,Mainz 05,tie,0.3191501664632141,0.42817603674534194,0.25267379679144386,0.41585933979188294,0.26570907172166885,0.31843130521645635,Hamburger SV
99352,2017-05-07,Freiburg,Schalke 04,Schalke 04,Freiburg,0.23273265347299213,0.514593549735564,0.25267379679144386,0.31829557584211754,0.2452589946252939,0.4364443432835383,Schalke 04
99361,2017-05-13,Bayer Leverkusen,Köln,Köln,tie,0.40015294989546835,0.3471732533130879,0.25267379679144386,0.4824878208333947,0.2366878608109348,0.28082213627347496,Bayer Leverkusen
99362,2017-05-13,Schalke 04,Hamburger SV,Schalke 04,tie,0.6719489573223096,0.0753772458862465,0.25267379679144386,0.6079837655892941,0.20946729048290563,0.18253943674341624,Schalke 04
99363,2017-05-13,Mainz 05,Eintracht Frankfurt,Eintracht Frankfurt,Mainz 05,0.4949396028117774,0.25238660039677885,0.25267379679144386,0.45649228454809954,0.27869698523917885,0.26481055173850143,Mainz 05
99365,2017-05-13,Wolfsburg,Borussia M'gladbach,Borussia M'gladbach,tie,0.3852349614572665,0.36209124175128965,0.25267379679144386,0.3206428287397061,0.23930231945209565,0.44005323077832365,Borussia M'gladbach
99367,2017-05-13,Augsburg,Borussia Dortmund,Borussia Dortmund,tie,0.17524516284104302,0.5720810403675131,0.25267379679144386,0.3379000640542263,0.24663530263940495,0.4154637127494136,Borussia Dortmund
99368,2017-05-13,Werder Bremen,Hoffenheim,Hoffenheim,Hoffenheim,0.40537896256709227,0.34194724064146387,0.25267379679144386,0.6044536324268406,0.19042408258903068,0.20508341495727184,Werder Bremen
99369,2017-05-13,Darmstadt 98,Hertha BSC,Hertha BSC,Hertha BSC,0.3872524258949236,0.36007377731363255,0.25267379679144386,0.5068493527490634,0.2575257449138739,0.23562423020533574,Darmstadt 98
99370,2017-05-13,Freiburg,Ingolstadt,Freiburg,tie,0.554059688080277,0.19326651512827916,0.25267379679144386,0.4071429712452554,0.2691908311406332,0.3236659764979153,Freiburg
99371,2017-05-13,RB Leipzig,Bayern München,Bayern München,Bayern München,0.35712351821503,0.39020268499352617,0.25267379679144386,0.3395729983395297,0.23202547015624359,0.42839896242432485,Bayern München
99372,2017-05-20,Bayern München,Freiburg,Bayern München,Bayern München,0.6652822181934945,0.0820439850150616,0.25267379679144386,0.6523795797006605,0.18480020616101756,0.16278471409099762,Bayern München
99373,2017-05-20,Borussia Dortmund,Werder Bremen,Borussia Dortmund,Borussia Dortmund,0.5946061103620464,0.15272009284650984,0.25267379679144386,0.49053691647803027,0.19746187086792003,0.3119645365639709,Borussia Dortmund
99374,2017-05-20,Borussia M'gladbach,Darmstadt 98,Borussia M'gladbach,tie,0.5857623529584945,0.16156385025006154,0.25267379679144386,0.5639101492875018,0.22705998075952777,0.2090260020412866,Borussia M'gladbach
99375,2017-05-20,Hertha BSC,Bayer Leverkusen,Bayer Leverkusen,Bayer Leverkusen,0.41263481857555845,0.33469138463299763,0.25267379679144386,0.3796827998567304,0.2554506404676829,0.3648660834888768,Hertha BSC
99376,2017-05-20,Köln,Mainz 05,Mainz 05,Köln,0.3165338176946364,0.4307923855139197,0.25267379679144386,0.46921796516831,0.25036826828306574,0.2804128638123501,Köln
99377,2017-05-20,Hamburger SV,Wolfsburg,Wolfsburg,Hamburger SV,0.453278262992773,0.2940479402157831,0.25267379679144386,0.4153884477300545,0.2835902996981237,0.30102114769679844,Hamburger SV
99378,2017-05-20,Ingolstadt,Schalke 04,Schalke 04,tie,0.41838456997624346,0.3289416332323127,0.25267379679144386,0.3903670901554547,0.2472310746578372,0.36240100269936326,Ingolstadt
99379,2017-05-20,Hoffenheim,Augsburg,Hoffenheim,tie,0.6851272314437312,0.06219897176482496,0.25267379679144386,0.4866352830147918,0.2445898932742326,0.2687734744551161,Hoffenheim
99380,2017-05-20,Eintracht Frankfurt,RB Leipzig,RB Leipzig,tie,0.2670819504833041,0.4802442527252521,0.25267379679144386,0.37094292972851706,0.24841882953949207,0.38063747962318145,RB Leipzig
2020185,2017-08-18,Bayern München,Bayer Leverkusen,Bayern München,Bayern München,0.6233819038827572,0.12394429932579898,0.25267379679144386,0.6062672226135298,0.17843230006345023,0.21520079281959198,Bayern München
2020186,2017-08-19,Hoffenheim,Werder Bremen,Hoffenheim,Hoffenheim,0.6371106840607227,0.1102155191478335,0.25267379679144386,0.39818952829596815,0.2069930096628345,0.39480083299407,Hoffenheim
2020187,2017-08-19,Hertha BSC,Stuttgart,Stuttgart,Hertha BSC,0.21207164471967294,0.5352545584888831,0.25267379679144386,0.43245699941637333,0.25026267612530917,0.3172795454908558,Hertha BSC
2020190,2017-08-19,Schalke 04,RB Leipzig,RB Leipzig,Schalke 04,0.41231008668711666,0.3350161165214395,0.25267379679144386,0.48016319472545427,0.21000838131172553,0.3098145644433549,Schalke 04
2020191,2017-08-19,Hamburger SV,Augsburg,Augsburg,Hamburger SV,0.457808403286571,0.2895177999219851,0.25267379679144386,0.4078671836599101,0.2818363109699595,0.31029639594640274,Hamburger SV
2020192,2017-08-19,Mainz 05,Hannover 96,Hannover 96,Hannover 96,0.40864681599297753,0.3386793872155786,0.25267379679144386,0.4419765456219654,0.26816815155265755,0.2898550172037365,Mainz 05
2020193,2017-08-19,Wolfsburg,Borussia Dortmund,Borussia Dortmund,Borussia Dortmund,0.13228699340368166,0.6150392098048745,0.25267379679144386,0.35743791638733685,0.24104176836325156,0.4015190227870356,Borussia Dortmund
2020188,2017-08-20,Freiburg,Eintracht Frankfurt,Freiburg,tie,0.5457178696919597,0.20160833351659643,0.25267379679144386,0.4702364271637758,0.2549301276683644,0.2748327514240487,Freiburg
2020189,2017-08-20,Borussia M'gladbach,Köln,Borussia M'gladbach,Borussia M'gladbach,0.6551598402240388,0.09216636298451733,0.25267379679144386,0.5111042591527549,0.22947184624024042,0.25942029205434425,Borussia M'gladbach
2020196,2017-08-25,Köln,Hamburger SV,Hamburger SV,Hamburger SV,0.4992508267142353,0.24807537649432085,0.25267379679144386,0.4658756338876788,0.27106932931296845,0.2630547575290256,Köln
2020197,2017-08-26,Werder Bremen,Bayern München,Bayern München,Bayern München,0.2251532598926054,0.5221729433159508,0.25267379679144386,0.43966199930782807,0.19243360920370295,0.36784796466579617,Werder Bremen
2020198,2017-08-26,Eintracht Frankfurt,Wolfsburg,Wolfsburg,Wolfsburg,0.432017747792244,0.31530845541631225,0.25267379679144386,0.46788644068090085,0.26408709607323994,0.2680260529175869,Eintracht Frankfurt
2020199,2017-08-26,Bayer Leverkusen,Hoffenheim,Hoffenheim,tie,0.39645226219519697,0.3508739410133592,0.25267379679144386,0.4785379553610679,0.23103750811222376,0.29042141190020304,Bayer Leverkusen
2020200,2017-08-26,Augsburg,Borussia M'gladbach,Borussia M'gladbach,tie,0.19754431279262136,0.5497818904159348,0.25267379679144386,0.36456584517112717,0.25673092007421333,0.3787027971488805,Borussia M'gladbach
2020202,2017-08-26,Stuttgart,Mainz 05,Stuttgart,Stuttgart,0.5501107015619099,0.1972155016466462,0.25267379679144386,0.42041379883554414,0.26837618828095705,0.311209763934747,Stuttgart
2020195,2017-08-27,RB Leipzig,Freiburg,RB Leipzig,RB Leipzig,0.600477080677512,0.14684912253104407,0.25267379679144386,0.6514346727643578,0.1866449337620837,0.16188918853916517,RB Leipzig
2020201,2017-08-27,Hannover 96,Schalke 04,Hannover 96,Hannover 96,0.5404039423138908,0.20692226089466542,0.25267379679144386,0.33512630498425355,0.25647382788324663,0.40839938854107993,Schalke 04
2020209,2017-09-08,Hamburger SV,RB Leipzig,RB Leipzig,RB Leipzig,0.23588966490612778,0.5114365383024284,0.25267379679144386,0.3317944816755524,0.24158387834904255,0.4266203076549872,RB Leipzig
2020203,2017-09-09,Hoffenheim,Bayern München,Bayern München,Hoffenheim,0.31308430450831226,0.43424189870024393,0.25267379679144386,0.3263383033428832,0.2266227596713263,0.4470350049346255,Bayern München
2020205,2017-09-09,Freiburg,Borussia Dortmund,Borussia Dortmund,tie,0.12543582741307288,0.6218903757954832,0.25267379679144386,0.26772178134739943,0.2369254254613693,0.4953505886746842,Borussia Dortmund
2020206,2017-09-09,Borussia M'gladbach,Eintracht Frankfurt,Borussia M'gladbach,Eintracht Frankfurt,0.5992880299662343,0.14803817324232174,0.25267379679144386,0.5794318332749612,0.2224838340707221,0.1980794898643148,Borussia M'gladbach
2020208,2017-09-09,Augsburg,Köln,Köln,Augsburg,0.4884553314334472,0.25887087177510887,0.25267379679144386,0.45637758915350835,0.2567722936379236,0.2868495301406439,Augsburg
2020210,2017-09-09,Mainz 05,Bayer Leverkusen,Bayer Leverkusen,Mainz 05,0.28996734058309254,0.45735886262546366,0.25267379679144386,0.3815304106053711,0.24909430295569884,0.3693745589138243,Mainz 05
2020211,2017-09-09,Wolfsburg,Hannover 96,Hannover 96,tie,0.36006487745707183,0.3872613257514843,0.25267379679144386,0.39449004853738806,0.2847225711694487,0.3207872940953974,Wolfsburg
2020204,2017-09-10,Hertha BSC,Werder Bremen,Hertha BSC,tie,0.5261039035345376,0.22122229967401852,0.25267379679144386,0.3216642273858978,0.24151946448237832,0.43681492253493703,Werder Bremen
2020207,2017-09-10,Schalke 04,Stuttgart,Stuttgart,Schalke 04,0.36871228913004134,0.37861391407851475,0.25267379679144386,0.5740124497950087,0.23127530338585825,0.19470937686459153,Schalke 04
2020219,2017-09-15,Hannover 96,Hamburger SV,Hannover 96,Hannover 96,0.6124692681026274,0.13485693510592867,0.25267379679144386,0.46809028797731916,0.26768167645653884,0.26422769749089187,Hannover 96
2020212,2017-09-16,Bayern München,Mainz 05,Bayern München,Bayern München,0.7065004013261129,0.040825801882443224,0.25267379679144386,0.6716358414219694,0.18015126343068694,0.14817418965334708,Bayern München
2020214,2017-09-16,RB Leipzig,Borussia M'gladbach,RB Leipzig,tie,0.5969952401948884,0.15033096301366777,0.25267379679144386,0.5536125653515357,0.2038173024244546,0.2425505508460626,RB Leipzig
2020216,2017-09-16,Werder Bremen,Schalke 04,Schalke 04,Schalke 04,0.3001309068629869,0.44719529634556926,0.25267379679144386,0.5006798648586369,0.21415710170888705,0.28515277605432077,Werder Bremen
2020217,2017-09-16,Eintracht Frankfurt,Augsburg,Eintracht Frankfurt,Augsburg,0.5036473061056792,0.24367889710287693,0.25267379679144386,0.43208483192587255,0.2723749891126319,0.29553996538128635,Eintracht Frankfurt
2020220,2017-09-16,Stuttgart,Wolfsburg,Stuttgart,Stuttgart,0.641856927856562,0.10546927535199414,0.25267379679144386,0.410760323504317,0.28252139236787405,0.3067181766166351,Stuttgart
2020213,2017-09-17,Borussia Dortmund,Köln,Borussia Dortmund,Borussia Dortmund,0.6648127370893804,0.08251346611917584,0.25267379679144386,0.6554463564524134,0.18882641297427552,0.15570211594927172,Borussia Dortmund
2020215,2017-09-17,Hoffenheim,Hertha BSC,Hertha BSC,tie,0.4893044144046649,0.2580217888038913,0.25267379679144386,0.5206591555531913,0.2443138862058759,0.2350255114465254,Hoffenheim
2020218,2017-09-17,Bayer Leverkusen,Freiburg,Bayer Leverkusen,Bayer Leverkusen,0.6750522395317726,0.07227396367678351,0.25267379679144386,0.5791823511892596,0.21829514699509425,0.20251614116267788,Bayer Leverkusen
2020224,2017-09-19,Borussia M'gladbach,Stuttgart,Stuttgart,Borussia M'gladbach,0.48047157577450605,0.2668546274340502,0.25267379679144386,0.5905726268115843,0.21872997426689508,0.19069159562052104,Borussia M'gladbach
2020225,2017-09-19,Schalke 04,Bayern München,Bayern München,Bayern München,0.16999103171874538,0.5773351714898107,0.25267379679144386,0.39341268266169316,0.21822317228369814,0.3883573292663299,Schalke 04
2020226,2017-09-19,Augsburg,RB Leipzig,RB Leipzig,Augsburg,0.21352526409014097,0.5338009391184152,0.25267379679144386,0.3587955578973732,0.23773361743997845,0.4034691934596344,RB Leipzig
2020229,2017-09-19,Wolfsburg,Werder Bremen,Wolfsburg,tie,0.503057167119248,0.24426903608930814,0.25267379679144386,0.33324932157877746,0.2489787489559238,0.41777113242269526,Werder Bremen
2020221,2017-09-20,Köln,Eintracht Frankfurt,Eintracht Frankfurt,Eintracht Frankfurt,0.33400142591972953,0.4133247772888266,0.25267379679144386,0.3979845482372577,0.2653527722077198,0.33666241310776923,Köln
2020222,2017-09-20,Hertha BSC,Bayer Leverkusen,Bayer Leverkusen,Hertha BSC,0.2836967486914893,0.4636294545170669,0.25267379679144386,0.34057660036045967,0.24787225454975997,0.41155030671566756,Bayer Leverkusen
2020223,2017-09-20,Freiburg,Hannover 96,Hannover 96,tie,0.18235789650149561,0.5649683067070606,0.25267379679144386,0.3667178047379827,0.2789118993044269,0.3543701871853617,Freiburg
2020227,2017-09-20,Hamburger SV,Borussia Dortmund,Borussia Dortmund,Borussia Dortmund,0.04514439253712755,0.7021818106714285,0.25267379679144386,0.26169550583335544,0.2339340767153898,0.5043677231403729,Borussia Dortmund
2020228,2017-09-20,Mainz 05,Hoffenheim,Hoffenheim,Hoffenheim,0.3754298202469573,0.3718963829615988,0.25267379679144386,0.35971029324093384,0.2607252999389879,0.3795640682717353,Hoffenheim
2020230,2017-09-22,Bayern München,Wolfsburg,Bayern München,tie,0.6965682008314834,0.05075800237707276,0.25267379679144386,0.7309243865245567,0.15928307199267008,0.1097235589500063,Bayern München
2020231,2017-09-23,Borussia Dortmund,Borussia M'gladbach,Borussia Dortmund,Borussia Dortmund,0.6765015121805089,0.07082469102804721,0.25267379679144386,0.5714718301483207,0.20398110737721928,0.22452926817764876,Borussia Dortmund
2020232,2017-09-23,RB Leipzig,Eintracht Frankfurt,RB Leipzig,RB Leipzig,0.5819047984476242,0.1654214047609319,0.25267379679144386,0.59433773076881,0.21359202186388132,0.19206229898439478,RB Leipzig
2020233,2017-09-23,Hoffenheim,Schalke 04,Schalke 04,Hoffenheim,0.39789576530924137,0.3494304378993147,0.25267379679144386,0.4309074559987362,0.23931847167371909,0.3297725012629073,Hoffenheim
2020234,2017-09-23,Werder Bremen,Freiburg,Werder Bremen,tie,0.5648528555654089,0.18247334764314727,0.25267379679144386,0.6359771381500627,0.19866693695921644,0.165340434081823,Werder Bremen
2020236,2017-09-23,Mainz 05,Hertha BSC,Hertha BSC,Mainz 05,0.21768452359953328,0.529641679609023,0.25267379679144386,0.40266380547616654,0.26253260263693445,0.3348032698408604,Mainz 05
2020238,2017-09-23,Stuttgart,Augsburg,Stuttgart,tie,0.5502089595460341,0.19711724366252206,0.25267379679144386,0.3768901788832731,0.28208018970875126,0.341029539091784,Stuttgart
2020235,2017-09-24,Bayer Leverkusen,Hamburger SV,Bayer Leverkusen,Bayer Leverkusen,0.7105625357214405,0.036763667487115716,0.25267379679144386,0.6617893021910919,0.18886020251959473,0.14932749439300835,Bayer Leverkusen
2020237,2017-09-24,Hannover 96,Köln,Hannover 96,tie,0.6116084843122189,0.13571771889633719,0.25267379679144386,0.519055648135587,0.250340092486563,0.23060323813255637,Hannover 96
2020261,2017-10-20,Schalke 04,Mainz 05,Schalke 04,Schalke 04,0.6422597344864946,0.10506646872206152,0.25267379679144386,0.537167652542748,0.23461105569343163,0.22821871663842425,Schalke 04
2020257,2017-10-21,RB Leipzig,Stuttgart,RB Leipzig,RB Leipzig,0.5469145142417907,0.20041168896676545,0.25267379679144386,0.6369766182373547,0.19821451699261108,0.1647930405347651,RB Leipzig
2020260,2017-10-21,Borussia M'gladbach,Bayer Leverkusen,Bayer Leverkusen,Bayer Leverkusen,0.2823408871740338,0.4649853160345224,0.25267379679144386,0.44572593412584743,0.22118688428275377,0.33308138698948625,Borussia M'gladbach
2020262,2017-10-21,Eintracht Frankfurt,Borussia Dortmund,Borussia Dortmund,tie,0.08658400749770494,0.6607421957108512,0.25267379679144386,0.30723978552653564,0.22535532045500825,0.467400400259751,Borussia Dortmund
2020263,2017-10-21,Augsburg,Hannover 96,Hannover 96,Hannover 96,0.27292672849350474,0.47439947471505145,0.25267379679144386,0.46225449730690715,0.2612816785477842,0.27646335745832695,Augsburg
2020264,2017-10-21,Hamburger SV,Bayern München,Bayern München,Bayern München,0.055461471630573266,0.6918647315779828,0.25267379679144386,0.24533532582559844,0.21662817469001797,0.5380282260453804,Bayern München
2020258,2017-10-22,Köln,Werder Bremen,Werder Bremen,tie,0.333849168968102,0.41347703424045407,0.25267379679144386,0.35055801848561824,0.2677045007190357,0.3817372612421356,Werder Bremen
2020259,2017-10-22,Freiburg,Hertha BSC,Hertha BSC,tie,0.2934808831396338,0.45384532006892236,0.25267379679144386,0.3862119060010002,0.26681753614097364,0.34697032345935014,Freiburg
2020265,2017-10-22,Wolfsburg,Hoffenheim,Hoffenheim,tie,0.4539939589020734,0.2933322443064828,0.25267379679144386,0.40828325708377,0.25492167175792846,0.336794543820854,Wolfsburg
2020272,2017-10-27,Mainz 05,Eintracht Frankfurt,Eintracht Frankfurt,tie,0.34309372981889596,0.40423247338966023,0.25267379679144386,0.42289297421960714,0.26885532256180383,0.3082514574920558,Mainz 05
