,fixture_id,time.starting_at.date,Team.data.name,op_Team.data.name,gs_expected_score,gs_op_expected_score,gs_local_prob,gs_tie_prob,gs_visitor_prob,gs_expected_winner,winner,score,op_score,expected_goals,is_home,op_expected_goals
0,741362.0,2014-03-08 20:00:000000,Seattle Sounders FC,Sporting Kansas City,1.5528060643607744,1.09999074052514,0.47773013947862963,0.253050115189467,0.2692189496154385,Seattle Sounders FC,Seattle Sounders FC,1.0,0.0,1.241674,1,1.8000040000000002
1,741363.0,2014-03-09 00:00:000000,D.C. United,Columbus Crew,1.5209641756801133,0.985654189754365,0.49685241310797323,0.2579964208081067,0.24515052674396093,D.C. United,Columbus Crew,0.0,3.0,0.791006,1,1.263506
2,741364.0,2014-03-09 00:30:000000,Vancouver Whitecaps,New York Red Bulls,1.6463642449203022,1.0763524569195233,0.5065967912946335,0.24505243542237864,0.2483494066594669,Vancouver Whitecaps,Vancouver Whitecaps,4.0,1.0,1.1029120000000001,1,1.954127
3,741365.0,2014-03-09 01:30:000000,FC Dallas,Montreal Impact,1.8758090045540636,0.9530347184785065,0.5900868403585144,0.22240849565120788,0.18750006581532408,FC Dallas,FC Dallas,3.0,2.0,1.57394,1,0.778265
4,741366.0,2014-03-09 01:30:000000,Houston Dynamo,New England Revolution,1.7950380099950518,1.0225691100571381,0.5548845737732225,0.23128038476976212,0.21383198470721423,Houston Dynamo,Houston Dynamo,4.0,0.0,1.216397,1,1.152276
5,741367.0,2014-03-09 03:30:000000,Portland Timbers,Philadelphia Union,1.6463642449203022,0.923871078114924,0.5436700023956622,0.24539486368198787,0.21093378384824663,Portland Timbers,tie,1.0,1.0,1.3051620000000002,1,1.101017
6,741368.0,2014-03-09 03:30:000000,LA Galaxy,Real Salt Lake,1.7876357276352346,1.1247691246566556,0.5289203067420744,0.23248602362641452,0.2385907084955897,LA Galaxy,Real Salt Lake,0.0,1.0,1.1899620000000002,1,1.6429650000000002
7,741369.0,2014-03-09 19:00:000000,Chivas USA,Chicago Fire,1.532025009539186,1.014640170804466,0.4926799884216157,0.2564671582687127,0.2508521655119401,Chivas USA,Chivas USA,3.0,2.0,0.660734,1,1.76885
8,741370.0,2014-03-15 20:00:000000,Philadelphia Union,New England Revolution,1.5006092578047172,1.0031608139489252,0.4873399740026517,0.2597296244914402,0.2529298372158723,Philadelphia Union,Philadelphia Union,1.0,0.0,1.322746,1,1.0548110000000002
9,741371.0,2014-03-15 20:00:000000,New York Red Bulls,Colorado Rapids,1.7177690336333622,1.127669635054979,0.5117925107319267,0.23844852191224525,0.2497569217284223,New York Red Bulls,tie,1.0,1.0,1.9173790000000002,1,0.7612680000000001
10,741375.0,2014-03-15 20:30:000000,Seattle Sounders FC,Toronto FC,1.5552254046221714,0.9515521582926508,0.5139983098306055,0.2548853560184003,0.23111554694794512,Seattle Sounders FC,Toronto FC,1.0,2.0,1.417296,1,1.03595
11,741373.0,2014-03-16 00:30:000000,Sporting Kansas City,FC Dallas,1.7793060514414047,1.165078961318714,0.5176223871838153,0.23315704584288222,0.2492177177080419,Sporting Kansas City,tie,1.0,1.0,1.5528870000000001,1,1.57394
12,741374.0,2014-03-16 00:30:000000,Houston Dynamo,Montreal Impact,1.8373436076960337,0.936402868002715,0.5855435520716552,0.22588189495522362,0.18857076224738703,Houston Dynamo,Houston Dynamo,1.0,0.0,1.353587,1,1.0585930000000001
13,741372.0,2014-03-16 02:30:000000,San Jose Earthquakes,Real Salt Lake,1.5552254046221714,1.126521564507654,0.47217540474898456,0.2523038282394252,0.2755199526848702,San Jose Earthquakes,tie,3.0,3.0,1.3031030000000001,1,1.711609
14,741377.0,2014-03-16 19:00:000000,Portland Timbers,Chicago Fire,1.6361436541214875,1.0316102836341212,0.5147646321968004,0.2463107925807153,0.23892329330459847,Portland Timbers,tie,1.0,1.0,1.3097290000000001,1,1.8257599999999998
15,741378.0,2014-03-16 23:00:000000,Chivas USA,Vancouver Whitecaps,1.5415951965313899,1.0510031706942222,0.4864258399402793,0.2549616395669443,0.2586117860654113,Chivas USA,tie,1.0,1.0,0.865007,1,1.211201
16,741379.0,2014-03-22 18:00:000000,New England Revolution,Vancouver Whitecaps,1.5943592976257732,1.045040879934671,0.5011725573230655,0.250128676186185,0.2486977599232157,New England Revolution,tie,0.0,0.0,1.0894469999999998,1,1.227319
17,741381.0,2014-03-22 20:00:000000,Real Salt Lake,LA Galaxy,1.8459449819770424,1.1034210788277612,0.5473284307046837,0.2273635495040853,0.2253040385524953,Real Salt Lake,tie,1.0,1.0,2.0080400000000003,1,1.1728040000000002
18,741384.0,2014-03-22 20:30:000000,Toronto FC,D.C. United,1.545570601616331,0.9378618249268555,0.5149192873182894,0.25600601463086037,0.2290739569817441,Toronto FC,Toronto FC,1.0,0.0,1.0688469999999999,1,0.7217779999999999
19,741382.0,2014-03-22 22:00:000000,Columbus Crew,Philadelphia Union,1.6395750555325852,0.9378618249268555,0.5385201182416836,0.2461490774575397,0.21532950534412737,Columbus Crew,Columbus Crew,2.0,1.0,1.155568,1,1.301299
20,741383.0,2014-03-22 22:00:000000,Colorado Rapids,Portland Timbers,1.8165564128402785,1.0209783807579191,0.560222098822008,0.2292407241632252,0.21053376101288465,Colorado Rapids,Colorado Rapids,2.0,0.0,0.9097709999999999,1,1.257962
21,741385.0,2014-03-23 00:30:000000,FC Dallas,Chivas USA,1.8622661370280522,0.9432126250724409,0.5894706914934477,0.2235340716060883,0.18699093889078636,FC Dallas,FC Dallas,3.0,1.0,1.260259,1,1.007527
22,741386.0,2014-03-23 00:30:000000,Sporting Kansas City,San Jose Earthquakes,1.7793060514414047,0.9785380153006259,0.5619151655276906,0.23232099916439908,0.20576102439633825,Sporting Kansas City,Sporting Kansas City,1.0,0.0,1.597597,1,1.81233
23,741387.0,2014-03-23 19:00:000000,Chicago Fire,New York Red Bulls,1.6583370196087255,1.0374959485680655,0.5187929635036098,0.244188405498645,0.23701717495417995,Chicago Fire,tie,1.0,1.0,1.623839,1,1.833107
24,741380.0,2014-03-23 20:00:000000,Montreal Impact,Seattle Sounders FC,1.4990815007042568,0.9584720848099278,0.49782278949908076,0.26063123451196396,0.24154542093968556,Montreal Impact,Seattle Sounders FC,0.0,2.0,1.119371,1,1.418827
25,741388.0,2014-03-29 20:00:000000,Philadelphia Union,Montreal Impact,1.5233339048760641,0.9281961052339559,0.5115999051374541,0.2584539266752669,0.22994552328916126,Philadelphia Union,tie,1.0,1.0,1.419684,1,1.332597
26,741389.0,2014-03-29 20:00:000000,D.C. United,Chicago Fire,1.4990815007042568,1.028403192218859,0.4808803421607956,0.2593887314869409,0.2597303645232391,D.C. United,tie,2.0,2.0,0.738999,1,1.3436059999999999
27,741390.0,2014-03-29 22:00:000000,Colorado Rapids,Sporting Kansas City,1.835473024312622,1.116648575487955,0.54184138524381,0.2283562192211201,0.2297986154048174,Colorado Rapids,Sporting Kansas City,2.0,3.0,0.687663,1,1.213091
28,741391.0,2014-03-29 23:00:000000,Vancouver Whitecaps,Houston Dynamo,1.686073124626174,1.146530194189245,0.49981066664552615,0.2409869817238718,0.2592006249627119,Vancouver Whitecaps,Vancouver Whitecaps,2.0,1.0,0.9878290000000001,1,1.251298
29,741392.0,2014-03-30 00:30:000000,FC Dallas,Portland Timbers,1.8622661370280522,1.004723782694054,0.5745135514883186,0.22470378263479596,0.20077836289229656,FC Dallas,FC Dallas,2.0,1.0,1.255347,1,1.094814
30,741393.0,2014-03-30 02:30:000000,Real Salt Lake,Toronto FC,1.851701590231021,0.9584720848099278,0.5833673721982866,0.22489220918699193,0.19173634130158784,Real Salt Lake,Real Salt Lake,3.0,0.0,1.572992,1,1.327224
31,741394.0,2014-03-30 03:00:000000,Seattle Sounders FC,Columbus Crew,1.5689761259144834,1.0316102836341212,0.4980071416950389,0.25268084098493687,0.24931115369139792,Seattle Sounders FC,Columbus Crew,1.0,2.0,1.574799,1,0.9836020000000001
32,741395.0,2014-03-30 03:30:000000,San Jose Earthquakes,New England Revolution,1.5552254046221714,0.9669465364653034,0.5102090072685186,0.254751859955681,0.23503834449962366,San Jose Earthquakes,New England Revolution,1.0,2.0,1.62497,1,0.867583
33,741396.0,2014-03-30 20:00:000000,New York Red Bulls,Chivas USA,1.660920781747854,0.9530347184785065,0.5399939563484237,0.24398488719148645,0.2160196873263596,New York Red Bulls,tie,1.0,1.0,1.7336619999999998,1,1.17911
34,741399.0,2014-04-05 20:00:000000,Portland Timbers,Seattle Sounders FC,1.6226773926988471,0.9669465364653034,0.5271603126795662,0.24788655068480658,0.22495195730014395,Portland Timbers,tie,4.0,4.0,0.9473459999999999,1,1.728488
35,741397.0,2014-04-05 21:00:000000,Montreal Impact,New York Red Bulls,1.4859433454639213,1.0300054897014543,0.47708187642892363,0.260607257849015,0.262310348335423,Montreal Impact,tie,2.0,2.0,1.246399,1,1.498073
36,741400.0,2014-04-05 22:00:000000,Chicago Fire,Philadelphia Union,1.6489293529489726,0.9515521582926508,0.5374272455911148,0.24520966068877914,0.21736172200776824,Chicago Fire,tie,2.0,2.0,1.293061,1,1.1317270000000001
37,741401.0,2014-04-05 23:00:000000,Columbus Crew,Toronto FC,1.6635085695022298,0.961461094974638,0.5385468624519001,0.2437445976284938,0.21770704842522676,Columbus Crew,Toronto FC,0.0,2.0,0.8477319999999999,1,1.1709829999999999
38,741402.0,2014-04-05 23:30:000000,Vancouver Whitecaps,Colorado Rapids,1.7080242119983238,1.146530194189245,0.5050802444462823,0.2391527729529576,0.25576503625034874,Vancouver Whitecaps,Colorado Rapids,1.0,2.0,0.9861690000000001,1,0.789524
39,741403.0,2014-04-06 00:00:000000,D.C. United,New England Revolution,1.5280844454479632,0.9770157816676823,0.5007932885424046,0.25739902613310234,0.2418070177496949,D.C. United,D.C. United,2.0,0.0,0.8604930000000001,1,0.985427
40,741398.0,2014-04-06 01:00:000000,Houston Dynamo,FC Dallas,1.8651676297167759,1.165078961318714,0.5373374192761678,0.22610792731203908,0.236550251841159,Houston Dynamo,FC Dallas,1.0,4.0,1.155471,1,1.296925
41,741404.0,2014-04-06 01:30:000000,Sporting Kansas City,Real Salt Lake,1.835473024312622,1.1753801536944406,0.528214716278168,0.2285638533709393,0.24321762996518564,Sporting Kansas City,tie,0.0,0.0,1.447425,1,1.186387
42,741405.0,2014-04-06 20:00:000000,Chivas USA,LA Galaxy,1.5391970596988382,1.092049085035373,0.47613383117617925,0.25440600078189635,0.26945943650416176,Chivas USA,LA Galaxy,0.0,3.0,1.149161,1,0.789297
43,741406.0,2014-04-12 21:00:000000,Philadelphia Union,Real Salt Lake,1.5714206598441973,1.1530715137812482,0.4701323066656779,0.25039254276647527,0.27947424604222715,Philadelphia Union,tie,2.0,2.0,0.981844,1,1.077607
44,741407.0,2014-04-12 21:00:000000,Montreal Impact,Chicago Fire,1.5076342376842893,1.0391124129656593,0.4805392760768239,0.2583606083629292,0.2610995213575898,Montreal Impact,tie,1.0,1.0,1.5485440000000001,1,1.483737
45,741410.0,2014-04-12 21:00:000000,Toronto FC,Colorado Rapids,1.56166531707201,1.1429658373759626,0.47000514993880255,0.2514137455483956,0.2785802534591877,Toronto FC,Colorado Rapids,0.0,1.0,1.168809,1,0.76097
46,741409.0,2014-04-12 22:00:000000,New England Revolution,Houston Dynamo,1.5431662805627986,1.1632665407972593,0.46069860561792614,0.25246103898710676,0.2868395847797046,New England Revolution,New England Revolution,2.0,0.0,0.781208,1,1.2088700000000001
47,741408.0,2014-04-13 00:00:000000,D.C. United,New York Red Bulls,1.5233339048760641,1.0407313958860023,0.4841978020474062,0.25685176526786924,0.2589497774919606,D.C. United,D.C. United,1.0,0.0,0.839996,1,1.612567
48,741411.0,2014-04-13 01:30:000000,FC Dallas,Seattle Sounders FC,1.9369943023484217,1.004723782694054,0.5910404058039477,0.21768176092345926,0.19127163808223738,FC Dallas,Seattle Sounders FC,2.0,3.0,1.255606,1,1.826387
49,741412.0,2014-04-13 03:30:000000,Portland Timbers,Chivas USA,1.6756060220291316,0.9388176269040059,0.5470842233620047,0.2424131147184436,0.210501066211899,Portland Timbers,tie,1.0,1.0,1.044632,1,1.068986
50,741413.0,2014-04-13 03:30:000000,LA Galaxy,Vancouver Whitecaps,1.7978347582999383,1.042352901253064,0.5507802963806359,0.23119581047062887,0.218020788970035,LA Galaxy,LA Galaxy,1.0,0.0,1.124547,1,1.110846
51,741414.0,2014-04-13 20:00:000000,San Jose Earthquakes,Columbus Crew,1.5640984604394494,1.0300054897014543,0.4971584936036756,0.2531654021099335,0.24967526584777103,San Jose Earthquakes,tie,1.0,1.0,1.60428,1,1.054043
52,741415.0,2014-04-17 00:30:000000,New York Red Bulls,Philadelphia Union,1.6463642449203022,0.9770157816676823,0.5305319347813793,0.24548797103898815,0.22397874066803905,New York Red Bulls,New York Red Bulls,2.0,1.0,1.215662,1,1.081349
53,741416.0,2014-04-19 21:00:000000,Philadelphia Union,Houston Dynamo,1.5705751146390408,1.1411878164797333,0.47265118289089353,0.2507092768353169,0.27663864428720975,Philadelphia Union,tie,0.0,0.0,0.9637209999999999,1,1.135194
54,741417.0,2014-04-19 21:00:000000,Chicago Fire,New England Revolution,1.6661003891439392,0.9684530817705935,0.5374582730816502,0.2434993142295366,0.21904089857698392,Chicago Fire,tie,1.0,1.0,1.571099,1,0.830802
55,741418.0,2014-04-19 23:00:000000,Colorado Rapids,San Jose Earthquakes,1.8622661370280522,0.9714732178301965,0.5825686373303021,0.22411061504980584,0.19331644767176936,Colorado Rapids,tie,0.0,0.0,0.8621770000000001,1,1.48494
56,741419.0,2014-04-20 00:00:000000,Vancouver Whitecaps,LA Galaxy,1.686073124626174,1.123019410936721,0.5052767567776848,0.24118913710821685,0.2535323868304565,Vancouver Whitecaps,tie,2.0,2.0,0.9948020000000001,1,1.110854
57,741420.0,2014-04-20 00:30:000000,Columbus Crew,D.C. United,1.6566486812598271,0.9432126250724409,0.5413805057953395,0.24439277816894675,0.21422528286744544,Columbus Crew,tie,1.0,1.0,0.9574459999999999,1,1.02588
58,741421.0,2014-04-20 01:30:000000,FC Dallas,Toronto FC,1.952131008540446,0.9669465364653034,0.6034087721027072,0.2153394779399099,0.1812450967947973,FC Dallas,FC Dallas,2.0,1.0,1.150727,1,1.181797
59,741422.0,2014-04-20 01:30:000000,Sporting Kansas City,Montreal Impact,1.7978347582999383,0.9446821918981185,0.5745000894196789,0.23000530497489724,0.19549151103385182,Sporting Kansas City,Sporting Kansas City,4.0,0.0,1.5651389999999998,1,1.479017
60,741423.0,2014-04-20 02:30:000000,Real Salt Lake,Portland Timbers,1.8894503592174288,1.004723782694054,0.5805864355922664,0.22213855966837803,0.1972700821825447,Real Salt Lake,Real Salt Lake,1.0,0.0,1.1804350000000001,1,1.018761
61,741424.0,2014-04-20 03:30:000000,Chivas USA,Seattle Sounders FC,1.516235770750335,1.028403192218859,0.4853158623530797,0.2577517710639001,0.25693174121840334,Chivas USA,Seattle Sounders FC,1.0,2.0,1.1028069999999999,1,1.8114599999999998
62,741551.0,2014-04-24 00:30:000000,New York Red Bulls,Houston Dynamo,1.637024499239174,1.11491149425942,0.4952353825839263,0.24548968997365303,0.25927362281685157,New York Red Bulls,New York Red Bulls,4.0,0.0,1.297656,1,1.139872
63,741425.0,2014-04-26 21:00:000000,Montreal Impact,Philadelphia Union,1.525707326214507,0.9654423347725223,0.5030136513672238,0.25778985168904955,0.23919584007194386,Montreal Impact,Montreal Impact,1.0,0.0,1.044657,1,0.733162
64,741430.0,2014-04-26 21:00:000000,Seattle Sounders FC,Colorado Rapids,1.686073124626174,1.1034210788277612,0.5098666693850067,0.24132753068347396,0.2488040858381201,Seattle Sounders FC,Seattle Sounders FC,4.0,1.0,1.6595959999999998,1,0.818387
65,741426.0,2014-04-27 00:00:000000,D.C. United,FC Dallas,1.5209641756801133,1.2194007292168805,0.44246344771996177,0.25263418602380655,0.3049016626542155,D.C. United,D.C. United,4.0,1.0,0.96567,1,1.346586
66,741427.0,2014-04-27 00:30:000000,Columbus Crew,New York Red Bulls,1.6252055955681675,1.004723782694054,0.5185592537645108,0.2475048911300808,0.23393465486919215,Columbus Crew,tie,1.0,1.0,0.8344459999999999,1,1.5320049999999998
67,741428.0,2014-04-27 00:30:000000,New England Revolution,Sporting Kansas City,1.5439970697667833,1.146530194189245,0.4647325660565012,0.25279721888155865,0.2824694468293051,New England Revolution,New England Revolution,2.0,0.0,0.733793,1,1.637261
68,741429.0,2014-04-27 02:30:000000,Real Salt Lake,Vancouver Whitecaps,1.8787315976270607,1.0407313958860023,0.569567258261244,0.22373563939375876,0.20669242834060692,Real Salt Lake,tie,2.0,2.0,1.0053290000000001,1,0.8582930000000001
69,741431.0,2014-04-27 03:30:000000,San Jose Earthquakes,Chivas USA,1.5640984604394494,0.95451958855845,0.5155235080151442,0.25394296379021536,0.23053269701442394,San Jose Earthquakes,San Jose Earthquakes,1.0,0.0,1.4184729999999999,1,0.840464
70,741432.0,2014-04-27 20:00:000000,Houston Dynamo,Portland Timbers,1.7692121332452162,0.9841208860557499,0.558202775131147,0.23337137758540277,0.20842318175886573,Houston Dynamo,tie,1.0,1.0,0.949725,1,0.963849
71,741433.0,2014-05-03 18:00:000000,Toronto FC,New England Revolution,1.5689761259144834,0.9599654265461738,0.5154188579074758,0.2534005887145718,0.2311796968491558,Toronto FC,New England Revolution,1.0,2.0,1.02,1,0.7857430000000001
72,741434.0,2014-05-04 00:00:000000,Vancouver Whitecaps,San Jose Earthquakes,1.6566486812598271,0.9584720848099278,0.537609012970456,0.24443462508529143,0.21795492779367137,Vancouver Whitecaps,Vancouver Whitecaps,3.0,2.0,1.077388,1,1.3638059999999999
73,741435.0,2014-05-04 01:30:000000,Chicago Fire,Real Salt Lake,1.637024499239174,1.144746628507084,0.4883027184161391,0.24510373954494752,0.2665922283918325,Chicago Fire,Real Salt Lake,2.0,3.0,1.6509630000000002,1,0.88494
74,741436.0,2014-05-04 02:00:000000,Colorado Rapids,LA Galaxy,1.8006358640619027,1.092049085035373,0.5396164712431686,0.23126255283741629,0.2291178172573187,Colorado Rapids,Colorado Rapids,1.0,0.0,0.785485,1,1.375999
75,741437.0,2014-05-04 03:00:000000,Seattle Sounders FC,Philadelphia Union,1.713350712177248,0.961461094974638,0.5505694881746844,0.23870903042074806,0.21071951092884902,Seattle Sounders FC,Seattle Sounders FC,2.0,1.0,2.305532,1,0.659849
76,741438.0,2014-05-04 03:30:000000,Chivas USA,Houston Dynamo,1.532025009539186,1.08416476629363,0.47615351492698293,0.2552047117501447,0.26864107452012276,Chivas USA,Houston Dynamo,1.0,4.0,0.683195,1,1.056719
77,741439.0,2014-05-04 03:30:000000,Portland Timbers,D.C. United,1.5665353947514544,0.9785380153006259,0.5102432500544221,0.25349869622504795,0.23625720834923808,Portland Timbers,Portland Timbers,3.0,2.0,0.738348,1,1.40735
78,741440.0,2014-05-04 20:00:000000,FC Dallas,New York Red Bulls,1.952131008540446,0.9912776605491654,0.5975483803553173,0.21595285746822657,0.18649210697074792,FC Dallas,New York Red Bulls,0.0,1.0,1.404882,1,1.5921290000000001
79,741441.0,2014-05-04 21:00:000000,Sporting Kansas City,Columbus Crew,1.8006358640619027,0.9785380153006259,0.5668479178524785,0.23023318775002727,0.20291575200630851,Sporting Kansas City,Sporting Kansas City,2.0,0.0,1.539113,1,0.775836
80,741443.0,2014-05-08 01:00:000000,Houston Dynamo,Columbus Crew,1.8137305407489266,0.9785380153006259,0.5698541563413376,0.22895519654212443,0.201187284656726,Houston Dynamo,Houston Dynamo,1.0,0.0,1.085772,1,0.822189
81,741444.0,2014-05-08 03:00:000000,Seattle Sounders FC,FC Dallas,1.7177690336333622,1.1857724253599702,0.4983689636815554,0.23802860451886038,0.2636003644217354,Seattle Sounders FC,Seattle Sounders FC,2.0,1.0,2.2328770000000002,1,1.238404
82,741442.0,2014-05-08 03:30:000000,San Jose Earthquakes,Colorado Rapids,1.56166531707201,1.0937505456230705,0.4814287228863978,0.2523882294460306,0.2661822102553414,San Jose Earthquakes,tie,0.0,0.0,0.830002,1,0.712015
83,741445.0,2014-05-10 21:00:000000,Philadelphia Union,D.C. United,1.5479786687079942,0.985654189754365,0.5037853635621004,0.25528936701333343,0.2409245138447379,Philadelphia Union,D.C. United,0.0,1.0,0.565882,1,1.632089
84,741446.0,2014-05-10 21:00:000000,Montreal Impact,Sporting Kansas City,1.5123358185988727,1.1311862904224463,0.46020338665150456,0.25581222418345057,0.283983757510384,Montreal Impact,Sporting Kansas City,0.0,3.0,1.11014,1,1.592013
85,741447.0,2014-05-11 00:00:000000,New York Red Bulls,Chicago Fire,1.6034556247553233,1.0062891866133488,0.5127735259960134,0.24961576255385173,0.237609654504824,New York Red Bulls,Chicago Fire,4.0,5.0,1.495199,1,1.7434029999999998
86,741448.0,2014-05-11 00:30:000000,Columbus Crew,Vancouver Whitecaps,1.5479786687079942,1.0300054897014543,0.493065233416601,0.25469960373185874,0.2522344024210782,Columbus Crew,Vancouver Whitecaps,0.0,1.0,0.864766,1,1.2886959999999998
87,741449.0,2014-05-11 03:30:000000,San Jose Earthquakes,FC Dallas,1.55039048767428,1.1839278136650986,0.45783010680203523,0.25136839696322694,0.2908006836507483,San Jose Earthquakes,San Jose Earthquakes,2.0,1.0,1.090136,1,0.960726
88,741450.0,2014-05-11 19:30:000000,Portland Timbers,LA Galaxy,1.5779276339723125,1.08416476629363,0.4877738061447099,0.2511055540533806,0.2611197197096722,Portland Timbers,tie,1.0,1.0,1.133132,1,1.37999
89,741451.0,2014-05-11 20:00:000000,Colorado Rapids,Chivas USA,1.7609683037220605,0.9560067721313981,0.5631624010311548,0.23387038535946714,0.20296466441069674,Colorado Rapids,Chivas USA,1.0,3.0,0.674441,1,0.558929
90,741452.0,2014-05-11 23:00:000000,New England Revolution,Seattle Sounders FC,1.5528060643607744,1.0702463608706672,0.4847165229893009,0.25359886581301966,0.26168382176319155,New England Revolution,New England Revolution,5.0,0.0,0.774588,1,2.2999680000000002
91,741453.0,2014-05-12 00:00:000000,Houston Dynamo,Real Salt Lake,1.8109090646416577,1.1668942056711924,0.5245306183464082,0.23056242609411032,0.244903602549048,Houston Dynamo,Real Salt Lake,2.0,5.0,1.003679,1,1.147814
92,741454.0,2014-05-15 01:30:000000,Sporting Kansas City,Philadelphia Union,1.8459449819770424,0.9560067721313981,0.5826741550890484,0.22541186546240322,0.19191001883285894,Sporting Kansas City,Philadelphia Union,1.0,2.0,1.5820040000000002,1,0.6633359999999999
93,741456.0,2014-05-17 21:30:000000,Toronto FC,New York Red Bulls,1.5185981328830827,1.019390126029542,0.4880857461592334,0.257686928937779,0.25422669142931886,Toronto FC,Toronto FC,2.0,0.0,1.042203,1,1.577587
94,741455.0,2014-05-18 00:00:000000,Philadelphia Union,New England Revolution,1.5552254046221714,0.9959182460874784,0.5031352106453708,0.254449282601892,0.2424147159893771,Philadelphia Union,New England Revolution,3.0,5.0,0.8411420000000001,1,0.9882540000000001
95,741457.0,2014-05-18 00:00:000000,D.C. United,Montreal Impact,1.60595387926332,0.9349461806616303,0.5309098152404795,0.24966303932713435,0.2194260784395199,D.C. United,tie,1.0,1.0,1.285731,1,0.956318
96,741458.0,2014-05-18 01:30:000000,FC Dallas,Chivas USA,1.8728909579262751,0.9754959160523292,0.5839665886118158,0.22315912502922236,0.1928697525830593,FC Dallas,tie,1.0,1.0,1.0022520000000001,1,0.717059
97,741459.0,2014-05-18 01:30:000000,Houston Dynamo,LA Galaxy,1.784854845149824,1.090350271274361,0.5363571595792797,0.232649177524864,0.23099075295713423,Houston Dynamo,Houston Dynamo,1.0,0.0,1.151931,1,1.346894
98,741460.0,2014-05-18 02:30:000000,Real Salt Lake,Colorado Rapids,1.9460621832308507,1.101704574561982,0.5700554972143238,0.21866725935392317,0.21127075929452724,Real Salt Lake,Real Salt Lake,2.0,1.0,1.4839149999999999,1,0.8427319999999999
99,741461.0,2014-05-18 03:00:000000,Seattle Sounders FC,San Jose Earthquakes,1.713350712177248,0.97246327414518,0.54786722425302,0.2387845501186767,0.21334625432838705,Seattle Sounders FC,Seattle Sounders FC,1.0,0.0,2.1971439999999998,1,1.1601350000000001
100,741462.0,2014-05-18 03:30:000000,Portland Timbers,Columbus Crew,1.5943592976257732,0.9599654265461738,0.5218177513638638,0.25079569055843903,0.22738556051958675,Portland Timbers,tie,3.0,3.0,1.185194,1,0.749146
101,741463.0,2014-05-18 20:00:000000,Chicago Fire,Sporting Kansas City,1.6808314255763697,1.1358703321395685,0.5010187884893837,0.24152644528719935,0.25745309211903594,Chicago Fire,Chicago Fire,2.0,1.0,1.836368,1,1.553353
102,741464.0,2014-05-22 00:00:000000,D.C. United,Houston Dynamo,1.6009612565828355,1.10686211469395,0.48820542562361585,0.2487257683234786,0.2630677473958212,D.C. United,D.C. United,2.0,0.0,1.369112,1,1.249831
103,741465.0,2014-05-22 03:30:000000,LA Galaxy,FC Dallas,1.7509784146923164,1.165078961318714,0.5109850587330705,0.2354819546077827,0.25353052996848646,LA Galaxy,LA Galaxy,2.0,1.0,1.377638,1,1.08522
104,741466.0,2014-05-24 01:30:000000,Sporting Kansas City,Toronto FC,1.8651676297167759,0.9584720848099278,0.5863865814077711,0.2235689281858711,0.19004012871569764,Sporting Kansas City,tie,2.0,2.0,1.450065,1,0.879576
105,741467.0,2014-05-25 00:00:000000,Vancouver Whitecaps,Seattle Sounders FC,1.6293966118629988,1.0592162698150593,0.506494629568065,0.24674120008282632,0.24676293317640646,Vancouver Whitecaps,tie,2.0,2.0,1.275915,1,2.203182
106,741468.0,2014-05-25 00:00:000000,New York Red Bulls,Portland Timbers,1.6319352835718104,0.9969332150342791,0.5221159669463381,0.2468789432503354,0.23100384260597873,New York Red Bulls,Portland Timbers,1.0,2.0,1.482489,1,1.3287360000000001
107,741469.0,2014-05-25 00:30:000000,New England Revolution,D.C. United,1.6834502349910483,1.012030386631434,0.5310377263144653,0.24184702930545432,0.2271135706514907,New England Revolution,New England Revolution,2.0,1.0,1.394953,1,1.2678719999999999
108,741470.0,2014-05-25 00:30:000000,Columbus Crew,Chicago Fire,1.545570601616331,1.0374959485680655,0.4906588271087281,0.25481255001761527,0.2545278724968801,Columbus Crew,Columbus Crew,2.0,0.0,0.8237059999999999,1,1.76216
109,741471.0,2014-05-25 02:00:000000,Colorado Rapids,Montreal Impact,1.7793060514414047,0.9402803461289035,0.5713073066526361,0.23180748890256808,0.19688239621478418,Colorado Rapids,Colorado Rapids,4.0,1.0,0.9467110000000001,1,1.226132
110,741472.0,2014-05-25 02:30:000000,Real Salt Lake,FC Dallas,1.9632685371262957,1.1429658373759626,0.5642180704258215,0.21779611593195872,0.2179787709246519,Real Salt Lake,tie,0.0,0.0,1.570565,1,0.990668
111,741473.0,2014-05-26 01:00:000000,LA Galaxy,Philadelphia Union,1.7582289056235103,0.9785380153006259,0.5569969935240536,0.23439127369732468,0.20860921885486627,LA Galaxy,LA Galaxy,4.0,1.0,1.096964,1,0.968842
112,741474.0,2014-05-26 03:30:000000,San Jose Earthquakes,Houston Dynamo,1.5528060643607744,1.0954546571613264,0.47879050227246167,0.2531378082443463,0.2680708948262995,San Jose Earthquakes,San Jose Earthquakes,3.0,0.0,0.888667,1,1.06285
113,741475.0,2014-05-28 01:00:000000,Sporting Kansas City,New York Red Bulls,1.8758090045540636,1.0104560515846572,0.5761675710647486,0.22352345731649165,0.20030436846264385,Sporting Kansas City,tie,1.0,1.0,1.190316,1,1.3969799999999999
114,741476.0,2014-05-29 03:30:000000,Chivas USA,Portland Timbers,1.5479786687079942,1.0136071745615756,0.49700827244407203,0.25493516819941503,0.2480558009457463,Chivas USA,Portland Timbers,0.0,2.0,0.7556689999999999,1,1.327075
115,741481.0,2014-05-31 21:00:000000,Seattle Sounders FC,Real Salt Lake,1.713350712177248,1.1857724253599702,0.4973165434810504,0.2383824183648464,0.26429901913799225,Seattle Sounders FC,Seattle Sounders FC,4.0,0.0,2.078681,1,1.327386
116,741479.0,2014-05-31 22:00:000000,Toronto FC,Columbus Crew,1.5779276339723125,0.961461094974638,0.5173147956517041,0.25247169927267954,0.230212600868022,Toronto FC,Toronto FC,3.0,2.0,0.8965690000000001,1,0.946176
117,741477.0,2014-06-01 00:00:000000,Montreal Impact,New England Revolution,1.5076342376842893,1.0542807404952985,0.4769371267598153,0.2580462228440999,0.2650160538756357,Montreal Impact,Montreal Impact,2.0,0.0,0.860324,1,1.3971930000000001
118,741478.0,2014-06-01 00:00:000000,D.C. United,Sporting Kansas City,1.6489293529489726,1.165078961318714,0.48652878820411183,0.24383487627096623,0.26963492346932294,D.C. United,D.C. United,1.0,0.0,1.370488,1,1.215754
119,741480.0,2014-06-01 01:30:000000,FC Dallas,San Jose Earthquakes,1.8193866877648501,0.961461094974638,0.575317257972915,0.228132477187985,0.19654680453512505,FC Dallas,San Jose Earthquakes,1.0,2.0,0.9661799999999999,1,1.077546
120,741482.0,2014-06-01 03:30:000000,Chivas USA,Philadelphia Union,1.522514234044418,0.9770157816676823,0.49935797354327266,0.2579630542813805,0.24267832736437653,Chivas USA,Philadelphia Union,0.0,3.0,0.513405,1,1.048092
121,741484.0,2014-06-01 21:00:000000,Chicago Fire,LA Galaxy,1.6514984575289646,1.1329487285004338,0.4945763174781092,0.24403843829893324,0.26138382309018493,Chicago Fire,tie,1.0,1.0,1.4951020000000002,1,1.430848
122,741483.0,2014-06-02 01:00:000000,Colorado Rapids,Houston Dynamo,1.8080919776799893,1.08416476629363,0.5432001179674226,0.23056128890082397,0.22623531246884596,Colorado Rapids,Colorado Rapids,3.0,0.0,1.200814,1,1.0356049999999999
123,741485.0,2014-06-02 02:00:000000,Portland Timbers,Vancouver Whitecaps,1.6661003891439392,0.9974699305927879,0.5303624512857631,0.24352895708074238,0.22610707499539137,Portland Timbers,Vancouver Whitecaps,3.0,4.0,1.3488440000000002,1,1.381207
124,741486.0,2014-06-05 00:30:000000,Columbus Crew,Real Salt Lake,1.5479786687079942,1.1735517084286748,0.459573725429448,0.2518196698348749,0.2886058079493495,Columbus Crew,tie,1.0,1.0,1.00468,1,1.2481520000000002
125,741487.0,2014-06-05 02:00:000000,Colorado Rapids,Chicago Fire,1.8297668677604775,1.024162317782689,0.5624764016500475,0.22804055588893174,0.20947938746407677,Colorado Rapids,tie,0.0,0.0,1.420053,1,1.144321
126,741488.0,2014-06-07 01:30:000000,Houston Dynamo,Sporting Kansas City,1.7537065162065555,1.127669635054979,0.5203062231959241,0.2353825183764094,0.24430877903330164,Houston Dynamo,Sporting Kansas City,0.0,2.0,0.857276,1,1.1089870000000002
127,741490.0,2014-06-07 21:00:000000,Toronto FC,San Jose Earthquakes,1.6109620715156021,0.9754959160523292,0.5221509685586302,0.2490443137455324,0.22880361594483178,Toronto FC,Toronto FC,1.0,0.0,0.8901530000000001,1,1.144015
128,741491.0,2014-06-07 23:30:000000,D.C. United,Columbus Crew,1.6319352835718104,0.9699619743398443,0.5287098355275831,0.24694472544220283,0.22434419419070162,D.C. United,tie,0.0,0.0,1.0122389999999999,1,1.110867
129,741489.0,2014-06-08 00:00:000000,Philadelphia Union,Vancouver Whitecaps,1.586930213232046,1.019390126029542,0.5054686895403022,0.2511037702389644,0.24342658038024045,Philadelphia Union,tie,3.0,3.0,1.107364,1,1.564162
130,741493.0,2014-06-08 01:30:000000,FC Dallas,Colorado Rapids,1.7747294489121062,1.11491149425942,0.5282193993337209,0.23358570412871385,0.2381921307352003,FC Dallas,FC Dallas,3.0,2.0,1.1787219999999998,1,1.298241
131,741494.0,2014-06-08 01:30:000000,Chicago Fire,Seattle Sounders FC,1.637024499239174,1.089255462673428,0.5012558073202398,0.24577126954411366,0.2529716247276382,Chicago Fire,Seattle Sounders FC,2.0,3.0,0.775971,1,1.6268559999999999
132,741495.0,2014-06-08 03:00:000000,Real Salt Lake,Portland Timbers,1.8593691579603508,1.045040879934671,0.564189604129245,0.22556772176377335,0.2102384278146521,Real Salt Lake,Portland Timbers,1.0,3.0,1.123078,1,1.6745009999999998
133,741492.0,2014-06-08 22:00:000000,New England Revolution,New York Red Bulls,1.7080242119983238,1.012030386631434,0.5369515904529039,0.2394849786315939,0.22356151280298084,New England Revolution,New York Red Bulls,0.0,2.0,1.429821,1,1.116333
134,741496.0,2014-06-09 01:00:000000,LA Galaxy,Chivas USA,1.8402062699860278,0.9446821918981185,0.5841549538108384,0.22576069316620842,0.19008050638702859,LA Galaxy,tie,1.0,1.0,1.162498,1,0.456654
135,741497.0,2014-06-12 00:30:000000,Montreal Impact,D.C. United,1.5439970697667833,0.9928221148177526,0.5010239387922797,0.25559979114567516,0.24337553205971504,Montreal Impact,D.C. United,2.0,4.0,1.107855,1,0.75553
136,741498.0,2014-06-12 03:00:000000,Portland Timbers,FC Dallas,1.6756060220291316,1.09999074052514,0.5081422377610023,0.2422687230593953,0.24958742260521613,Portland Timbers,tie,2.0,2.0,1.578009,1,1.3002770000000001
137,741500.0,2014-06-26 03:00:000000,Vancouver Whitecaps,Montreal Impact,1.6904211037119308,0.963940473046479,0.5444596063682232,0.24103345188734385,0.21450520605990725,Vancouver Whitecaps,tie,0.0,0.0,1.533828,1,1.169781
138,741501.0,2014-06-28 01:00:000000,New York Red Bulls,Toronto FC,1.637024499239174,0.9887279677378409,0.5253707857410863,0.2464012086437461,0.22822672197143812,New York Red Bulls,tie,2.0,2.0,0.959283,1,0.8566299999999999
139,741502.0,2014-06-28 04:00:000000,Portland Timbers,Sporting Kansas City,1.6983346722707122,1.1530715137812482,0.5012453805498621,0.2399068649291912,0.25884590574905625,Portland Timbers,Sporting Kansas City,0.0,1.0,1.807294,1,0.956666
140,741504.0,2014-06-29 00:00:000000,D.C. United,Seattle Sounders FC,1.6514984575289646,1.0780294614690586,0.5074565291218358,0.2445764031266874,0.2479656603742207,D.C. United,Seattle Sounders FC,0.0,1.0,0.877907,1,1.5153290000000001
141,741505.0,2014-06-29 00:30:000000,New England Revolution,Philadelphia Union,1.6782166900348638,0.9928221148177526,0.5344378228121449,0.2423388280699517,0.2232217257224518,New England Revolution,Philadelphia Union,1.0,3.0,1.609326,1,1.561974
142,741507.0,2014-06-29 02:00:000000,Colorado Rapids,Vancouver Whitecaps,1.8137305407489266,1.0300054897014543,0.5574033303399317,0.22960464069076988,0.21298866104570927,Colorado Rapids,Colorado Rapids,2.0,0.0,1.379903,1,1.446081
143,741503.0,2014-06-29 03:30:000000,San Jose Earthquakes,LA Galaxy,1.5665353947514544,1.144746628507084,0.4708189988077083,0.25097145745003296,0.27820866747698375,San Jose Earthquakes,LA Galaxy,0.0,1.0,1.099991,1,1.3515700000000002
144,741508.0,2014-06-29 03:30:000000,Chivas USA,Real Salt Lake,1.5209641756801133,1.1614569397140193,0.4554848648411711,0.25430061724473313,0.29021384224865215,Chivas USA,Chivas USA,1.0,0.0,0.511058,1,0.9378489999999999
145,741506.0,2014-06-29 19:00:000000,Columbus Crew,FC Dallas,1.5479786687079942,1.10686211469395,0.47490544190152545,0.25333382156351253,0.2717599617866136,Columbus Crew,tie,0.0,0.0,0.965569,1,1.384693
146,741509.0,2014-06-30 00:30:000000,Montreal Impact,Houston Dynamo,1.545570601616331,1.082478217539162,0.47999834586662615,0.25402808109565134,0.2659728149303717,Montreal Impact,Montreal Impact,3.0,0.0,1.201671,1,0.8424809999999999
147,741510.0,2014-07-03 01:30:000000,Chicago Fire,Toronto FC,1.637024499239174,0.9943689754141354,0.5239954114200522,0.24638667165517816,0.2296166327511937,Chicago Fire,tie,1.0,1.0,0.810239,1,1.005347
148,741511.0,2014-07-03 03:30:000000,San Jose Earthquakes,Chivas USA,1.5552254046221714,0.9530347184785065,0.5136324556476561,0.25487333620846064,0.2314934208441432,San Jose Earthquakes,Chivas USA,0.0,1.0,0.847664,1,0.718762
149,741512.0,2014-07-05 01:30:000000,Houston Dynamo,New York Red Bulls,1.7537065162065555,1.0268033873028064,0.5442249734571339,0.23520336821377066,0.22056919936168862,Houston Dynamo,tie,2.0,2.0,0.752524,1,1.11059
150,741513.0,2014-07-05 02:00:000000,FC Dallas,Philadelphia Union,1.7637119699235397,1.0136071745615756,0.549757463298776,0.23416835911822811,0.2160715857400036,FC Dallas,FC Dallas,2.0,1.0,1.235239,1,1.620859
151,741514.0,2014-07-05 02:30:000000,Colorado Rapids,Columbus Crew,1.854586622890385,0.9515521582926508,0.5857078841136235,0.2244700329937538,0.18981794652143308,Colorado Rapids,tie,1.0,1.0,1.371055,1,0.9305530000000001
152,741515.0,2014-07-05 03:00:000000,Real Salt Lake,New England Revolution,1.8402062699860278,1.0466690996677468,0.5594618754291066,0.22734129851861173,0.21319296916229716,Real Salt Lake,Real Salt Lake,2.0,1.0,0.6062029999999999,1,1.8593439999999999
153,741516.0,2014-07-05 04:00:000000,LA Galaxy,Portland Timbers,1.8137305407489266,1.0515689957116325,0.5522409890384161,0.22981358234386287,0.21794205756003884,LA Galaxy,tie,2.0,2.0,1.298591,1,1.615477
154,741517.0,2014-07-06 00:00:000000,Toronto FC,D.C. United,1.6201531227533155,1.012030386631434,0.5155368414701554,0.2479563295845483,0.23650566269277462,Toronto FC,D.C. United,1.0,2.0,0.956765,1,0.771262
155,741518.0,2014-07-06 03:00:000000,Vancouver Whitecaps,Seattle Sounders FC,1.6514984575289646,1.0592162698150593,0.5119254499252205,0.24471004358670448,0.2433631025721061,Vancouver Whitecaps,Vancouver Whitecaps,1.0,0.0,1.2243709999999999,1,1.261588
156,741519.0,2014-07-06 03:30:000000,Chivas USA,Montreal Impact,1.5439970697667833,0.9729868159044884,0.505861862758822,0.2558341407102143,0.23830326025226267,Chivas USA,Chivas USA,1.0,0.0,0.725304,1,1.545623
157,741520.0,2014-07-06 20:00:000000,Sporting Kansas City,Chicago Fire,1.8109090646416577,1.0078570295009177,0.562091664396059,0.22961978898139968,0.2082852298874149,Sporting Kansas City,tie,1.0,1.0,0.7993,1,0.805858
