,fixture_id,time.starting_at.date,Team.data.name,op_Team.data.name,gs_expected_score,gs_op_expected_score,gs_local_prob,gs_tie_prob,gs_visitor_prob,gs_expected_winner,winner,expected_goals,is_home,op_expected_goals
0,441999.0,2012-08-18 15:00:000000,Arsenal,Sunderland,2.0686846475884053,1.1135654627431582,0.593476938862686,0.20843778468120472,0.1980739260939972,Arsenal,tie,2.24163,1,0.6889890000000001
1,442001.0,2012-08-18 15:00:000000,Fulham,Norwich City,1.4409366068769367,1.0591154551213657,0.4583852368378964,0.264064182089594,0.2775501889618182,Fulham,Fulham,1.412766,1,1.181886
2,442004.0,2012-08-18 15:00:000000,Queens Park Rangers,Swansea City,1.4069531753351912,1.0591154551213657,0.4493586559188861,0.2671731768638115,0.2834678524956096,Queens Park Rangers,Swansea City,0.887495,1,1.27938
3,442006.0,2012-08-18 15:00:000000,West Bromwich Albion,Liverpool,1.4018988040675728,1.5967766625347717,0.33628976027519825,0.2418172345785213,0.421891713185732,Liverpool,West Bromwich Albion,1.362463,1,1.391061
4,442003.0,2012-08-18 17:30:000000,Newcastle United,Tottenham Hotspur,1.3721241883352395,1.1202648701103952,0.42598083929831776,0.26790847073906643,0.30611042603034594,Newcastle United,Newcastle United,1.266659,1,1.556605
5,442008.0,2012-08-19 13:30:000000,Wigan Athletic,Chelsea,1.535140904997601,1.4757830804916952,0.39183863023643606,0.24238252497860616,0.3657776837385931,Wigan Athletic,Chelsea,1.564821,1,1.382678
6,442000.0,2012-08-20 20:00:000000,Everton,Manchester United,1.3445939978537838,1.4427074986752395,0.3511532116741197,0.25312244576673193,0.3957237731129146,Manchester United,Everton,1.625018,1,1.787088
7,442009.0,2012-08-25 15:00:000000,Aston Villa,Everton,1.355762106667979,1.0718974420839187,0.43260947719596343,0.27131915885849184,0.29607113691922227,Aston Villa,Everton,0.723587,1,1.983854
8,442012.0,2012-08-25 15:00:000000,Manchester United,Fulham,2.0102269408177733,1.0061201926730519,0.6063980091588869,0.2109336277788255,0.18265964550596084,Manchester United,Manchester United,1.832945,1,1.401699
9,442013.0,2012-08-25 15:00:000000,Norwich City,Queens Park Rangers,1.6570206008888433,1.1162404045696288,0.49981613823345367,0.24374836376629688,0.25643403704521356,Norwich City,tie,1.050776,1,0.775038
10,442018.0,2012-08-25 15:00:000000,Tottenham Hotspur,West Bromwich Albion,1.4461317240730758,1.0304219372441366,0.46653239509993766,0.2643864926240482,0.26908071120488475,Tottenham Hotspur,tie,1.630362,1,1.516879
11,442010.0,2012-08-25 17:30:000000,Chelsea,Newcastle United,2.1390821584286646,1.0353783216957217,0.6259909462951272,0.20024034438649513,0.17375334371671666,Chelsea,Chelsea,1.6695659999999999,1,1.138889
12,442015.0,2012-08-26 13:30:000000,Stoke City,Arsenal,1.3985393147208982,1.5150596903179907,0.35073767640691933,0.24663016222776382,0.4026312738881072,Arsenal,tie,0.575908,1,1.952382
13,442011.0,2012-08-26 16:00:000000,Liverpool,Manchester City,2.113574382043166,1.5741528104767881,0.5023083790040768,0.2092748347037871,0.2884021423619685,Liverpool,tie,1.111774,1,2.5531639999999998
14,442024.0,2012-09-01 15:00:000000,Swansea City,Sunderland,1.3754202248102287,0.9706769246904475,0.46184356193594106,0.2731167752957241,0.2650394173023923,Swansea City,tie,1.543291,1,0.768803
15,442025.0,2012-09-01 15:00:000000,Tottenham Hotspur,Norwich City,1.5722205724424612,1.0578456697157876,0.49256255334765187,0.25202004141080964,0.255416520686427,Tottenham Hotspur,tie,1.53872,1,1.071272
16,442026.0,2012-09-01 15:00:000000,West Bromwich Albion,Everton,1.3671949375295231,1.0158224544157075,0.4488093045443229,0.2724121574618651,0.27877830172329926,West Bromwich Albion,West Bromwich Albion,1.486065,1,1.829352
17,442028.0,2012-09-01 15:00:000000,Wigan Athletic,Stoke City,1.4120257695079415,1.0820978906476095,0.4453671139334133,0.26593448525780106,0.2886980712188659,Wigan Athletic,tie,1.22737,1,0.601634
18,442021.0,2012-09-01 17:30:000000,Manchester City,Queens Park Rangers,2.2707423299625127,1.0859992596133086,0.6400988248660523,0.19075823013672955,0.1691166237904814,Manchester City,Manchester City,2.088111,1,0.7746850000000001
19,442020.0,2012-09-02 13:30:000000,Liverpool,Arsenal,1.8959448114609498,1.594862269073464,0.4512729395579774,0.22070294470382418,0.3280180507427044,Liverpool,Arsenal,1.042834,1,1.792921
20,442022.0,2012-09-02 16:00:000000,Newcastle United,Aston Villa,1.5277921433390982,1.0515195416168182,0.482775185758818,0.2562339875984315,0.26099015156403693,Newcastle United,tie,0.835145,1,0.7004130000000001
21,442030.0,2012-09-15 15:00:000000,Aston Villa,Swansea City,1.3935151696015866,1.0964718146279384,0.4371220883621439,0.2670368485286917,0.29584076740947995,Aston Villa,Aston Villa,0.690025,1,1.5942180000000001
22,442032.0,2012-09-15 15:00:000000,Fulham,West Bromwich Albion,1.3754202248102287,1.0616596003240975,0.4402975546498951,0.26995355445605995,0.2897486345209585,Fulham,Fulham,1.694649,1,1.658928
23,442033.0,2012-09-15 15:00:000000,Manchester United,Wigan Athletic,2.128842313409179,1.0642098569236378,0.6172388388846348,0.20202449957681204,0.1807219455167467,Manchester United,Manchester United,1.669952,1,1.235059
24,442035.0,2012-09-15 15:00:000000,Queens Park Rangers,Chelsea,1.400218051857892,1.564739062695314,0.34180006567233906,0.24373464027787167,0.4144641826245753,Chelsea,tie,0.8941370000000001,1,1.1454309999999999
25,442037.0,2012-09-15 15:00:000000,Stoke City,Manchester City,1.4374835679229185,1.491802955005769,0.3648105093456023,0.24623400855300323,0.3889545931483737,Manchester City,tie,0.810176,1,2.287084
26,442038.0,2012-09-15 17:30:000000,Sunderland,Liverpool,1.4757408714354434,1.468718466368732,0.37875420653142805,0.24560518223192376,0.3756396896332896,Sunderland,tie,0.7528699999999999,1,0.9585110000000001
27,442031.0,2012-09-17 20:00:000000,Everton,Newcastle United,1.4600771240396924,1.0591154551213657,0.4634227233253839,0.2623096858195283,0.27426714773617744,Everton,tie,1.622325,1,0.749923
28,442044.0,2012-09-22 12:45:000000,Swansea City,Everton,1.4953437070790676,1.10042500698357,0.46294422685653003,0.2580624423319926,0.2789927690771769,Swansea City,Everton,1.349815,1,1.854669
29,442039.0,2012-09-22 15:00:000000,Chelsea,Stoke City,2.0711677939011914,0.9718420770636047,0.6272011083886625,0.20427047592836603,0.1685169626853466,Chelsea,Chelsea,1.27368,1,0.836047
30,442048.0,2012-09-22 15:00:000000,Wigan Athletic,Fulham,1.4478675887746488,1.1583875769374092,0.4373731165320642,0.26026970123906584,0.3023567463779717,Wigan Athletic,Fulham,0.963108,1,1.903779
31,442040.0,2012-09-23 13:30:000000,Liverpool,Manchester United,2.0030053548622626,1.5223472081986744,0.489536690385448,0.2158467296715546,0.2946075200631686,Liverpool,Manchester United,1.2471700000000001,1,1.9626990000000002
32,442042.0,2012-09-23 15:00:000000,Newcastle United,Norwich City,1.3671949375295231,1.0553106641593775,0.4395482042816237,0.27094482621012367,0.28950672773483144,Newcastle United,Newcastle United,0.748757,1,1.67724
33,442041.0,2012-09-23 16:00:000000,Manchester City,Arsenal,1.9817451387103702,1.4793281202948159,0.49393954208084284,0.2174105461635748,0.2886417931412965,Manchester City,tie,2.358158,1,1.813086
34,442045.0,2012-09-23 16:00:000000,Tottenham Hotspur,Queens Park Rangers,1.4443979405191751,1.02672022554226,0.46695374168257997,0.2646510022530537,0.26839485995414314,Tottenham Hotspur,Tottenham Hotspur,1.310408,1,0.972584
35,442049.0,2012-09-29 12:45:000000,Arsenal,Chelsea,1.9050644070799259,1.4775545372089223,0.4774672744815324,0.22200186896860014,0.3005250774395708,Arsenal,Chelsea,1.176182,1,1.081005
36,442052.0,2012-09-29 15:00:000000,Fulham,Manchester City,1.4137206951154768,1.4479090006008595,0.36751348923146293,0.24961622487953175,0.3828695827857921,Manchester City,Manchester City,2.0522270000000002,1,2.44502
37,442054.0,2012-09-29 15:00:000000,Norwich City,Liverpool,1.4357601527404844,1.4255037367155197,0.37746745558390327,0.24967164294136612,0.3728602030141718,Norwich City,Liverpool,1.5769540000000002,1,1.142098
38,442057.0,2012-09-29 15:00:000000,Stoke City,Swansea City,1.5168349083014872,1.0378654469448312,0.48320964378390413,0.25751768875797526,0.2592720384758966,Stoke City,Stoke City,1.06797,1,1.2913569999999999
39,442058.0,2012-09-29 15:00:000000,Sunderland,Wigan Athletic,1.5553371253394381,1.0616596003240975,0.48738995664199253,0.253513419057991,0.25909582429420036,Sunderland,Sunderland,0.6344989999999999,1,0.980283
40,442053.0,2012-09-29 17:30:000000,Manchester United,Tottenham Hotspur,2.0198962395715188,1.0049139438823878,0.6087195476344814,0.21001279097643943,0.1812585518516579,Manchester United,Tottenham Hotspur,1.617357,1,1.566663
41,442050.0,2012-09-30 16:00:000000,Aston Villa,West Bromwich Albion,1.4340388037798542,1.0025057831228505,0.46998895386032447,0.26629934635066227,0.2637113322935934,Aston Villa,tie,1.057701,1,1.2932290000000002
42,442061.0,2012-10-06 12:45:000000,Manchester City,Sunderland,1.965173283183679,1.0230318119554842,0.5927688248223189,0.21548546137031063,0.19173863387471796,Manchester City,Manchester City,1.929042,1,0.47049399999999997
43,442059.0,2012-10-06 15:00:000000,Chelsea,Norwich City,2.254456700056816,0.9977067604159076,0.6571398337070047,0.18876714871623365,0.15406835217282816,Chelsea,Chelsea,0.9622959999999999,1,1.222055
44,442066.0,2012-10-06 15:00:000000,West Bromwich Albion,Queens Park Rangers,1.48461919031027,0.9977067604159076,0.48449063054443475,0.2614119697805913,0.25409689032247496,West Bromwich Albion,West Bromwich Albion,1.281802,1,0.923292
45,442068.0,2012-10-06 15:00:000000,Wigan Athletic,Everton,1.3688360504328088,1.0680467328150676,0.4370388859201449,0.27030279919247185,0.292658068260994,Wigan Athletic,tie,0.795679,1,2.510817
46,442060.0,2012-10-07 15:00:000000,Liverpool,Stoke City,1.9557659447245448,1.0833967872147432,0.5764609174555353,0.2175276934672055,0.20600460543648635,Liverpool,tie,1.1562299999999999,1,1.254577
47,442065.0,2012-10-07 15:00:000000,Tottenham Hotspur,Aston Villa,1.3737712180663881,1.0515195416168182,0.44221118057659736,0.27048506966307434,0.2873034978406063,Tottenham Hotspur,Tottenham Hotspur,1.390914,1,1.0133889999999999
48,442062.0,2012-10-07 16:00:000000,Newcastle United,Manchester United,1.4828392637011532,1.4846616533036918,0.3773392263796081,0.24451511026698422,0.3781446698979486,Manchester United,Manchester United,0.862662,1,1.588827
49,442076.0,2012-10-20 12:45:000000,Tottenham Hotspur,Chelsea,1.4154176552275353,1.4775545372089223,0.36212977142262925,0.24796795725662812,0.38990147964296007,Chelsea,Chelsea,1.357074,1,1.349479
50,442069.0,2012-10-20 15:00:000000,Fulham,Aston Villa,1.4530876947614615,1.0808005513421475,0.45651409779745344,0.2623282068143004,0.2811572675298606,Fulham,Fulham,1.784957,1,1.099426
51,442071.0,2012-10-20 15:00:000000,Manchester United,Stoke City,1.9142278684400098,1.0540454403603847,0.57428686007867,0.22072052984961452,0.20498704967178086,Manchester United,Manchester United,1.859537,1,1.18897
52,442075.0,2012-10-20 15:00:000000,Swansea City,Wigan Athletic,1.4513455716162358,1.0899146944781632,0.45393871342853054,0.2622105866448359,0.2838502748308677,Swansea City,Swansea City,1.371394,1,0.93542
53,442077.0,2012-10-20 15:00:000000,West Bromwich Albion,Manchester City,1.37047913324652,1.524174558182262,0.3420851518595985,0.24720742190340989,0.4107065528419657,Manchester City,Manchester City,1.371925,1,1.9627330000000003
54,442072.0,2012-10-20 17:30:000000,Norwich City,Arsenal,1.439209051807347,1.7950765430818016,0.31013647097387864,0.2291225039026922,0.46073761046912737,Arsenal,Norwich City,1.251419,1,1.393465
55,442074.0,2012-10-21 13:30:000000,Sunderland,Newcastle United,1.4340388037798542,1.0540454403603847,0.4577514057385902,0.26484850907069807,0.27739971093297056,Sunderland,tie,0.631721,1,1.014694
56,442073.0,2012-10-21 16:00:000000,Queens Park Rangers,Everton,1.439209051807347,1.1256534038587374,0.44253425797966267,0.2621051243403814,0.29536021485416664,Queens Park Rangers,tie,0.9082180000000001,1,2.2433650000000003
57,442080.0,2012-10-27 12:45:000000,Aston Villa,Norwich City,1.473971589142467,1.056577406670183,0.4676565926084385,0.2610992832049631,0.2712436407151263,Aston Villa,tie,1.072307,1,1.171037
58,442079.0,2012-10-27 15:00:000000,Arsenal,Queens Park Rangers,2.1313976699963746,1.02672022554226,0.6264679529736119,0.2006349041264797,0.17288227163655287,Arsenal,Arsenal,1.5041309999999999,1,0.991237
59,442087.0,2012-10-27 15:00:000000,Stoke City,Sunderland,1.4792858098464376,1.0820978906476095,0.4630529062771115,0.2599571020977032,0.27698948694081915,Stoke City,tie,1.333967,1,0.5519069999999999
60,442083.0,2012-10-27 17:30:000000,Manchester City,Swansea City,2.081130221407123,1.0049139438823878,0.6214053079754768,0.2044303969537704,0.17415232671601522,Manchester City,Manchester City,2.17062,1,1.453541
61,442082.0,2012-10-28 13:30:000000,Everton,Liverpool,1.3381573894711178,1.5114290239143733,0.33645236540048556,0.24921207575048687,0.4143347832179069,Liverpool,tie,2.373991,1,1.408678
62,442084.0,2012-10-28 15:00:000000,Newcastle United,West Bromwich Albion,1.4792858098464376,1.0925328238123495,0.4606213598292225,0.2596774662019185,0.27970066704483165,Newcastle United,Newcastle United,1.001306,1,1.456217
63,442081.0,2012-10-28 16:00:000000,Chelsea,Manchester United,2.02474831618231,1.524174558182262,0.4938347677203626,0.21457814245206341,0.291577144791244,Chelsea,Manchester United,1.4444219999999999,1,2.023885
64,442091.0,2012-11-03 12:45:000000,Manchester United,Arsenal,1.9746258714423224,1.5591178577409108,0.4757863940311865,0.21708905182853228,0.30711636708938284,Manchester United,Manchester United,1.982606,1,1.9566990000000002
65,442089.0,2012-11-03 15:00:000000,Fulham,Everton,1.4583266211892627,1.0680467328150676,0.460867261016262,0.2622232892064303,0.2769090099914548,Fulham,tie,1.747523,1,2.52192
66,442092.0,2012-11-03 15:00:000000,Norwich City,Stoke City,1.4775122774870155,0.9977067604159076,0.4826303194393019,0.26211599662138707,0.2552531972055668,Norwich City,Norwich City,1.152715,1,1.300142
67,442094.0,2012-11-03 15:00:000000,Sunderland,Aston Villa,1.3968625902406984,0.9953158708431386,0.46174123147420154,0.2701838692356759,0.2680746129657943,Sunderland,Aston Villa,0.41687799999999997,1,1.0846
68,442095.0,2012-11-03 15:00:000000,Swansea City,Chelsea,1.5296260291524135,1.486443767418781,0.38837180355288053,0.2422010453247532,0.3694259795749315,Swansea City,tie,1.369717,1,1.644624
69,442096.0,2012-11-03 15:00:000000,Tottenham Hotspur,Wigan Athletic,1.4513455716162358,1.1175802841148368,0.44755747704313426,0.2613494115878396,0.2910926794764031,Tottenham Hotspur,Wigan Athletic,1.7268279999999998,1,1.26931
70,442090.0,2012-11-04 16:00:000000,Liverpool,Newcastle United,2.000603929262626,1.02672022554226,0.5994704464943444,0.21234362907186485,0.1881775800114228,Liverpool,tie,1.370225,1,1.091001
71,442099.0,2012-11-10 15:00:000000,Arsenal,Fulham,2.18026219595337,1.0403585466207517,0.6330087403685809,0.19681907074223126,0.1701539305254847,Arsenal,tie,1.6683759999999999,1,1.480691
72,442102.0,2012-11-10 15:00:000000,Everton,Sunderland,1.3770712109398693,1.0795047674313387,0.43661476968437196,0.26912342907084824,0.2942615387340961,Everton,Everton,2.5804869999999998,1,0.309643
73,442107.0,2012-11-10 15:00:000000,Stoke City,Queens Park Rangers,1.3985393147208982,0.9965105985836005,0.4619078330634566,0.2699808383552407,0.2681110388906453,Stoke City,Stoke City,1.350393,1,1.0036459999999998
74,442108.0,2012-11-10 15:00:000000,Wigan Athletic,West Bromwich Albion,1.403581573768734,1.0049139438823878,0.4612570598624778,0.2692275340779278,0.26951510553498953,Wigan Athletic,West Bromwich Albion,1.410903,1,1.3793
75,442100.0,2012-11-10 17:30:000000,Aston Villa,Manchester United,1.4357601527404844,1.4479090006008595,0.3730031806780294,0.24855443777365935,0.37844162805869963,Manchester United,Manchester United,0.8538030000000001,1,2.026019
76,442103.0,2012-11-11 13:30:000000,Manchester City,Tottenham Hotspur,2.0150557904046176,0.9788624205430082,0.6139147753202752,0.20971780189599193,0.17635851387350693,Manchester City,Manchester City,1.7864849999999999,1,1.532259
77,442101.0,2012-11-11 16:00:000000,Chelsea,Liverpool,2.081130221407123,1.5516543177513544,0.5001312998717734,0.2111954604597235,0.2886605177927969,Chelsea,tie,1.721064,1,1.308196
78,442109.0,2012-11-17 12:45:000000,Arsenal,Tottenham Hotspur,2.0711677939011914,1.1216095804241693,0.5921392406647898,0.20840796579231272,0.19944131628666026,Arsenal,Arsenal,1.909248,1,1.2881200000000002
79,442111.0,2012-11-17 15:00:000000,Liverpool,Wigan Athletic,2.0054096630139253,1.02672022554226,0.6004896805456833,0.21190790685477373,0.18759388242593736,Liverpool,Liverpool,1.307527,1,1.298074
80,442112.0,2012-11-17 15:00:000000,Manchester City,Aston Villa,2.0686846475884053,0.9977067604159076,0.6205585408310715,0.2053356970641373,0.17409443150890508,Manchester City,Manchester City,1.6977119999999999,1,0.955681
81,442113.0,2012-11-17 15:00:000000,Newcastle United,Swansea City,1.400218051857892,1.0279526495104516,0.4548768920780403,0.2688299677815312,0.27629284359658557,Newcastle United,Swansea City,1.035105,1,1.262717
82,442117.0,2012-11-17 15:00:000000,West Bromwich Albion,Chelsea,1.4069531753351912,1.4427074986752395,0.3668478191063822,0.2502143493026089,0.3829371560962365,Chelsea,West Bromwich Albion,1.410272,1,1.73163
83,442114.0,2012-11-17 17:30:000000,Norwich City,Manchester United,1.4357601527404844,1.4120661561884813,0.38016638654925344,0.2503321406709421,0.36950080394411366,Norwich City,Norwich City,0.891597,1,2.267573
84,442110.0,2012-11-18 16:00:000000,Fulham,Sunderland,1.4635844359128045,1.109565064309031,0.45259400628698526,0.26055436961559264,0.28685116036381825,Fulham,Sunderland,1.3403559999999999,1,0.43817700000000004
85,442125.0,2012-11-24 12:45:000000,Sunderland,West Bromwich Albion,1.3985393147208982,1.0616596003240975,0.4465143230936795,0.26785311570504905,0.28563226286447135,Sunderland,West Bromwich Albion,0.607694,1,1.542732
86,442121.0,2012-11-24 15:00:000000,Everton,Norwich City,1.3381573894711178,1.0527817334524041,0.4322275271169224,0.27370315463439693,0.2940691193694416,Everton,tie,1.963354,1,0.844563
87,442122.0,2012-11-24 15:00:000000,Manchester United,Queens Park Rangers,2.149371257648596,1.0527817334524041,0.6240098828700001,0.19990150901808343,0.1760725573867785,Manchester United,Manchester United,2.109066,1,0.942423
88,442124.0,2012-11-24 15:00:000000,Stoke City,Fulham,1.56094469933477,1.0109596844376851,0.5009448611568553,0.25371008859403227,0.245344229932611,Stoke City,Stoke City,1.000865,1,1.624807
89,442119.0,2012-11-24 17:30:000000,Aston Villa,Arsenal,1.5186556415940384,1.7527409812514794,0.3357018730387525,0.22977556659007425,0.43451950566243236,Arsenal,tie,0.971375,1,2.2036
90,442126.0,2012-11-25 13:30:000000,Swansea City,Liverpool,1.3622833946788975,1.4722465359689882,0.3499103002695798,0.25060027736944723,0.39948874486604297,Liverpool,tie,1.452197,1,1.356783
91,442120.0,2012-11-25 16:00:000000,Chelsea,Manchester City,1.9604639712917868,1.5223472081986744,0.48030382328690874,0.21828459087998983,0.3014040370751283,Chelsea,tie,2.014636,1,1.744002
92,442133.0,2012-11-27 19:45:000000,Sunderland,Queens Park Rangers,1.564694309397902,1.1122303966123508,0.47787734346190913,0.2517801327933402,0.2703416665928516,Sunderland,tie,0.86611,1,0.9947799999999999
93,442131.0,2012-11-28 19:45:000000,Southampton,Norwich City,1.3688360504328088,0.9965105985836005,0.45384478067858797,0.2729292650414392,0.2732257174374213,Southampton,tie,1.644089,1,0.9026719999999999
94,442132.0,2012-11-28 19:45:000000,Stoke City,Newcastle United,1.4757408714354434,0.9977067604159076,0.4821658556310352,0.2622914977957641,0.2555421653345203,Stoke City,Stoke City,1.2544819999999999,1,1.359466
95,442134.0,2012-11-28 19:45:000000,Swansea City,West Bromwich Albion,1.4357601527404844,1.0073278893848576,0.46929097414243104,0.26600294182961814,0.264705711841806,Swansea City,Swansea City,0.970816,1,1.603488
96,442135.0,2012-11-28 19:45:000000,Tottenham Hotspur,Liverpool,1.3381573894711178,1.6432111720029783,0.3125708657392559,0.240801419304612,0.44662621168095207,Liverpool,Tottenham Hotspur,1.5093370000000002,1,1.641623
97,442137.0,2012-11-28 19:45:000000,Chelsea,Fulham,2.123740787498823,1.0366211384125443,0.6226199503781019,0.20162632313542014,0.175739331584994,Chelsea,tie,1.520281,1,1.434521
98,442138.0,2012-11-28 19:45:000000,Everton,Arsenal,1.4154176552275353,1.524174558182262,0.35315487143595714,0.24544119836171788,0.40140297199445035,Arsenal,tie,1.9924259999999998,1,1.899603
99,442130.0,2012-11-28 20:00:000000,Manchester United,West Ham United,2.149371257648596,1.0279526495104516,0.6297719702936262,0.19909285016476888,0.1711191324135904,Manchester United,Manchester United,2.195953,1,1.424387
100,442136.0,2012-11-28 20:00:000000,Wigan Athletic,Manchester City,1.3269673779519169,1.6025336416123648,0.3170536223134252,0.2437639841260106,0.43918118539678924,Manchester City,Manchester City,1.37791,1,1.59415
101,442148.0,2012-12-01 12:45:000000,West Ham United,Chelsea,1.3269673779519169,1.5572486138433144,0.32521633854864823,0.24670694352955322,0.4280757593495484,Chelsea,West Ham United,1.328645,1,1.228769
102,442139.0,2012-12-01 15:00:000000,Arsenal,Swansea City,1.9557659447245448,1.0001033932437744,0.5962159714361472,0.2158240842356016,0.18795317310768353,Arsenal,Swansea City,1.776966,1,1.02191
103,442140.0,2012-12-01 15:00:000000,Fulham,Tottenham Hotspur,1.4086420120526044,1.0097476335260311,0.46146403838616534,0.26858608195668887,0.26994956828224836,Fulham,Tottenham Hotspur,1.202658,1,1.2995700000000001
104,442141.0,2012-12-01 15:00:000000,Liverpool,Southampton,1.9534211549838894,1.0304219372441366,0.5884708854552297,0.21672120475388096,0.19480120951861113,Liverpool,Liverpool,1.514805,1,1.6706310000000002
105,442142.0,2012-12-01 15:00:000000,Manchester City,Everton,2.0150557904046176,0.9812137865997649,0.6133525822696657,0.20978679042919188,0.17685171819213982,Manchester City,tie,1.511296,1,1.9789290000000002
106,442145.0,2012-12-01 15:00:000000,Queens Park Rangers,Aston Villa,1.3222003495207189,1.0527817334524041,0.4278484148966487,0.27516158864289797,0.2969898177541949,Queens Park Rangers,tie,1.072301,1,1.133699
107,442147.0,2012-12-01 15:00:000000,West Bromwich Albion,Stoke City,1.3754202248102287,1.1135654627431582,0.4283816992073609,0.2679095727758779,0.30370846040522814,West Bromwich Albion,Stoke City,1.395046,1,1.388372
108,442146.0,2012-12-01 17:30:000000,Reading,Manchester United,1.3655557921749155,1.5703805342030008,0.33229385093706765,0.2446020329658643,0.4231030370165525,Manchester United,Manchester United,1.393564,1,1.8285220000000002
109,442144.0,2012-12-02 16:00:000000,Norwich City,Sunderland,1.4775122774870155,1.0254892791409953,0.47595887395875,0.261513438623599,0.26252719755262494,Norwich City,Norwich City,0.887042,1,1.0620319999999999
110,442143.0,2012-12-03 20:00:000000,Newcastle United,Wigan Athletic,1.4775122774870155,1.0859992596133086,0.46168162140633096,0.2600106982658352,0.27830718038665764,Newcastle United,Newcastle United,1.413481,1,1.151702
111,442149.0,2012-12-08 15:00:000000,Arsenal,West Bromwich Albion,2.121194610833987,1.0642098569236378,0.6156917656209511,0.20268436870456155,0.18160962228500752,Arsenal,Arsenal,1.358557,1,1.350452
112,442150.0,2012-12-08 15:00:000000,Aston Villa,Stoke City,1.3573894961688933,0.9989043580614726,0.45014431425819806,0.2739788711351396,0.27587659540442544,Aston Villa,tie,0.9323600000000001,1,1.234876
113,442154.0,2012-12-08 15:00:000000,Southampton,Reading,1.5241309650753114,1.0304219372441366,0.486864602772727,0.2569629115223759,0.2561718287142614,Southampton,Southampton,1.505325,1,1.3247950000000002
114,442155.0,2012-12-08 15:00:000000,Sunderland,Chelsea,1.4374835679229185,1.4740137475938075,0.36828393437622736,0.24714904733226367,0.38456618657595987,Chelsea,Chelsea,1.180057,1,1.198123
115,442156.0,2012-12-08 15:00:000000,Swansea City,Norwich City,1.4052663633830724,1.0001033932437744,0.46286098716842106,0.26920627586809875,0.26793243353493845,Swansea City,Norwich City,1.171223,1,0.834859
116,442158.0,2012-12-08 15:00:000000,Wigan Athletic,Queens Park Rangers,1.3622833946788975,1.1122303966123508,0.42515735106391506,0.26907050296045176,0.30577189999365073,Wigan Athletic,tie,0.877446,1,1.389996
117,442153.0,2012-12-09 13:30:000000,Manchester City,Manchester United,2.0711677939011914,1.4496469986569107,0.5194220169463534,0.2119823640041639,0.2685837768838398,Manchester City,Manchester United,1.513091,1,1.734604
118,442151.0,2012-12-09 15:00:000000,Everton,Tottenham Hotspur,1.3721241883352395,1.0391112490832835,0.44466557023205067,0.27109763186605346,0.28423655059218894,Everton,Everton,1.994434,1,1.2919209999999999
119,442157.0,2012-12-09 16:00:000000,West Ham United,Liverpool,1.4069531753351912,1.4722465359689882,0.36106088252587154,0.24863346639764405,0.39030489351935066,Liverpool,Liverpool,1.5605280000000001,1,1.7078360000000001
120,442152.0,2012-12-10 20:00:000000,Fulham,Newcastle United,1.4052663633830724,1.0553106641593775,0.4497970106207135,0.2674554803546716,0.2827471983805176,Fulham,Fulham,0.975512,1,1.470177
121,442016.0,2012-12-11 19:45:000000,Sunderland,Reading,1.5186556415940384,1.1189217719849078,0.4646460208230252,0.2555869280152576,0.2797663986196355,Sunderland,Sunderland,1.253733,1,1.20519
122,442162.0,2012-12-15 12:45:000000,Newcastle United,Manchester City,1.4792858098464376,1.4775545372089223,0.37787355351199015,0.24501833704132314,0.3771071499247768,Newcastle United,Manchester City,1.524986,1,1.762819
123,442160.0,2012-12-15 15:00:000000,Liverpool,Aston Villa,1.948740005716413,1.0218052876346637,0.5895083078029556,0.21696600593430593,0.1935191336479822,Liverpool,Aston Villa,1.562697,1,0.841277
124,442161.0,2012-12-15 15:00:000000,Manchester United,Sunderland,2.09114056872047,1.1175802841148368,0.5972108863980108,0.20664559931686124,0.19613099108953738,Manchester United,Manchester United,1.532925,1,1.4037469999999999
125,442163.0,2012-12-15 15:00:000000,Norwich City,Wigan Athletic,1.525960456192066,1.087302839189993,0.47386897757836444,0.2556784484131592,0.27045189983835916,Norwich City,Norwich City,1.0762399999999999,1,1.097226
126,442164.0,2012-12-15 15:00:000000,Queens Park Rangers,Fulham,1.4775122774870155,1.0603867647142828,0.4676826560782888,0.26067782507170295,0.2716390238077824,Queens Park Rangers,Queens Park Rangers,1.3273,1,1.120036
127,442166.0,2012-12-15 15:00:000000,Stoke City,Everton,1.3968625902406984,0.9776888514012644,0.4659809026896183,0.27071141649076386,0.2633073960779075,Stoke City,tie,1.038295,1,1.778784
128,442167.0,2012-12-16 13:30:000000,Tottenham Hotspur,Swansea City,1.4935509227264359,1.0341369950058088,0.47807614229931183,0.2597947335685029,0.26212858074158424,Tottenham Hotspur,Tottenham Hotspur,1.301387,1,1.387766
129,442168.0,2012-12-16 16:00:000000,West Bromwich Albion,West Ham United,1.4899717996120876,1.0603867647142828,0.470923421039341,0.25953547043520314,0.2695405732095645,West Bromwich Albion,tie,1.205964,1,1.642916
130,442165.0,2012-12-17 20:00:000000,Reading,Arsenal,1.4018988040675728,1.5572486138433144,0.34360657551754537,0.24410433236371323,0.4122880145946172,Arsenal,Arsenal,1.283399,1,1.192721
131,442178.0,2012-12-22 12:45:000000,Wigan Athletic,Arsenal,1.4018988040675728,1.5609893453860486,0.3429083506193167,0.24388982955558172,0.4132007238985302,Arsenal,Arsenal,1.052166,1,1.555878
132,442171.0,2012-12-22 15:00:000000,Manchester City,Reading,2.3760541372401733,1.088607983518861,0.6591408917303311,0.18226670520955005,0.15855299768356534,Manchester City,Manchester City,1.9490450000000001,1,1.315744
133,442172.0,2012-12-22 15:00:000000,Newcastle United,Queens Park Rangers,1.4409366068769367,1.1135654627431582,0.44575269678653623,0.262363840558731,0.29188305886916854,Newcastle United,Newcastle United,1.549273,1,1.481767
134,442173.0,2012-12-22 15:00:000000,Southampton,Sunderland,1.4426662356178352,1.0013038676883608,0.47257150315795493,0.26547948219023654,0.2619486258936038,Southampton,Sunderland,1.476177,1,1.5010620000000001
135,442175.0,2012-12-22 15:00:000000,Tottenham Hotspur,Stoke City,1.3737712180663881,1.0254892791409953,0.4483144889562045,0.27143501833567213,0.2802502445001699,Tottenham Hotspur,tie,1.491819,1,1.245611
136,442176.0,2012-12-22 15:00:000000,West Bromwich Albion,Norwich City,1.48461919031027,1.031658804563215,0.47634245475519965,0.2606965797162991,0.2629604522389973,West Bromwich Albion,West Bromwich Albion,1.19519,1,1.340874
137,442177.0,2012-12-22 15:00:000000,West Ham United,Everton,1.4052663633830724,1.0603867647142828,0.44861108302373515,0.2672842110149923,0.28410439446483327,West Ham United,Everton,1.466321,1,1.584381
138,442170.0,2012-12-22 17:30:000000,Liverpool,Fulham,2.061253056809243,1.1189217719849078,0.5906893047294438,0.20918017376608022,0.20011953584264383,Liverpool,Liverpool,1.7721639999999999,1,0.9479799999999999
139,442174.0,2012-12-23 13:30:000000,Swansea City,Manchester United,1.4461317240730758,1.6199294148683219,0.3426717163599553,0.2390453705922115,0.4182813721689623,Manchester United,tie,1.27954,1,1.56166
140,442169.0,2012-12-23 16:00:000000,Chelsea,Aston Villa,1.9581135490343542,1.0833967872147432,0.5769712700552116,0.21732233818354113,0.2056995328283261,Chelsea,Chelsea,1.268804,1,0.863399
141,442181.0,2012-12-26 15:00:000000,Everton,Wigan Athletic,1.4478675887746488,1.02672022554226,0.46787140332941696,0.26431941643925533,0.26780877511445694,Everton,Everton,1.518346,1,1.108451
142,442182.0,2012-12-26 15:00:000000,Fulham,Southampton,1.3655557921749155,1.1459481166461356,0.4184509626832712,0.2673427681885926,0.31420600786769703,Fulham,tie,0.703336,1,1.293317
143,442183.0,2012-12-26 15:00:000000,Manchester United,Newcastle United,2.083628306768629,1.0279526495104516,0.6164961784089855,0.20491085308310147,0.17858086589869382,Manchester United,Manchester United,1.655216,1,1.2194120000000002
144,442184.0,2012-12-26 15:00:000000,Norwich City,Chelsea,1.3688360504328088,1.524174558182262,0.3416789206837575,0.24727018898855513,0.4110500196067956,Chelsea,Chelsea,1.312077,1,1.64707
145,442185.0,2012-12-26 15:00:000000,Queens Park Rangers,West Bromwich Albion,1.3590188391073421,1.031658804563215,0.44285036390844146,0.272608844257106,0.28454056634850716,Queens Park Rangers,West Bromwich Albion,1.235775,1,1.40862
146,442186.0,2012-12-26 15:00:000000,Reading,Swansea City,1.400218051857892,1.1500796896371048,0.4267416376582782,0.26439511849513436,0.30886291975798047,Reading,tie,1.1151879999999998,1,1.357551
147,442188.0,2012-12-26 15:00:000000,Sunderland,Manchester City,1.3671949375295231,1.5168782927270381,0.34264495112169874,0.24776706378811528,0.4095871460493774,Manchester City,Sunderland,1.158967,1,1.760082
148,442180.0,2012-12-26 17:30:000000,Aston Villa,Tottenham Hotspur,1.3237874531551486,1.251856498317745,0.3843359991805695,0.2651633089485573,0.35050043355968064,Aston Villa,Tottenham Hotspur,0.7740020000000001,1,1.445691
149,442187.0,2012-12-26 19:45:000000,Stoke City,Liverpool,1.4340388037798542,1.4358012182705,0.37498116067483744,0.24924632018185536,0.3757718004819295,Liverpool,Stoke City,1.112701,1,1.871246
150,442198.0,2012-12-29 12:45:000000,Sunderland,Tottenham Hotspur,1.3317515933094926,0.9800373983788663,0.4475774979333176,0.27724647739198943,0.2751758428125296,Sunderland,Tottenham Hotspur,1.092918,1,1.461913
151,442190.0,2012-12-29 15:00:000000,Aston Villa,Wigan Athletic,1.4357601527404844,1.3496253252209585,0.3929207353746988,0.2533023368786441,0.353776368517805,Aston Villa,Wigan Athletic,0.690732,1,0.8073819999999999
152,442192.0,2012-12-29 15:00:000000,Fulham,Swansea City,1.3622833946788975,1.1189217719849078,0.42364367746838844,0.26878467964960795,0.3075713950957555,Fulham,Swansea City,0.724418,1,1.3737030000000001
153,442193.0,2012-12-29 15:00:000000,Manchester United,West Bromwich Albion,2.0296120481677558,1.0912229739484052,0.5904598407677565,0.2112714553778635,0.198259171340839,Manchester United,Manchester United,1.702602,1,1.25718
154,442194.0,2012-12-29 15:00:000000,Norwich City,Manchester City,1.3671949375295231,1.5150596903179907,0.342987631999684,0.24787507091518363,0.40913646509941226,Manchester City,Manchester City,1.196138,1,1.8792349999999998
155,442196.0,2012-12-29 15:00:000000,Reading,West Ham United,1.3985393147208982,0.9989043580614726,0.4613346771682357,0.26990781238250144,0.26875722052088963,Reading,Reading,0.9067459999999999,1,1.09683
156,442197.0,2012-12-29 15:00:000000,Stoke City,Southampton,1.400218051857892,0.9989043580614726,0.46178763868266925,0.2697416552546944,0.26847041284702305,Stoke City,tie,1.119412,1,0.9816
157,442189.0,2012-12-29 17:30:000000,Arsenal,Newcastle United,2.1313976699963746,1.0291865528191682,0.6258928169380004,0.20071510982297958,0.17337720165534162,Arsenal,Arsenal,1.231428,1,1.351739
158,442191.0,2012-12-30 13:30:000000,Everton,Chelsea,1.333350161782618,1.4775545372089223,0.34163282240644066,0.2514986876676037,0.40686783716100505,Chelsea,Chelsea,1.388663,1,1.35584
159,442195.0,2012-12-30 16:00:000000,Queens Park Rangers,Liverpool,1.4374835679229185,1.5150596903179907,0.36031129865274547,0.24502069217007746,0.394667036092621,Liverpool,Liverpool,1.258585,1,1.576783
160,442206.0,2013-01-01 12:45:000000,West Bromwich Albion,Fulham,1.4443979405191751,1.0540454403603847,0.4604900348169404,0.2638932980619934,0.2756162670501037,West Bromwich Albion,Fulham,1.192711,1,1.00918
161,442201.0,2013-01-01 15:00:000000,Manchester City,Stoke City,2.133956093906709,1.088607983518861,0.6126356010390662,0.20229172315512128,0.18505763141496487,Manchester City,Manchester City,1.93992,1,1.097326
162,442204.0,2013-01-01 15:00:000000,Swansea City,Aston Villa,1.6140637774506954,0.9953158708431386,0.5180818679993863,0.24864422954216922,0.233272778688559,Swansea City,tie,1.322984,1,0.576979
163,442205.0,2013-01-01 15:00:000000,Tottenham Hotspur,Reading,1.3397636471438212,0.9989043580614726,0.4452998740842204,0.2757209923348099,0.27897893947818075,Tottenham Hotspur,Tottenham Hotspur,1.74263,1,0.559847
164,442207.0,2013-01-01 15:00:000000,West Ham United,Norwich City,1.5186556415940384,1.0616596003240975,0.4780291653084912,0.2568772630237872,0.265092931816002,West Ham United,West Ham United,0.955918,1,1.289574
165,442208.0,2013-01-01 15:00:000000,Wigan Athletic,Manchester United,1.4409366068769367,1.488228020695148,0.36635692050537366,0.24626402516468915,0.38737816875005093,Manchester United,Manchester United,1.015526,1,1.79905
166,442203.0,2013-01-01 17:30:000000,Southampton,Arsenal,1.4426662356178352,1.5741528104767881,0.3503431233586575,0.24166492995687738,0.40799069099350715,Arsenal,tie,0.763317,1,1.917254
167,442199.0,2013-01-02 19:45:000000,Chelsea,Queens Park Rangers,2.188122859338721,0.9965105985836005,0.6447093871240612,0.1945483127506488,0.16072344442121622,Chelsea,Queens Park Rangers,1.7033639999999999,1,1.1241299999999999
168,442200.0,2013-01-02 19:45:000000,Liverpool,Sunderland,2.0150557904046176,1.0603867647142828,0.5945922495878129,0.21185263580651537,0.1935461956671626,Liverpool,Liverpool,1.7430259999999997,1,1.176313
169,442202.0,2013-01-02 20:00:000000,Newcastle United,Everton,1.4461317240730758,1.320960934236042,0.40153170765181584,0.2539670221725353,0.34450072233121337,Newcastle United,Everton,1.439387,1,1.48289
170,442215.0,2013-01-12 12:45:000000,Queens Park Rangers,Tottenham Hotspur,1.3985393147208982,1.0693287630701693,0.4447301849733126,0.2675840739273508,0.28768544138905483,Queens Park Rangers,tie,0.86823,1,1.9298849999999999
171,442210.0,2013-01-12 15:00:000000,Aston Villa,Southampton,1.473971589142467,1.1189217719849078,0.45314049049983074,0.25938927288234404,0.28746973959342154,Aston Villa,Southampton,0.6126729999999999,1,0.823778
172,442211.0,2013-01-12 15:00:000000,Everton,Swansea City,1.4461317240730758,1.0616596003240975,0.4591588223236011,0.26351469079548073,0.27732608105377526,Everton,tie,1.4973969999999999,1,1.395545
173,442212.0,2013-01-12 15:00:000000,Fulham,Wigan Athletic,1.4757408714354434,1.0553106641593775,0.46841720481060845,0.26096810339235443,0.27061420310221695,Fulham,tie,0.976728,1,0.99554
174,442214.0,2013-01-12 15:00:000000,Norwich City,Newcastle United,1.7093031618511065,1.1528423438038444,0.5039246892473892,0.23899845616370818,0.25707489247625587,Norwich City,tie,1.167074,1,1.458027
175,442216.0,2013-01-12 15:00:000000,Reading,West Bromwich Albion,1.4775122774870155,1.0578456697157876,0.46828140923831574,0.26074156010235494,0.27097653604835714,Reading,Reading,0.529029,1,1.323975
176,442217.0,2013-01-12 15:00:000000,Stoke City,Chelsea,1.403581573768734,1.6471583977753066,0.3275601897076053,0.2387923485343959,0.4336458200399443,Chelsea,Chelsea,0.9984430000000001,1,1.688235
177,442218.0,2013-01-12 15:00:000000,Sunderland,West Ham United,1.4018988040675728,1.1162404045696288,0.43483641829574987,0.2655747409501566,0.2995885238489386,Sunderland,Sunderland,1.200091,1,1.149242
178,442213.0,2013-01-13 13:30:000000,Manchester United,Liverpool,1.9234354065377541,1.4019389010972245,0.49761783808743876,0.2215615987104926,0.2808144811677032,Manchester United,Manchester United,1.89678,1,1.8909669999999998
179,442209.0,2013-01-13 16:00:000000,Arsenal,Manchester City,2.0886334768237993,1.5666172977557102,0.49862414660539695,0.2107043669916978,0.2906582919983483,Arsenal,Manchester City,1.87401,1,2.2018419999999996
180,442159.0,2013-01-16 19:45:000000,Chelsea,Southampton,1.965173283183679,1.0025057831228505,0.5976670223945565,0.21500545592256998,0.18732044408544135,Chelsea,tie,1.5777889999999999,1,0.970698
181,442220.0,2013-01-19 15:00:000000,Liverpool,Norwich City,2.0150557904046176,1.032897156556396,0.6010684326673387,0.21119124208199253,0.1877314105165931,Liverpool,Liverpool,1.883046,1,0.9151229999999999
182,442221.0,2013-01-19 15:00:000000,Manchester City,Fulham,2.0150557904046176,0.969513169231547,0.6161529347059391,0.20943904942765337,0.17439910770516365,Manchester City,Manchester City,2.021947,1,0.684516
183,442222.0,2013-01-19 15:00:000000,Newcastle United,Reading,1.5277921433390982,1.02672022554226,0.48869138597780315,0.25667781129591166,0.25463013120202616,Newcastle United,Reading,1.368123,1,0.734988
184,442224.0,2013-01-19 15:00:000000,Swansea City,Stoke City,1.6121286582733019,1.0279526495104516,0.5097019075038064,0.248615752036581,0.2416812256832815,Swansea City,Swansea City,1.160679,1,1.248845
185,442227.0,2013-01-19 15:00:000000,West Ham United,Queens Park Rangers,1.32537646186996,1.0820978906476095,0.4219930733579744,0.2735612713527632,0.30444546738599376,West Ham United,tie,0.848714,1,0.664089
186,442228.0,2013-01-19 15:00:000000,Wigan Athletic,Sunderland,1.4409366068769367,1.1175802841148368,0.4448325382733551,0.26223092160231437,0.2929361352563075,Wigan Athletic,Sunderland,0.877179,1,1.33149
187,442226.0,2013-01-19 17:30:000000,West Bromwich Albion,Aston Villa,1.4426662356178352,1.1108969311073111,0.44681896524867415,0.26230388058539905,0.2908767467048768,West Bromwich Albion,tie,1.605532,1,0.830989
188,442219.0,2013-01-20 13:30:000000,Chelsea,Arsenal,2.0786351310281916,1.4846616533036918,0.5135913102916856,0.21151587664222596,0.27488048574763,Chelsea,Chelsea,1.427693,1,1.7415169999999998
189,442225.0,2013-01-20 16:00:000000,Tottenham Hotspur,Manchester United,1.3770712109398693,1.453129255892846,0.35731614844196313,0.2510432139861212,0.3916399907180434,Manchester United,tie,2.114937,1,2.022079
190,442223.0,2013-01-21 20:00:000000,Southampton,Everton,1.3655557921749155,1.0304219372441366,0.4449209418780261,0.27203678446696283,0.28304203817879403,Southampton,tie,0.902019,1,1.473255
191,442179.0,2013-01-23 19:45:000000,Arsenal,West Ham United,2.128842313409179,1.0846972429128086,0.6125022995667733,0.20261597283138416,0.18486700762252156,Arsenal,Arsenal,1.9503279999999998,1,1.359597
192,442230.0,2013-01-29 19:45:000000,Aston Villa,Newcastle United,1.3985393147208982,1.0616596003240975,0.4465143230936795,0.26785311570504905,0.28563226286447135,Aston Villa,Newcastle United,0.8225100000000001,1,1.384211
193,442233.0,2013-01-29 19:45:000000,Queens Park Rangers,Manchester City,1.3222003495207189,1.4409778204635981,0.3458065273609981,0.2542310966515251,0.39996183983871914,Manchester City,tie,0.506992,1,1.909725
194,442235.0,2013-01-29 19:45:000000,Stoke City,Wigan Athletic,1.4810614710660241,1.177858620084469,0.44157660311692093,0.25698795514131867,0.3014349019066609,Stoke City,tie,1.025563,1,0.9918290000000001
195,442236.0,2013-01-29 19:45:000000,Sunderland,Swansea City,1.37047913324652,1.0341369950058088,0.445386137669604,0.2714347104159753,0.2831789080065577,Sunderland,tie,1.266991,1,1.251901
196,442229.0,2013-01-30 19:45:000000,Arsenal,Liverpool,2.027178723504909,1.5278358411628608,0.4935940998235773,0.21441431529796845,0.2919815219322703,Arsenal,tie,1.652239,1,1.91878
197,442232.0,2013-01-30 19:45:000000,Norwich City,Tottenham Hotspur,1.3688360504328088,1.1243038453596639,0.4241874007992931,0.268011393587212,0.30780094591201285,Norwich City,tie,0.644524,1,2.1604650000000003
198,442237.0,2013-01-30 19:45:000000,Everton,West Bromwich Albion,1.5241309650753114,0.9718420770636047,0.5010394839865493,0.25786868946028413,0.24109117562284185,Everton,Everton,1.6656990000000003,1,1.699386
199,442231.0,2013-01-30 20:00:000000,Manchester United,Southampton,2.0320482936726805,1.02672022554226,0.6061014210438836,0.20949999399931465,0.18438895836721414,Manchester United,Manchester United,1.8268240000000002,1,0.997282
200,442234.0,2013-01-30 20:00:000000,Reading,Chelsea,1.4426662356178352,1.5278358411628608,0.35912548927205235,0.24413318234937095,0.3967402912022571,Chelsea,tie,0.783367,1,1.0094040000000002
201,442238.0,2013-01-30 20:00:000000,Fulham,West Ham United,1.559073265216284,1.0553106641593775,0.48984338550098416,0.25327144405950847,0.2568843533152716,Fulham,Fulham,0.766025,1,1.3940299999999999
202,442244.0,2013-02-02 12:45:000000,Queens Park Rangers,Norwich City,1.559073265216284,1.0037091412769366,0.5022237595473784,0.25397938781207363,0.24379604235998895,Queens Park Rangers,tie,0.5272640000000001,1,0.643355
203,442239.0,2013-02-02 15:00:000000,Arsenal,Stoke City,2.203929310212001,1.056577406670183,0.6339121214649427,0.195340711014862,0.17072703996020958,Arsenal,Arsenal,1.794598,1,1.164682
204,442240.0,2013-02-02 15:00:000000,Everton,Aston Villa,1.48461919031027,0.9977067604159076,0.48449063054443475,0.2614119697805913,0.25409689032247496,Everton,tie,1.592634,1,0.97364
205,442243.0,2013-02-02 15:00:000000,Newcastle United,Chelsea,1.4496055371220007,1.5315059190633014,0.3601146227946047,0.243655526769365,0.39622877987890753,Chelsea,Newcastle United,1.30936,1,1.144303
206,442245.0,2013-02-02 15:00:000000,Reading,Sunderland,1.4018988040675728,1.0603867647142828,0.44771047738790754,0.2675912228184254,0.28469799506382626,Reading,Reading,0.8540709999999999,1,1.158118
207,442247.0,2013-02-02 15:00:000000,West Ham United,Swansea City,1.3639186120100697,1.2150225908138976,0.4028292423759514,0.2642904386969902,0.33288002922778015,West Ham United,West Ham United,1.457849,1,1.051675
208,442248.0,2013-02-02 15:00:000000,Wigan Athletic,Southampton,1.403581573768734,1.1149021314210448,0.43558814988842415,0.2654832671245611,0.29892826307883835,Wigan Athletic,tie,1.114098,1,1.029468
209,442241.0,2013-02-02 17:30:000000,Fulham,Manchester United,1.4018988040675728,1.5333442627085567,0.3480972507246261,0.24546511174276262,0.4064366691485727,Manchester United,Manchester United,1.0434700000000001,1,1.9634029999999998
210,442246.0,2013-02-03 13:30:000000,West Bromwich Albion,Tottenham Hotspur,1.400218051857892,1.0925328238123495,0.43981530805307983,0.2666009796212455,0.29358340459754323,West Bromwich Albion,Tottenham Hotspur,1.2937319999999999,1,2.174583
211,442242.0,2013-02-03 16:00:000000,Manchester City,Liverpool,2.0150557904046176,1.4086823019511063,0.5161896610385707,0.2155807511777526,0.26822038659585945,Manchester City,tie,1.9438490000000002,1,1.734129
212,442258.0,2013-02-09 12:45:000000,Tottenham Hotspur,Newcastle United,1.4461317240730758,1.0061201926730519,0.4723342333613719,0.26501745944738136,0.2626479090241854,Tottenham Hotspur,Tottenham Hotspur,1.934106,1,1.427167
213,442250.0,2013-02-09 15:00:000000,Chelsea,Wigan Athletic,2.149371257648596,1.1202648701103952,0.6084853371990702,0.20186784559580492,0.1896307519329658,Chelsea,Chelsea,0.958415,1,1.210257
214,442253.0,2013-02-09 15:00:000000,Norwich City,Fulham,1.403581573768734,1.0001033932437744,0.46240729436887223,0.2693727822723482,0.26821962333301136,Norwich City,tie,0.881711,1,1.0656219999999998
215,442255.0,2013-02-09 15:00:000000,Stoke City,Reading,1.439209051807347,1.0591154551213657,0.45792891905717525,0.2642224260681921,0.2778482670900694,Stoke City,Stoke City,0.8652610000000001,1,1.177649
216,442256.0,2013-02-09 15:00:000000,Sunderland,Arsenal,1.4069531753351912,1.4900144157005355,0.3576175222391807,0.24766770080433215,0.39471396281169113,Arsenal,Arsenal,1.31999,1,1.342156
217,442257.0,2013-02-09 15:00:000000,Swansea City,Queens Park Rangers,1.3269673779519169,0.9953158708431386,0.442613993610978,0.2771287096820211,0.2802571194724901,Swansea City,Swansea City,1.013076,1,0.398728
218,442254.0,2013-02-09 17:30:000000,Southampton,Manchester City,1.403581573768734,1.562863079472011,0.34296924168790704,0.24372148249921685,0.4133081671637808,Manchester City,Southampton,0.964936,1,1.7254
219,442249.0,2013-02-10 13:30:000000,Aston Villa,West Ham United,1.4409366068769367,1.1135654627431582,0.44575269678653623,0.262363840558731,0.29188305886916854,Aston Villa,Aston Villa,1.1565,1,1.6723860000000002
220,442252.0,2013-02-10 16:00:000000,Manchester United,Everton,2.1416498064172744,1.0049139438823878,0.6336087471423196,0.19898914839860643,0.16738657464099654,Manchester United,Manchester United,1.8706049999999999,1,1.8151810000000002
221,442251.0,2013-02-11 20:00:000000,Liverpool,West Bromwich Albion,2.0886334768237993,1.0846972429128086,0.6042887650808605,0.20604826257144604,0.18965059290293879,Liverpool,West Bromwich Albion,1.681684,1,1.217666
222,442261.0,2013-02-17 15:00:000000,Liverpool,Swansea City,2.02474831618231,1.087302839189993,0.5903451858533659,0.21160617232166717,0.19803931705757236,Liverpool,Liverpool,1.675036,1,1.140451
223,442260.0,2013-02-23 12:45:000000,Fulham,Stoke City,1.3985393147208982,1.0013038676883608,0.46076072532568024,0.26983420605947217,0.26940477844298566,Fulham,Fulham,0.734913,1,0.8663059999999999
224,442259.0,2013-02-23 15:00:000000,Arsenal,Aston Villa,2.144220536483011,0.9753459324465473,0.6410498667652151,0.19769101010082762,0.16124342634950667,Arsenal,Arsenal,1.688064,1,1.0674700000000001
225,442264.0,2013-02-23 15:00:000000,Norwich City,Everton,1.5168349083014872,0.9753459324465473,0.49829902305769075,0.2585623850627689,0.24313796969892307,Norwich City,Norwich City,0.8510260000000001,1,1.440843
226,442265.0,2013-02-23 15:00:000000,Queens Park Rangers,Manchester United,1.3190318483596535,1.5684977873561932,0.3212187448779683,0.2462305174793699,0.4325497321583702,Manchester United,Manchester United,0.41651000000000005,1,1.991624
227,442266.0,2013-02-23 15:00:000000,Reading,Wigan Athletic,1.5703356195531575,1.0591154551213657,0.4917857501367575,0.25217512364141487,0.2560382513532187,Reading,Wigan Athletic,1.2015930000000001,1,1.154694
228,442267.0,2013-02-23 15:00:000000,West Bromwich Albion,Sunderland,1.4426662356178352,1.0001033932437744,0.47286005662578906,0.2655096481735589,0.2616299065649221,West Bromwich Albion,West Bromwich Albion,1.363366,1,1.478081
229,442262.0,2013-02-24 13:30:000000,Manchester City,Chelsea,2.128842313409179,1.621873897686519,0.49573760527267874,0.20823420404293247,0.29601232681066664,Manchester City,Manchester City,1.600255,1,1.425997
230,442263.0,2013-02-24 13:30:000000,Newcastle United,Southampton,1.4496055371220007,1.0899146944781632,0.45348232938072736,0.26236370118513963,0.284153548972485,Newcastle United,Newcastle United,1.273825,1,1.072935
231,442268.0,2013-02-25 20:00:000000,West Ham United,Tottenham Hotspur,1.3590188391073421,1.032897156556396,0.4425599001440282,0.2725617514643334,0.2848781227386852,West Ham United,Tottenham Hotspur,1.5705799999999999,1,1.521326
232,442270.0,2013-03-02 15:00:000000,Chelsea,West Bromwich Albion,1.9628172148793668,1.0603867647142828,0.5834065020023341,0.2164832226540238,0.20010326770664577,Chelsea,Chelsea,1.194849,1,1.1420270000000001
233,442271.0,2013-03-02 15:00:000000,Everton,Reading,1.525960456192066,1.087302839189993,0.47386897757836444,0.2556784484131592,0.27045189983835916,Everton,Everton,1.360905,1,1.0814489999999999
234,442272.0,2013-03-02 15:00:000000,Manchester United,Norwich City,1.967532179595373,0.969513169231547,0.6060946834195958,0.21393797812690635,0.17996018518245913,Manchester United,Manchester United,1.883889,1,1.064718
235,442273.0,2013-03-02 15:00:000000,Southampton,Queens Park Rangers,1.5741077879355998,1.1069061191682168,0.481484773606488,0.25106219983568173,0.2674521218207181,Southampton,Queens Park Rangers,1.038577,1,0.402557
236,442274.0,2013-03-02 15:00:000000,Stoke City,West Ham United,1.5223036673559889,1.02672022554226,0.48728119847525303,0.2572025173629573,0.25551563503599267,Stoke City,West Ham United,0.9593219999999999,1,1.572641
237,442275.0,2013-03-02 15:00:000000,Sunderland,Fulham,1.3269673779519169,1.0540454403603847,0.428867086248429,0.27467106656464424,0.29646166246820016,Sunderland,tie,1.606754,1,0.709838
238,442276.0,2013-03-02 15:00:000000,Swansea City,Newcastle United,1.4828392637011532,1.1583875769374092,0.44642606177803396,0.25746308740673096,0.2961103131920237,Swansea City,Swansea City,0.849541,1,1.16523
239,442278.0,2013-03-02 17:30:000000,Wigan Athletic,Liverpool,1.4086420120526044,1.5760423453325012,0.3417488631681285,0.24278652300218084,0.41546342629162475,Liverpool,Liverpool,1.503903,1,1.579412
240,442277.0,2013-03-03 16:00:000000,Tottenham Hotspur,Arsenal,1.3737712180663881,1.524174558182262,0.34289876671020814,0.2470812697669729,0.4100190846859584,Arsenal,Tottenham Hotspur,1.923459,1,1.89861
241,442269.0,2013-03-04 20:00:000000,Aston Villa,Manchester City,1.4409366068769367,1.5168782927270381,0.36080693851680756,0.2447796701121237,0.39441240262850846,Manchester City,Manchester City,1.098697,1,1.506176
242,442284.0,2013-03-09 15:00:000000,Norwich City,Southampton,1.557204074781166,1.1229559048614208,0.47349976794460785,0.25220989350230094,0.2742895156782677,Norwich City,tie,0.920091,1,1.140242
243,442285.0,2013-03-09 15:00:000000,Queens Park Rangers,Sunderland,1.4722044280618882,1.0578456697157876,0.46689615337889045,0.2612295776233995,0.2718737906853461,Queens Park Rangers,Queens Park Rangers,0.585914,1,1.364524
244,442286.0,2013-03-09 15:00:000000,Reading,Aston Villa,1.4443979405191751,1.1473236558535305,0.43896731159014685,0.2609341956164878,0.30009806994239663,Reading,Aston Villa,0.968758,1,0.803462
245,442287.0,2013-03-09 15:00:000000,West Bromwich Albion,Swansea City,1.5241309650753114,1.0291865528191682,0.4871602894050117,0.25698468633050775,0.25585436743690554,West Bromwich Albion,West Bromwich Albion,0.8731979999999999,1,0.999661
246,442283.0,2013-03-10 15:00:000000,Newcastle United,Stoke City,1.4137206951154768,1.056577406670183,0.45175832563629886,0.2666376996349645,0.28160364626153794,Newcastle United,Newcastle United,1.220466,1,0.800905
247,442281.0,2013-03-10 16:00:000000,Liverpool,Tottenham Hotspur,2.09114056872047,0.9823915868986602,0.6287631804601824,0.20278412840981203,0.16844019020295933,Liverpool,Liverpool,1.687309,1,1.780259
248,442289.0,2013-03-16 15:00:000000,Aston Villa,Queens Park Rangers,1.4052663633830724,1.024259808535186,0.4571072424838675,0.26846582352642917,0.27442662782590604,Aston Villa,Aston Villa,0.92463,1,0.759108
249,442293.0,2013-03-16 15:00:000000,Southampton,Liverpool,1.4052663633830724,1.4953864768145069,0.3561646220428618,0.24744560635703045,0.3963889426228936,Liverpool,Southampton,1.178346,1,1.40714
250,442294.0,2013-03-16 15:00:000000,Stoke City,West Bromwich Albion,1.3985393147208982,1.0578456697157876,0.44740376971246987,0.2679854950260168,0.2846104375754815,Stoke City,tie,0.776062,1,0.706657
251,442296.0,2013-03-16 15:00:000000,Swansea City,Arsenal,1.4443979405191751,1.4828816757852157,0.36825359247136036,0.2463803207844238,0.3853652098211366,Arsenal,Arsenal,1.005893,1,1.771673
252,442292.0,2013-03-16 17:30:000000,Manchester United,Reading,2.203929310212001,0.9765166892647356,0.6524159574713116,0.19235988977598883,0.15520403477189584,Manchester United,Manchester United,1.984802,1,0.9122020000000001
253,442295.0,2013-03-17 13:30:000000,Sunderland,Norwich City,1.4828392637011532,1.1108969311073111,0.45728732918447373,0.258862708447174,0.2838494397018562,Sunderland,tie,1.266158,1,0.8426239999999999
254,442297.0,2013-03-17 15:00:000000,Tottenham Hotspur,Fulham,1.4120257695079415,1.0859992596133086,0.44446483674062,0.26579951686836295,0.2897353159860904,Tottenham Hotspur,Fulham,1.6909020000000001,1,0.949261
255,442290.0,2013-03-17 16:00:000000,Chelsea,West Ham United,2.0736539208594897,1.02672022554226,0.614738028711217,0.20576478963177275,0.17948559704971076,Chelsea,Chelsea,1.6618259999999998,1,1.0535940000000001
256,442298.0,2013-03-17 16:00:000000,Wigan Athletic,Newcastle United,1.4086420120526044,1.0938442459550188,0.4417560734097403,0.265819894652361,0.2924237068984453,Wigan Athletic,Wigan Athletic,1.538934,1,1.080133
257,442305.0,2013-03-30 12:45:000000,Sunderland,Manchester United,1.328560203690528,1.5666172977557102,0.32390468064816325,0.24605117163390877,0.4300431403648615,Manchester United,Manchester United,1.4441709999999999,1,1.9242169999999998
258,442299.0,2013-03-30 15:00:000000,Arsenal,Reading,2.0662044783476023,1.0304219372441366,0.6123325814206052,0.20653738751364134,0.1811188200591362,Arsenal,Arsenal,1.658637,1,0.806942
259,442303.0,2013-03-30 15:00:000000,Manchester City,Newcastle United,2.0686846475884053,0.9776888514012644,0.6253040617569834,0.20469420001730454,0.16999040944730417,Manchester City,Manchester City,1.492398,1,1.122217
260,442304.0,2013-03-30 15:00:000000,Southampton,Chelsea,1.333350161782618,1.439250215982577,0.34897230970324544,0.2538376274451333,0.39718951715661754,Chelsea,Southampton,1.534091,1,1.919918
261,442306.0,2013-03-30 15:00:000000,Swansea City,Tottenham Hotspur,1.4810614710660241,1.0912229739484052,0.46138703784862994,0.2595565336574202,0.27905591623962606,Swansea City,Tottenham Hotspur,0.858648,1,1.732058
262,442307.0,2013-03-30 15:00:000000,West Ham United,West Bromwich Albion,1.3622833946788975,1.0291865528191682,0.4443204615786849,0.2723929407682631,0.28328636747624647,West Ham United,West Ham United,1.1527129999999999,1,0.7559130000000001
263,442308.0,2013-03-30 15:00:000000,Wigan Athletic,Norwich City,1.3721241883352395,1.1082347943008026,0.4287087750424945,0.2684064983722706,0.3028844658634,Wigan Athletic,Wigan Athletic,1.520745,1,0.93716
264,442301.0,2013-03-30 17:30:000000,Everton,Stoke City,1.4069531753351912,1.0502588630371894,0.45143109972689804,0.26746828755395047,0.2811002994455118,Everton,Everton,1.39113,1,0.651511
265,442300.0,2013-03-31 13:30:000000,Aston Villa,Liverpool,1.5314621162711821,1.5333442627085567,0.3795579000226994,0.2400629258037307,0.3803778186132843,Liverpool,Liverpool,1.097192,1,1.3368790000000002
266,442302.0,2013-04-01 20:00:000000,Fulham,Queens Park Rangers,1.4810614710660241,1.02672022554226,0.47659243141234914,0.2611460690616397,0.26226099832343386,Fulham,Fulham,0.934325,1,1.033829
267,442315.0,2013-04-06 12:45:000000,Reading,Southampton,1.4052663633830724,1.1229559048614208,0.43420223300498406,0.2650383008850504,0.3007591405686219,Reading,Southampton,0.632962,1,1.375561
268,442313.0,2013-04-06 15:00:000000,Norwich City,Swansea City,1.4686764593683914,1.02672022554226,0.4733508390786933,0.26233025905453894,0.26431843870241817,Norwich City,tie,0.659179,1,1.066581
269,442316.0,2013-04-06 15:00:000000,Stoke City,Aston Villa,1.4722044280618882,1.0049139438823878,0.47950075879444,0.26248645179791696,0.2580123182330847,Stoke City,Aston Villa,0.8572569999999999,1,1.064686
270,442318.0,2013-04-06 15:00:000000,West Bromwich Albion,Arsenal,1.3655557921749155,1.5205220490454907,0.341553422373898,0.24761330648488128,0.41083242036021617,Arsenal,Arsenal,0.855036,1,1.6933040000000001
271,442310.0,2013-04-07 13:30:000000,Liverpool,West Ham United,2.0886334768237993,1.0859992596133086,0.6039869867334733,0.20608174083152722,0.189918892715341,Liverpool,tie,1.464944,1,1.364687
272,442317.0,2013-04-07 14:05:000000,Tottenham Hotspur,Everton,1.3688360504328088,1.0304219372441366,0.4458127779127034,0.2717260538023288,0.2824609275522878,Tottenham Hotspur,tie,1.8335080000000001,1,1.349831
273,442309.0,2013-04-07 15:00:000000,Chelsea,Sunderland,2.0198962395715188,1.0291865528191682,0.6029662367919263,0.21066058744206373,0.18636406335911315,Chelsea,Chelsea,1.8415720000000002,1,1.167257
274,442312.0,2013-04-07 15:00:000000,Newcastle United,Fulham,1.4069531753351912,1.1500796896371048,0.4285205399239469,0.26385513169572816,0.3076239907576379,Newcastle United,Newcastle United,0.7916810000000001,1,0.6375460000000001
275,442314.0,2013-04-07 16:10:000000,Queens Park Rangers,Wigan Athletic,1.3639186120100697,1.1514601881795297,0.41678415761220944,0.2672289718771071,0.315986609906687,Queens Park Rangers,tie,1.194791,1,1.400358
276,442311.0,2013-04-08 20:00:000000,Manchester United,Manchester City,1.911932879165193,1.4036217189288689,0.49470354050363274,0.22229334661356226,0.28299734081030825,Manchester United,Manchester City,1.762461,1,1.780404
277,442319.0,2013-04-13 15:00:000000,Arsenal,Norwich City,2.0786351310281916,1.0218052876346637,0.616916675519996,0.20517346611099013,0.1778980182294164,Arsenal,Arsenal,1.746372,1,0.741202
278,442320.0,2013-04-13 15:00:000000,Aston Villa,Fulham,1.4530876947614615,1.056577406670183,0.4621838085719321,0.2630213853361772,0.274794382695234,Aston Villa,tie,1.462342,1,0.70806
279,442322.0,2013-04-13 15:00:000000,Everton,Queens Park Rangers,1.4864012534548905,1.0291865528191682,0.4773966147041234,0.2605816249448268,0.262021241571689,Everton,Everton,1.16079,1,1.119846
280,442325.0,2013-04-13 15:00:000000,Reading,Liverpool,1.3622833946788975,1.6610485067194334,0.31522919744890615,0.23904358039205964,0.44572554138466647,Liverpool,tie,0.679367,1,1.439373
281,442326.0,2013-04-13 15:00:000000,Southampton,West Ham United,1.3721241883352395,1.0001033932437744,0.45388469865271,0.2724807478774642,0.27363431088920215,Southampton,tie,1.309172,1,1.008422
282,442324.0,2013-04-14 12:00:000000,Newcastle United,Sunderland,1.4478675887746488,1.0846972429128086,0.4542373078779754,0.26267560557051917,0.28308667179070307,Newcastle United,Sunderland,0.9357629999999999,1,0.807746
283,442327.0,2013-04-14 14:05:000000,Stoke City,Manchester United,1.395187876004296,1.5591178577409108,0.3416192683036427,0.24424045809994657,0.4141391999976795,Manchester United,Manchester United,0.7716109999999999,1,1.6601549999999998
284,442279.0,2013-04-16 19:45:000000,Arsenal,Everton,2.027178723504909,1.031658804563215,0.6039138774732304,0.21006861124604664,0.18600809317288802,Arsenal,tie,1.813679,1,1.526926
285,442282.0,2013-04-17 19:45:000000,Manchester City,Wigan Athletic,1.9628172148793668,1.0049139438823878,0.5965842371825263,0.21528223295598287,0.18812652979350503,Manchester City,Manchester City,1.7338419999999999,1,1.429904
286,442288.0,2013-04-17 19:45:000000,West Ham United,Manchester United,1.4018988040675728,1.4358012182705,0.3669449763122132,0.2508248349255539,0.38222954068787984,Manchester United,tie,0.905539,1,1.364555
287,442280.0,2013-04-17 20:00:000000,Fulham,Chelsea,1.4409366068769367,1.4775545372089223,0.368442870939897,0.24680948441560033,0.38474679339536133,Chelsea,Chelsea,0.748318,1,1.848095
288,442329.0,2013-04-20 15:00:000000,Fulham,Arsenal,1.3639186120100697,1.5609893453860486,0.33361974509958453,0.24523082443094318,0.42114840184299035,Arsenal,Arsenal,0.7142069999999999,1,1.617702
289,442332.0,2013-04-20 15:00:000000,Norwich City,Reading,1.395187876004296,1.1122303966123508,0.43396529132903666,0.26629424654104084,0.2997401593689889,Norwich City,Norwich City,0.6614,1,0.814396
290,442333.0,2013-04-20 15:00:000000,Queens Park Rangers,Stoke City,1.5223036673559889,1.0502588630371894,0.48166674481837485,0.2567678110437129,0.2615647916571939,Queens Park Rangers,Stoke City,1.123636,1,0.708619
291,442334.0,2013-04-20 15:00:000000,Sunderland,Everton,1.32537646186996,1.031658804563215,0.4336257723140841,0.27578343982710535,0.29059060841096473,Sunderland,Sunderland,0.821934,1,1.409705
292,442335.0,2013-04-20 15:00:000000,Swansea City,Southampton,1.3655557921749155,1.0938442459550188,0.43022232681482897,0.26955942592093624,0.3002180006326774,Swansea City,tie,1.032434,1,1.414876
293,442337.0,2013-04-20 15:00:000000,West Bromwich Albion,Newcastle United,1.4409366068769367,1.1202648701103952,0.44421811849786386,0.26214147987437486,0.2936399960164112,West Bromwich Albion,tie,0.723234,1,0.957074
294,442338.0,2013-04-20 15:00:000000,West Ham United,Wigan Athletic,1.403581573768734,1.0603867647142828,0.44816063935982875,0.2674378212442981,0.28440123130220724,West Ham United,West Ham United,0.8771399999999999,1,1.361264
295,442336.0,2013-04-21 13:30:000000,Tottenham Hotspur,Manchester City,1.3721241883352395,1.5168782927270381,0.34386577681101504,0.2475752433784439,0.40855813274697844,Manchester City,Tottenham Hotspur,2.044641,1,1.614176
296,442330.0,2013-04-21 16:00:000000,Liverpool,Chelsea,1.9628172148793668,1.4002581008147648,0.5066538309761609,0.21900857730793624,0.27433031884969883,Liverpool,tie,1.5544959999999999,1,1.659747
297,442331.0,2013-04-22 20:00:000000,Manchester United,Aston Villa,2.0150557904046176,1.0353783216957217,0.6004822485775664,0.2112533486763269,0.1882554876719671,Manchester United,Manchester United,1.519105,1,1.524484
298,442343.0,2013-04-27 12:45:000000,Manchester City,West Ham United,2.0102269408177733,1.0591154551213657,0.5938671616510299,0.21225013664847844,0.19387397692056993,Manchester City,Manchester City,1.555007,1,1.013968
299,442342.0,2013-04-27 15:00:000000,Everton,Fulham,1.4864012534548905,0.9965105985836005,0.4852454186863757,0.26125885302447666,0.25349521323685337,Everton,Everton,1.154669,1,0.528367
300,442346.0,2013-04-27 15:00:000000,Southampton,West Bromwich Albion,1.4496055371220007,0.9989043580614726,0.47498866343232027,0.26485278984127664,0.2601581401972279,Southampton,West Bromwich Albion,1.29669,1,0.9376680000000001
301,442347.0,2013-04-27 15:00:000000,Stoke City,Norwich City,1.4722044280618882,1.024259808535186,0.4748630001728303,0.2620503573754232,0.26308616904077015,Stoke City,Stoke City,0.809959,1,1.104294
302,442348.0,2013-04-27 15:00:000000,Wigan Athletic,Tottenham Hotspur,1.4426662356178352,1.0654872815834722,0.45734843744343595,0.2637181545158888,0.2789330104430681,Wigan Athletic,tie,1.3550879999999998,1,1.554473
303,442344.0,2013-04-27 17:30:000000,Newcastle United,Liverpool,1.4052663633830724,1.562863079472011,0.34337980637775983,0.2436605265526398,0.41295855501773454,Liverpool,Liverpool,1.093798,1,1.73
304,442345.0,2013-04-28 13:30:000000,Reading,Queens Park Rangers,1.473971589142467,1.0279526495104516,0.47444455578597194,0.26179532356434976,0.2637596413958342,Reading,tie,0.641686,1,1.103466
305,442341.0,2013-04-28 15:00:000000,Chelsea,Swansea City,2.0174745633006386,1.0254892791409953,0.6033305185887684,0.21078400862173616,0.18587646047803327,Chelsea,Chelsea,1.7660099999999999,1,1.025777
306,442339.0,2013-04-28 16:00:000000,Arsenal,Manchester United,2.0126399174025678,1.4002581008147648,0.5174823449143615,0.21574222159907133,0.2667663468129102,Arsenal,tie,1.6898330000000001,1,1.3761940000000001
307,442340.0,2013-04-29 20:00:000000,Aston Villa,Sunderland,1.334950649097948,1.0859992596133086,0.4237177630708786,0.27255043845785243,0.30373159765348534,Aston Villa,Aston Villa,1.5785129999999998,1,0.750896
308,442349.0,2013-05-04 15:00:000000,Fulham,Reading,1.3968625902406984,1.0205802338076166,0.45571941857755366,0.269389598775003,0.2748906935677104,Fulham,Reading,0.436067,1,0.684854
309,442352.0,2013-05-04 15:00:000000,Norwich City,Aston Villa,1.4757408714354434,1.0378654469448312,0.47254769167807964,0.26139400787655315,0.2660578144143132,Norwich City,Aston Villa,1.104294,1,1.66507
310,442355.0,2013-05-04 15:00:000000,Swansea City,Manchester City,1.4775122774870155,1.4740137475938075,0.37813948784636203,0.24527006215526587,0.37658950696532895,Swansea City,tie,0.90509,1,1.776458
311,442356.0,2013-05-04 15:00:000000,Tottenham Hotspur,Southampton,1.454831909064791,1.0603867647142828,0.46174688862216534,0.26275534787368926,0.2754973347229355,Tottenham Hotspur,Tottenham Hotspur,1.52034,1,1.257332
312,442357.0,2013-05-04 15:00:000000,West Bromwich Albion,Wigan Athletic,1.4828392637011532,1.0013038676883608,0.4831568769663011,0.2615157570749799,0.2553268619950662,West Bromwich Albion,Wigan Athletic,1.587136,1,1.280988
313,442358.0,2013-05-04 15:00:000000,West Ham United,Newcastle United,1.6121286582733019,1.02672022554226,0.5099985321652976,0.24862553342617214,0.24137481979140482,West Ham United,tie,0.9911459999999999,1,1.09944
314,442353.0,2013-05-04 17:30:000000,Queens Park Rangers,Arsenal,1.3639186120100697,1.4757830804916952,0.34964097743144545,0.25032326848992326,0.4000350632238842,Arsenal,Arsenal,0.955792,1,1.559292
315,442350.0,2013-05-05 13:30:000000,Liverpool,Everton,1.9722584703238604,1.0304219372441366,0.5925365422111528,0.21500536647264318,0.192450771966402,Liverpool,tie,2.022555,1,1.254636
316,442351.0,2013-05-05 16:00:000000,Manchester United,Chelsea,2.0174745633006386,1.439250215982577,0.5101652992783255,0.21538383284567084,0.27444149853880956,Manchester United,Chelsea,1.5249059999999999,1,1.371899
317,442354.0,2013-05-06 20:00:000000,Sunderland,Stoke City,1.3269673779519169,1.1418313860139466,0.40898817354279676,0.27061265074829177,0.32039897006962886,Sunderland,tie,0.711253,1,0.9191799999999999
318,442323.0,2013-05-07 19:45:000000,Manchester City,West Bromwich Albion,2.0662044783476023,1.0037091412769366,0.6186294438663761,0.20574728760346397,0.17561206068303103,Manchester City,Manchester City,1.6916759999999997,1,1.818324
319,442328.0,2013-05-07 19:45:000000,Wigan Athletic,Swansea City,1.4052663633830724,1.0833967872147432,0.4432672884845061,0.26648689761354044,0.2902454980531255,Wigan Athletic,Swansea City,1.3895870000000001,1,0.8446629999999999
320,442321.0,2013-05-08 19:45:000000,Chelsea,Tottenham Hotspur,2.0150557904046176,0.9823915868986602,0.6130710871852121,0.20982117830711525,0.1770988252974753,Chelsea,tie,1.065951,1,1.273667
321,442360.0,2013-05-11 12:45:000000,Aston Villa,Chelsea,1.4154176552275353,1.4740137475938075,0.362819259887627,0.24815680562678757,0.3890231537384776,Chelsea,Chelsea,1.4295879999999999,1,1.183396
322,442367.0,2013-05-12 13:30:000000,Stoke City,Tottenham Hotspur,1.3935151696015866,1.0097476335260311,0.4573900438850284,0.27006217775148267,0.27254749692945845,Stoke City,Tottenham Hotspur,1.07069,1,1.211535
323,442361.0,2013-05-12 15:00:000000,Everton,West Ham United,1.400218051857892,0.9741765792618479,0.4677375689155608,0.2704709441287284,0.261791195963056,Everton,Everton,1.049756,1,0.873642
324,442362.0,2013-05-12 15:00:000000,Fulham,Liverpool,1.32537646186996,1.6141099428108172,0.3146093012388458,0.24304771392888114,0.44234170464820377,Liverpool,Liverpool,1.016985,1,1.930405
325,442364.0,2013-05-12 15:00:000000,Norwich City,West Bromwich Albion,1.4775122774870155,1.0578456697157876,0.46828140923831574,0.26074156010235494,0.27097653604835714,Norwich City,Norwich City,0.9746549999999999,1,1.950991
326,442365.0,2013-05-12 15:00:000000,Queens Park Rangers,Newcastle United,1.5628183798298296,0.9977067604159076,0.5046299693378247,0.2536789868145769,0.2416902155724893,Queens Park Rangers,Newcastle United,0.7083079999999999,1,1.01667
327,442368.0,2013-05-12 15:00:000000,Sunderland,Southampton,1.4828392637011532,1.179272463075403,0.4417157400026237,0.25680316703311307,0.3014805468226389,Sunderland,tie,0.682291,1,0.945925
328,442363.0,2013-05-12 16:00:000000,Manchester United,Swansea City,2.0126399174025678,1.024259808535186,0.6026017376116894,0.21119024682544357,0.1861991994505334,Manchester United,Manchester United,1.359261,1,1.089359
329,442359.0,2013-05-14 19:45:000000,Arsenal,Wigan Athletic,2.185499494285397,1.0037091412769366,0.6425255881468741,0.19505120734066161,0.16240455107490295,Arsenal,Arsenal,1.465535,1,1.612476
330,442366.0,2013-05-14 20:00:000000,Reading,Manchester City,1.3222003495207189,1.4722465359689882,0.3398314739828358,0.2522869881344279,0.40788091529438725,Manchester City,Manchester City,1.0482120000000001,1,1.445748
331,442369.0,2013-05-19 16:00:000000,Chelsea,Everton,1.907351151781964,1.0578456697157876,0.5718656347479028,0.22140061936409977,0.20672836679432144,Chelsea,Chelsea,1.2801040000000001,1,1.189026
332,442370.0,2013-05-19 16:00:000000,Liverpool,Queens Park Rangers,2.0786351310281916,1.0001033932437744,0.6220305893552732,0.2045050186182526,0.1734525543167466,Liverpool,Liverpool,2.082334,1,0.525034
333,442371.0,2013-05-19 16:00:000000,Manchester City,Norwich City,2.0102269408177733,0.9730086280278051,0.6143028545767879,0.20999787679107063,0.17569055414011814,Manchester City,Norwich City,1.7969259999999998,1,1.3277079999999999
334,442372.0,2013-05-19 16:00:000000,Newcastle United,Arsenal,1.3573894961688933,1.439250215982577,0.3550612253332638,0.2527401816360717,0.3921980137878452,Arsenal,Arsenal,0.961541,1,1.758572
335,442373.0,2013-05-19 16:00:000000,Southampton,Stoke City,1.439209051807347,1.0230318119554842,0.4664567461506985,0.26524747029523293,0.26829540103882665,Southampton,tie,1.391514,1,0.9072950000000001
336,442374.0,2013-05-19 16:00:000000,Swansea City,Fulham,1.6044113541262204,1.0846972429128086,0.4942669809446367,0.24873108345310346,0.25700086064207966,Swansea City,Fulham,0.9317290000000001,1,1.074098
337,442375.0,2013-05-19 16:00:000000,Tottenham Hotspur,Sunderland,1.4137206951154768,1.0578456697157876,0.4514615858942795,0.2665962988782568,0.28194178654846513,Tottenham Hotspur,Tottenham Hotspur,1.1730040000000002,1,0.761418
338,442376.0,2013-05-19 16:00:000000,West Bromwich Albion,Manchester United,1.400218051857892,1.6025336416123648,0.3348294508879889,0.2415348503797088,0.42363437494199563,Manchester United,tie,1.870716,1,1.4194930000000001
339,442377.0,2013-05-19 16:00:000000,West Ham United,Reading,1.4792858098464376,1.024259808535186,0.47671625226732695,0.26137119786097623,0.26191205460391553,West Ham United,West Ham United,1.040489,1,1.154791
340,442378.0,2013-05-19 16:00:000000,Wigan Athletic,Aston Villa,1.4426662356178352,1.1906444742784243,0.4288043644138494,0.2595092871749688,0.3116859122438494,Wigan Athletic,tie,1.41655,1,1.329717
