fixture_id,time.starting_at.date,Team.data.name,op_Team.data.name,expected_winner,winner,predicted,op_predicted,tie_predicted
2578,2016-09-16,Chelsea,Liverpool,Chelsea,Liverpool,0.5296846764729849,0.21972124273202695,0.2505940807949881
2589,2016-09-17,Hull City,Arsenal,Arsenal,Arsenal,0.3509395018234612,0.39846641738155075,0.2505940807949881
2600,2016-09-17,Leicester City,Burnley,Leicester City,Leicester City,0.5505683819291111,0.19883753727590076,0.2505940807949881
2610,2016-09-17,Manchester City,AFC Bournemouth,Manchester City,Manchester City,0.7060366185748183,0.043369300630193675,0.2505940807949881
2622,2016-09-17,West Bromwich Albion,West Ham United,West Bromwich Albion,West Bromwich Albion,0.45467871742362426,0.29472720178138756,0.2505940807949881
2634,2016-09-17,Everton,Middlesbrough,Everton,Everton,0.6282594416402436,0.12114647756476835,0.2505940807949881
2645,2016-09-18,Watford,Manchester United,Manchester United,Watford,0.28391107325247483,0.46549484595253715,0.2505940807949881
2656,2016-09-18,Crystal Palace,Stoke City,Crystal Palace,Crystal Palace,0.5307775095420851,0.21862840966292674,0.2505940807949881
2666,2016-09-18,Southampton,Swansea City,Southampton,Southampton,0.5558542720203475,0.19355164718466428,0.2505940807949881
2678,2016-09-18,Tottenham Hotspur,Sunderland,Tottenham Hotspur,Tottenham Hotspur,0.6753576770517046,0.0740482421533073,0.2505940807949881
2688,2016-09-24,Manchester United,Leicester City,Manchester United,Manchester United,0.5478664616350297,0.20153945756998223,0.2505940807949881
2698,2016-09-24,AFC Bournemouth,Everton,Everton,AFC Bournemouth,0.15371206208780253,0.5956938571172093,0.2505940807949881
2710,2016-09-24,Liverpool,Hull City,Liverpool,Liverpool,0.6479977899387385,0.10140812926627334,0.2505940807949881
2721,2016-09-24,Middlesbrough,Tottenham Hotspur,Tottenham Hotspur,Tottenham Hotspur,0.212512574222807,0.5368933449822049,0.2505940807949881
2732,2016-09-24,Stoke City,West Bromwich Albion,Stoke City,tie,0.5060991927206046,0.24330672648440727,0.2505940807949881
2744,2016-09-24,Sunderland,Crystal Palace,Crystal Palace,Crystal Palace,0.2730592199657476,0.47634669923926437,0.2505940807949881
2755,2016-09-24,Swansea City,Manchester City,Manchester City,Manchester City,0.07507700666730674,0.6743289125377051,0.2505940807949881
2767,2016-09-24,Arsenal,Chelsea,Arsenal,Arsenal,0.47685735340697427,0.2725485657980376,0.2505940807949881
2777,2016-09-25,West Ham United,Southampton,West Ham United,Southampton,0.45067735264809783,0.29872856655691404,0.2505940807949881
2787,2016-09-26,Burnley,Watford,Watford,Burnley,0.35677594033184823,0.39262997887316364,0.2505940807949881
2799,2016-09-30,Everton,Crystal Palace,Everton,tie,0.45812158101175743,0.29128433819325444,0.2505940807949881
2809,2016-10-01,Swansea City,Liverpool,Liverpool,Liverpool,0.08735663927363892,0.662049279931373,0.2505940807949881
2820,2016-10-01,Hull City,Chelsea,Chelsea,Chelsea,0.15586152087327018,0.5935443983317418,0.2505940807949881
2830,2016-10-01,Sunderland,West Bromwich Albion,Sunderland,tie,0.41789819708495984,0.331507722120052,0.2505940807949881
2842,2016-10-01,Watford,AFC Bournemouth,Watford,tie,0.5081596475267095,0.2412462716783024,0.2505940807949881
2852,2016-10-01,West Ham United,Middlesbrough,West Ham United,tie,0.4966052268528096,0.2528006923522022,0.2505940807949881
2862,2016-10-02,Manchester United,Stoke City,Manchester United,tie,0.686604525145008,0.0628013940600038,0.2505940807949881
2874,2016-10-02,Leicester City,Southampton,Southampton,tie,0.31923996910447405,0.4301659501005378,0.2505940807949881
2885,2016-10-02,Tottenham Hotspur,Manchester City,Tottenham Hotspur,Tottenham Hotspur,0.48953482236828155,0.2598710968367303,0.2505940807949881
2895,2016-10-02,Burnley,Arsenal,Arsenal,Arsenal,0.11102664045418065,0.6383792787508312,0.2505940807949881
2903,2016-10-15,Chelsea,Leicester City,Chelsea,Chelsea,0.6766240170877057,0.07278190211730623,0.2505940807949881
2914,2016-10-15,AFC Bournemouth,Hull City,AFC Bournemouth,AFC Bournemouth,0.5418563187780906,0.20754960042692133,0.2505940807949881
2928,2016-10-15,Arsenal,Swansea City,Arsenal,Arsenal,0.7240717983412741,0.025334120863737743,0.2505940807949881
2939,2016-10-15,Manchester City,Everton,Manchester City,tie,0.4994247004231648,0.24998121878184706,0.2505940807949881
2949,2016-10-15,Stoke City,Sunderland,Stoke City,Stoke City,0.5443424155324045,0.20506350367260734,0.2505940807949881
2959,2016-10-15,West Bromwich Albion,Tottenham Hotspur,Tottenham Hotspur,tie,0.10631577967760683,0.643090139527405,0.2505940807949881
2971,2016-10-15,Crystal Palace,West Ham United,Crystal Palace,West Ham United,0.5142054742325466,0.2352004449724652,0.2505940807949881
2981,2016-10-16,Middlesbrough,Watford,Middlesbrough,Watford,0.44070566105805004,0.30870025814696184,0.2505940807949881
2991,2016-10-16,Southampton,Burnley,Southampton,Southampton,0.6681178683247296,0.0812880508802821,0.2505940807949881
3004,2016-10-17,Liverpool,Manchester United,Liverpool,tie,0.5650823063065846,0.18432361289842716,0.2505940807949881
3014,2016-10-22,AFC Bournemouth,Tottenham Hotspur,Tottenham Hotspur,tie,0.3315343250474924,0.4178715941575194,0.2505940807949881
3023,2016-10-22,Arsenal,Middlesbrough,Arsenal,tie,0.6946263450567673,0.054779574148244546,0.2505940807949881
3033,2016-10-22,Burnley,Everton,Everton,Burnley,0.24804564264469622,0.5013602765603157,0.2505940807949881
3044,2016-10-22,Hull City,Stoke City,Stoke City,Stoke City,0.3478437761237897,0.4015621430812221,0.2505940807949881
3054,2016-10-22,Leicester City,Crystal Palace,Crystal Palace,Leicester City,0.3127236379306995,0.43668228127431236,0.2505940807949881
3065,2016-10-22,Swansea City,Watford,Swansea City,tie,0.4278424141175117,0.32156350508750015,0.2505940807949881
3075,2016-10-22,West Ham United,Sunderland,West Ham United,West Ham United,0.6086591719733758,0.14074674723163608,0.2505940807949881
3085,2016-10-22,Liverpool,West Bromwich Albion,Liverpool,Liverpool,0.7149445781041341,0.0344613411008778,0.2505940807949881
3097,2016-10-23,Manchester City,Southampton,Southampton,tie,0.2722668647275996,0.4771390544774123,0.2505940807949881
3106,2016-10-23,Chelsea,Manchester United,Chelsea,Chelsea,0.4060069995362663,0.3433989196687456,0.2505940807949881
3119,2016-10-29,Sunderland,Arsenal,Arsenal,Arsenal,0.1581369954968201,0.5912689237081918,0.2505940807949881
3130,2016-10-29,Manchester United,Burnley,Manchester United,tie,0.7082284523972459,0.0411774668077661,0.2505940807949881
3140,2016-10-29,Middlesbrough,AFC Bournemouth,AFC Bournemouth,Middlesbrough,0.348106687190715,0.4012992320142968,0.2505940807949881
3152,2016-10-29,Tottenham Hotspur,Leicester City,Tottenham Hotspur,tie,0.6080336981982464,0.14137222100676541,0.2505940807949881
3162,2016-10-29,Watford,Hull City,Watford,Watford,0.5614683331978009,0.1879375860072109,0.2505940807949881
3172,2016-10-29,West Bromwich Albion,Manchester City,Manchester City,Manchester City,0.2150892617377154,0.5343166574672964,0.2505940807949881
3183,2016-10-29,Crystal Palace,Liverpool,Liverpool,Liverpool,0.1585328131041047,0.5908731061009072,0.2505940807949881
3195,2016-10-30,Everton,West Ham United,Everton,Everton,0.46987470190727615,0.2795312172977357,0.2505940807949881
3206,2016-10-30,Southampton,Chelsea,Southampton,Chelsea,0.517161422851392,0.23224449635361985,0.2505940807949881
3216,2016-10-31,Stoke City,Swansea City,Stoke City,Stoke City,0.5337768204160753,0.21562909878893652,0.2505940807949881
3227,2016-11-05,AFC Bournemouth,Sunderland,AFC Bournemouth,Sunderland,0.6549618600747863,0.09444405913022567,0.2505940807949881
3238,2016-11-05,Burnley,Crystal Palace,Crystal Palace,Burnley,0.22657353988809908,0.5228323793169127,0.2505940807949881
3698,2016-11-05,Manchester City,Middlesbrough,Manchester City,tie,0.6353506874001706,0.1140552318048412,0.2505940807949881
4018,2016-11-05,West Ham United,Stoke City,West Ham United,tie,0.5477809081588024,0.20162501104620945,0.2505940807949881
4380,2016-11-05,Chelsea,Everton,Chelsea,Chelsea,0.574183439164973,0.17522248004003882,0.2505940807949881
4403,2016-11-06,Arsenal,Tottenham Hotspur,Arsenal,tie,0.6363099485354746,0.11309597066953715,0.2505940807949881
4427,2016-11-06,Hull City,Southampton,Southampton,Hull City,0.21345084405621725,0.5359550751487945,0.2505940807949881
4453,2016-11-06,Liverpool,Watford,Liverpool,Liverpool,0.6341462865246945,0.11525963268031739,0.2505940807949881
4481,2016-11-06,Swansea City,Manchester United,Manchester United,Manchester United,0.16612922686025453,0.5832766923447573,0.2505940807949881
4507,2016-11-06,Leicester City,West Bromwich Albion,Leicester City,West Bromwich Albion,0.5889047972087132,0.1605011219962986,0.2505940807949881
4533,2016-11-19,Manchester United,Arsenal,Manchester United,tie,0.5204614572304153,0.22894446197459659,0.2505940807949881
4559,2016-11-19,Crystal Palace,Manchester City,Manchester City,Manchester City,0.23710734633740355,0.5122985728676084,0.2505940807949881
4586,2016-11-19,Everton,Swansea City,Everton,tie,0.5857821555298424,0.1636237636751696,0.2505940807949881
4612,2016-11-19,Southampton,Liverpool,Southampton,tie,0.3857338527194899,0.36367206648552197,0.2505940807949881
4638,2016-11-19,Stoke City,AFC Bournemouth,Stoke City,AFC Bournemouth,0.3945444526986003,0.35486146650641165,0.2505940807949881
4668,2016-11-19,Sunderland,Hull City,Hull City,Sunderland,0.3354382124552231,0.4139677067497888,0.2505940807949881
4693,2016-11-19,Watford,Leicester City,Watford,Watford,0.4849116026412238,0.2644943165637882,0.2505940807949881
4724,2016-11-19,Tottenham Hotspur,West Ham United,Tottenham Hotspur,Tottenham Hotspur,0.44297290339192,0.30643301581309185,0.2505940807949881
4751,2016-11-20,Middlesbrough,Chelsea,Chelsea,Chelsea,0.11258158005062324,0.6368243391543886,0.2505940807949881
4778,2016-11-21,West Bromwich Albion,Burnley,West Bromwich Albion,West Bromwich Albion,0.4825771385051892,0.26682878069982274,0.2505940807949881
4804,2016-11-26,Burnley,Manchester City,Manchester City,Manchester City,0.15906471215524828,0.5903412070497636,0.2505940807949881
4831,2016-11-26,Hull City,West Bromwich Albion,Hull City,tie,0.5541347613061295,0.19527115789888236,0.2505940807949881
4857,2016-11-26,Leicester City,Middlesbrough,Leicester City,tie,0.6205606738538187,0.12884524535119307,0.2505940807949881
4885,2016-11-26,Liverpool,Sunderland,Liverpool,Liverpool,0.7295897250752899,0.019816194129722114,0.2505940807949881
4912,2016-11-26,Swansea City,Crystal Palace,Swansea City,Swansea City,0.4291118809972466,0.3202940382077653,0.2505940807949881
4948,2016-11-26,Chelsea,Tottenham Hotspur,Chelsea,Chelsea,0.6295000114978095,0.11990590770720237,0.2505940807949881
4979,2016-11-27,Watford,Stoke City,Watford,Stoke City,0.4847418960241542,0.2646640231808577,0.2505940807949881
5003,2016-11-27,Arsenal,AFC Bournemouth,Arsenal,Arsenal,0.5481987071095863,0.2012072120954256,0.2505940807949881
5032,2016-11-27,Manchester United,West Ham United,Manchester United,tie,0.6572289029667107,0.09217701623830116,0.2505940807949881
5062,2016-11-27,Southampton,Everton,Southampton,Southampton,0.39548473499552833,0.3539211842094836,0.2505940807949881
5093,2016-12-03,Manchester City,Chelsea,Manchester City,Chelsea,0.5089345289302278,0.24047139027478395,0.2505940807949881
5118,2016-12-03,Crystal Palace,Southampton,Southampton,Crystal Palace,0.31199927724344706,0.43740664196156476,0.2505940807949881
5145,2016-12-03,Stoke City,Burnley,Stoke City,Stoke City,0.6319504163897028,0.11745550281530907,0.2505940807949881
5171,2016-12-03,Sunderland,Leicester City,Leicester City,Sunderland,0.2331092488470726,0.5162966703579392,0.2505940807949881
5198,2016-12-03,Tottenham Hotspur,Swansea City,Tottenham Hotspur,Tottenham Hotspur,0.5821581841810083,0.16724773502400347,0.2505940807949881
5223,2016-12-03,West Bromwich Albion,Watford,West Bromwich Albion,West Bromwich Albion,0.42980050884823445,0.31960541035677736,0.2505940807949881
5249,2016-12-03,West Ham United,Arsenal,Arsenal,Arsenal,0.3319428539778612,0.4174630652271506,0.2505940807949881
5258,2016-12-04,AFC Bournemouth,Liverpool,Liverpool,AFC Bournemouth,0.15246259985916008,0.5969433193458518,0.2505940807949881
5269,2016-12-04,Everton,Manchester United,Manchester United,tie,0.16062868133024782,0.588777237874764,0.2505940807949881
5279,2016-12-05,Middlesbrough,Hull City,Middlesbrough,Middlesbrough,0.42647449869062487,0.3229314205143869,0.2505940807949881
5357,2016-12-11,Chelsea,West Bromwich Albion,Chelsea,Chelsea,0.6386218442486953,0.11078407495631656,0.2505940807949881
5367,2016-12-11,Manchester United,Tottenham Hotspur,Manchester United,Manchester United,0.4169589870828909,0.3324469321221209,0.2505940807949881
5379,2016-12-11,Southampton,Middlesbrough,Southampton,Southampton,0.5862671351889157,0.16313878401609622,0.2505940807949881
5389,2016-12-11,Liverpool,West Ham United,Liverpool,tie,0.7232784237695318,0.026127495435480173,0.2505940807949881
5399,2016-12-13,AFC Bournemouth,Leicester City,AFC Bournemouth,AFC Bournemouth,0.5736486545678751,0.17575726463713676,0.2505940807949881
5412,2016-12-13,Everton,Arsenal,Arsenal,Everton,0.3097172286657184,0.43968869053929355,0.2505940807949881
5422,2016-12-14,Middlesbrough,Liverpool,Liverpool,Liverpool,0.1662756139278699,0.5831303052771419,0.2505940807949881
5432,2016-12-14,Sunderland,Chelsea,Chelsea,Chelsea,0.3057977246433284,0.44360819456168343,0.2505940807949881
5442,2016-12-14,West Ham United,Burnley,West Ham United,West Ham United,0.4082958371664726,0.3411100820385392,0.2505940807949881
5451,2016-12-14,Crystal Palace,Manchester United,Manchester United,Manchester United,0.25449052020571983,0.49491539899929204,0.2505940807949881
5464,2016-12-14,West Bromwich Albion,Swansea City,West Bromwich Albion,West Bromwich Albion,0.48745011277600403,0.2619558064290078,0.2505940807949881
5474,2016-12-14,Manchester City,Watford,Manchester City,Manchester City,0.683419316229145,0.06598660297586682,0.2505940807949881
5485,2016-12-14,Stoke City,Southampton,Stoke City,tie,0.3885048369329427,0.3609010822720692,0.2505940807949881
5494,2016-12-14,Tottenham Hotspur,Hull City,Tottenham Hotspur,Tottenham Hotspur,0.6883737001454199,0.06103221905959201,0.2505940807949881
5506,2016-12-17,Crystal Palace,Chelsea,Chelsea,Chelsea,0.2819447547728646,0.4674611644321472,0.2505940807949881
5516,2016-12-17,Middlesbrough,Swansea City,Middlesbrough,Middlesbrough,0.5123483802445525,0.23705753896045942,0.2505940807949881
5526,2016-12-17,Stoke City,Leicester City,Stoke City,tie,0.5162344534006686,0.2331714658043433,0.2505940807949881
5538,2016-12-17,Sunderland,Watford,Sunderland,Sunderland,0.5007240965971106,0.2486818226079014,0.2505940807949881
5548,2016-12-17,West Ham United,Hull City,Hull City,West Ham United,0.36245306181742565,0.38695285738758617,0.2505940807949881
5559,2016-12-17,West Bromwich Albion,Manchester United,Manchester United,Manchester United,0.17279956682938571,0.5766063523756262,0.2505940807949881
5569,2016-12-18,AFC Bournemouth,Southampton,Southampton,Southampton,0.28486215404812004,0.46454376515689183,0.2505940807949881
5583,2016-12-18,Manchester City,Arsenal,Manchester City,Manchester City,0.5344762150818219,0.21492970412319,0.2505940807949881
5592,2016-12-18,Tottenham Hotspur,Burnley,Tottenham Hotspur,Tottenham Hotspur,0.722969575080461,0.02643634412455077,0.2505940807949881
5603,2016-12-19,Everton,Liverpool,Liverpool,Liverpool,0.1448464915958651,0.6045594276091468,0.2505940807949881
5615,2016-12-26,Watford,Crystal Palace,Watford,tie,0.39248604121397185,0.35691987799103997,0.2505940807949881
5627,2016-12-26,Arsenal,West Bromwich Albion,Arsenal,Arsenal,0.6236963904693817,0.12570952873563015,0.2505940807949881
5636,2016-12-26,Burnley,Middlesbrough,Middlesbrough,Burnley,0.26823360465066187,0.48117231455435,0.2505940807949881
5645,2016-12-26,Chelsea,AFC Bournemouth,Chelsea,Chelsea,0.5710910023975049,0.178314916807507,0.2505940807949881
5657,2016-12-26,Leicester City,Everton,Leicester City,Everton,0.4521449700533933,0.29726094915161855,0.2505940807949881
5668,2016-12-26,Manchester United,Sunderland,Manchester United,Manchester United,0.6427483514811595,0.10665756772385235,0.2505940807949881
5681,2016-12-26,Swansea City,West Ham United,Swansea City,West Ham United,0.5500084640497015,0.19939745515531038,0.2505940807949881
5693,2016-12-26,Hull City,Manchester City,Manchester City,Manchester City,0.20091515966998136,0.5484907595350305,0.2505940807949881
5704,2016-12-27,Liverpool,Stoke City,Liverpool,Liverpool,0.6852408212635255,0.06416509794148642,0.2505940807949881
5714,2016-12-28,Southampton,Tottenham Hotspur,Southampton,Tottenham Hotspur,0.3811900154884352,0.36821590371657664,0.2505940807949881
5726,2016-12-30,Hull City,Everton,Hull City,tie,0.39294233055233524,0.3564635886526767,0.2505940807949881
5736,2016-12-31,Burnley,Sunderland,Burnley,Burnley,0.3844606032435937,0.36494531596141827,0.2505940807949881
5745,2016-12-31,Chelsea,Stoke City,Chelsea,Chelsea,0.656360016591974,0.09304590261303786,0.2505940807949881
5756,2016-12-31,Leicester City,West Ham United,West Ham United,Leicester City,0.359172551174889,0.39023336803012293,0.2505940807949881
5766,2016-12-31,Manchester United,Middlesbrough,Manchester United,Manchester United,0.6846858979106908,0.06472002129432111,0.2505940807949881
5775,2016-12-31,Southampton,West Bromwich Albion,Southampton,West Bromwich Albion,0.6668441856296725,0.08256173357533939,0.2505940807949881
5787,2016-12-31,Swansea City,AFC Bournemouth,Swansea City,AFC Bournemouth,0.4016658022758985,0.34774011692911333,0.2505940807949881
5799,2016-12-31,Liverpool,Manchester City,Liverpool,Liverpool,0.6098267303034148,0.13957918890159715,0.2505940807949881
5809,2017-01-01,Watford,Tottenham Hotspur,Tottenham Hotspur,Tottenham Hotspur,0.16303967907914887,0.586366240125863,0.2505940807949881
5820,2017-01-01,Arsenal,Crystal Palace,Arsenal,Arsenal,0.6144130547511024,0.13499286445390943,0.2505940807949881
5831,2017-01-02,Middlesbrough,Leicester City,Middlesbrough,tie,0.40718116038435015,0.34222475882066167,0.2505940807949881
5842,2017-01-02,Everton,Southampton,Everton,Everton,0.4260404329262401,0.3233654862787718,0.2505940807949881
5853,2017-01-02,Manchester City,Burnley,Manchester City,Manchester City,0.6731502759043401,0.07625564330067185,0.2505940807949881
5863,2017-01-02,Sunderland,Liverpool,Liverpool,tie,0.1191521224864498,0.6302537967185621,0.2505940807949881
5875,2017-01-02,West Bromwich Albion,Hull City,Hull City,West Bromwich Albion,0.36851570157137736,0.3808902176336345,0.2505940807949881
5887,2017-01-02,West Ham United,Manchester United,Manchester United,Manchester United,0.16630664059258615,0.5830992786124257,0.2505940807949881
5898,2017-01-03,AFC Bournemouth,Arsenal,AFC Bournemouth,tie,0.4002595207919366,0.34914639841307527,0.2505940807949881
5910,2017-01-03,Crystal Palace,Swansea City,Swansea City,Swansea City,0.35558235053867066,0.3938235686663413,0.2505940807949881
5921,2017-01-03,Stoke City,Watford,Stoke City,Stoke City,0.5463117314836321,0.2030941877213798,0.2505940807949881
5932,2017-01-04,Tottenham Hotspur,Chelsea,Tottenham Hotspur,Tottenham Hotspur,0.523899750988072,0.22550616821693986,0.2505940807949881
5942,2017-01-14,Tottenham Hotspur,West Bromwich Albion,Tottenham Hotspur,Tottenham Hotspur,0.6952892469836828,0.05411667222132912,0.2505940807949881
5953,2017-01-14,Burnley,Southampton,Burnley,Burnley,0.4279049138718036,0.3215010053332082,0.2505940807949881
5964,2017-01-14,Hull City,AFC Bournemouth,Hull City,Hull City,0.3924657290052527,0.35694019019975926,0.2505940807949881
5975,2017-01-14,Sunderland,Stoke City,Stoke City,Stoke City,0.2944818017707453,0.4549241174342666,0.2505940807949881
5986,2017-01-14,Swansea City,Arsenal,Arsenal,Arsenal,0.30933434205107946,0.4400715771539324,0.2505940807949881
5998,2017-01-14,Watford,Middlesbrough,Watford,tie,0.39975616765522426,0.34964975154978756,0.2505940807949881
6008,2017-01-14,West Ham United,Crystal Palace,West Ham United,West Ham United,0.5771068418023075,0.17229907740270448,0.2505940807949881
6018,2017-01-14,Leicester City,Chelsea,Chelsea,Chelsea,0.20336256751189705,0.5460433516931148,0.2505940807949881
6029,2017-01-15,Everton,Manchester City,Manchester City,Everton,0.33484036045988685,0.414565558745125,0.2505940807949881
6039,2017-01-15,Manchester United,Liverpool,Manchester United,tie,0.6063339647799919,0.14307195442501994,0.2505940807949881
6049,2017-01-21,Liverpool,Swansea City,Liverpool,Swansea City,0.6522395610504097,0.09716635815460221,0.2505940807949881
6060,2017-01-21,AFC Bournemouth,Watford,AFC Bournemouth,tie,0.5959390289472946,0.15346689025771723,0.2505940807949881
6073,2017-01-21,Crystal Palace,Everton,Everton,Everton,0.23124119152987463,0.5181647276751372,0.2505940807949881
6081,2017-01-21,Middlesbrough,West Ham United,Middlesbrough,West Ham United,0.4168678059378405,0.3325381132671714,0.2505940807949881
6093,2017-01-21,Stoke City,Manchester United,Manchester United,tie,0.11075395203972985,0.638651967165282,0.2505940807949881
6105,2017-01-21,West Bromwich Albion,Sunderland,West Bromwich Albion,West Bromwich Albion,0.4044603940772009,0.34494552512781096,0.2505940807949881
6115,2017-01-21,Manchester City,Tottenham Hotspur,Tottenham Hotspur,tie,0.3659218988226204,0.3834840203823915,0.2505940807949881
6126,2017-01-22,Southampton,Leicester City,Southampton,Southampton,0.6113211122048801,0.13808480700013193,0.2505940807949881
6137,2017-01-22,Arsenal,Burnley,Arsenal,Arsenal,0.6908605122382504,0.05854540696676149,0.2505940807949881
6151,2017-01-22,Chelsea,Hull City,Chelsea,Chelsea,0.6657360696053723,0.0836698495996395,0.2505940807949881
6161,2017-01-31,AFC Bournemouth,Crystal Palace,AFC Bournemouth,Crystal Palace,0.6372815462932966,0.11212437291171541,0.2505940807949881
6173,2017-01-31,Arsenal,Watford,Arsenal,Watford,0.7129195081527787,0.03648641105223314,0.2505940807949881
6185,2017-01-31,Burnley,Leicester City,Burnley,Burnley,0.5342948541264227,0.21511106507858918,0.2505940807949881
6195,2017-01-31,Middlesbrough,West Bromwich Albion,Middlesbrough,tie,0.49462766746636594,0.2547782517386458,0.2505940807949881
6206,2017-01-31,Sunderland,Tottenham Hotspur,Tottenham Hotspur,tie,0.22895525150961166,0.5204506676954003,0.2505940807949881
6214,2017-01-31,Swansea City,Southampton,Southampton,Swansea City,0.24957547064490956,0.4998304485601023,0.2505940807949881
6225,2017-01-31,Liverpool,Chelsea,Liverpool,tie,0.43467267705882917,0.3147332421461827,0.2505940807949881
6237,2017-02-01,West Ham United,Manchester City,Manchester City,Manchester City,0.32744211156554276,0.4219638076394691,0.2505940807949881
6247,2017-02-01,Manchester United,Hull City,Manchester United,tie,0.6953099948401691,0.054095924364842875,0.2505940807949881
6256,2017-02-01,Stoke City,Everton,Everton,tie,0.3124464228756604,0.43695949632935144,0.2505940807949881
6268,2017-02-04,Chelsea,Arsenal,Arsenal,Chelsea,0.3444107334856268,0.40499518571938514,0.2505940807949881
6280,2017-02-04,Crystal Palace,Sunderland,Crystal Palace,Sunderland,0.569151945211616,0.1802539739933958,0.2505940807949881
6291,2017-02-04,Everton,AFC Bournemouth,Everton,Everton,0.5517243214018865,0.19768159780312536,0.2505940807949881
6304,2017-02-04,Hull City,Liverpool,Liverpool,Hull City,0.1856585918052704,0.5637473273997414,0.2505940807949881
6313,2017-02-04,Southampton,West Ham United,Southampton,West Ham United,0.6707088607902486,0.0786970584147632,0.2505940807949881
6323,2017-02-04,Watford,Burnley,Watford,Watford,0.4608475388681843,0.2885583803368275,0.2505940807949881
6337,2017-02-04,West Bromwich Albion,Stoke City,Stoke City,West Bromwich Albion,0.3513844579324046,0.39802146127260724,0.2505940807949881
6346,2017-02-04,Tottenham Hotspur,Middlesbrough,Tottenham Hotspur,Tottenham Hotspur,0.5508077332255177,0.19859818597949422,0.2505940807949881
6356,2017-02-05,Manchester City,Swansea City,Manchester City,Manchester City,0.6335449058779051,0.11586101332710674,0.2505940807949881
6366,2017-02-05,Leicester City,Manchester United,Manchester United,Manchester United,0.05228035679301635,0.6971255624119954,0.2505940807949881
6377,2017-02-11,Arsenal,Hull City,Arsenal,Arsenal,0.6949965322751115,0.0544093869299004,0.2505940807949881
6389,2017-02-11,Manchester United,Watford,Manchester United,Manchester United,0.6987409529915831,0.050664966213428746,0.2505940807949881
6400,2017-02-11,Middlesbrough,Everton,Everton,tie,0.2651644360635639,0.48424148314144805,0.2505940807949881
6411,2017-02-11,Stoke City,Crystal Palace,Stoke City,Stoke City,0.4526417905020555,0.2967641287029565,0.2505940807949881
6419,2017-02-11,Sunderland,Southampton,Southampton,Southampton,0.10298933001313682,0.6464165891918751,0.2505940807949881
6431,2017-02-11,West Ham United,West Bromwich Albion,West Ham United,tie,0.5069250191192278,0.24248090008578413,0.2505940807949881
6442,2017-02-11,Liverpool,Tottenham Hotspur,Liverpool,Liverpool,0.5356600374454656,0.21374588175954617,0.2505940807949881
6453,2017-02-12,Burnley,Chelsea,Chelsea,tie,0.199008890320719,0.5503970288842928,0.2505940807949881
6463,2017-02-12,Swansea City,Leicester City,Swansea City,Swansea City,0.5834472600003907,0.16595865920462127,0.2505940807949881
6475,2017-02-13,AFC Bournemouth,Manchester City,Manchester City,Manchester City,0.2140133774434714,0.5353925417615405,0.2505940807949881
6485,2017-02-25,Chelsea,Swansea City,Chelsea,Chelsea,0.6292287679380284,0.1201771512669835,0.2505940807949881
6497,2017-02-25,Crystal Palace,Middlesbrough,Crystal Palace,Crystal Palace,0.47491306876018874,0.2744928504448231,0.2505940807949881
6508,2017-02-25,Everton,Sunderland,Everton,Everton,0.7084612827770634,0.04094463642794849,0.2505940807949881
6518,2017-02-25,Hull City,Burnley,Hull City,tie,0.42976698606753033,0.3196389331374815,0.2505940807949881
6530,2017-02-25,West Bromwich Albion,AFC Bournemouth,West Bromwich Albion,West Bromwich Albion,0.4509711717121173,0.2984347474928946,0.2505940807949881
6542,2017-02-25,Watford,West Ham United,Watford,tie,0.38866328861685484,0.36074263058815714,0.2505940807949881
6552,2017-02-26,Tottenham Hotspur,Stoke City,Tottenham Hotspur,Tottenham Hotspur,0.5625565328610327,0.1868493863439793,0.2505940807949881
6563,2017-02-27,Leicester City,Liverpool,Liverpool,Leicester City,0.07318388041833417,0.6762220387866776,0.2505940807949881
6586,2017-03-04,Manchester United,AFC Bournemouth,Manchester United,tie,0.7147270445348141,0.03467887467019775,0.2505940807949881
6596,2017-03-04,Leicester City,Hull City,Leicester City,Leicester City,0.47452643045630394,0.2748794887487079,0.2505940807949881
6607,2017-03-04,Stoke City,Middlesbrough,Stoke City,Stoke City,0.5498502355968219,0.19955568360819007,0.2505940807949881
6618,2017-03-04,Swansea City,Burnley,Swansea City,Swansea City,0.49663329785091553,0.25277262135409645,0.2505940807949881
6629,2017-03-04,Watford,Southampton,Southampton,Southampton,0.13713595072435064,0.6122699684806613,0.2505940807949881
6639,2017-03-04,West Bromwich Albion,Crystal Palace,West Bromwich Albion,Crystal Palace,0.42626686929569185,0.32313904990932,0.2505940807949881
6651,2017-03-04,Liverpool,Arsenal,Liverpool,Liverpool,0.47866113034788965,0.2707447888571222,0.2505940807949881
6662,2017-03-05,Tottenham Hotspur,Everton,Tottenham Hotspur,Tottenham Hotspur,0.45732067681216904,0.2920852423928428,0.2505940807949881
6673,2017-03-05,Sunderland,Manchester City,Manchester City,Manchester City,0.039206411131523115,0.7101995080734887,0.2505940807949881
6685,2017-03-06,West Ham United,Chelsea,Chelsea,Chelsea,0.22835803472910304,0.5210478844759089,0.2505940807949881
6697,2017-03-08,Manchester City,Stoke City,Manchester City,tie,0.6994926980702003,0.04991322113481162,0.2505940807949881
6706,2017-03-11,AFC Bournemouth,West Ham United,West Ham United,AFC Bournemouth,0.2751554416063142,0.47425047759869776,0.2505940807949881
6717,2017-03-11,Everton,West Bromwich Albion,Everton,Everton,0.6699517649789705,0.07945415422604148,0.2505940807949881
6729,2017-03-11,Hull City,Swansea City,Swansea City,Hull City,0.33537835999789967,0.41402755920711215,0.2505940807949881
6739,2017-03-12,Liverpool,Burnley,Liverpool,Liverpool,0.7069828322924989,0.04242308691251296,0.2505940807949881
6783,2017-03-18,West Bromwich Albion,Arsenal,Arsenal,West Bromwich Albion,0.2205306741579118,0.5288752450471002,0.2505940807949881
6793,2017-03-18,Crystal Palace,Watford,Crystal Palace,Crystal Palace,0.5420926635164236,0.2073132556885883,0.2505940807949881
6805,2017-03-18,Everton,Hull City,Everton,Everton,0.6288479748282652,0.12055794437674665,0.2505940807949881
6816,2017-03-18,Stoke City,Chelsea,Chelsea,Chelsea,0.17140381710214783,0.5780021021028641,0.2505940807949881
6827,2017-03-18,Sunderland,Burnley,Sunderland,tie,0.43810298996458696,0.311302929240425,0.2505940807949881
6837,2017-03-18,West Ham United,Leicester City,West Ham United,Leicester City,0.5676907399994761,0.18171517920553595,0.2505940807949881
6849,2017-03-18,AFC Bournemouth,Swansea City,Swansea City,AFC Bournemouth,0.301262566835355,0.4481433523696569,0.2505940807949881
6860,2017-03-19,Middlesbrough,Manchester United,Manchester United,Manchester United,0.070592123578093,0.6788137956269189,0.2505940807949881
6870,2017-03-19,Tottenham Hotspur,Southampton,Tottenham Hotspur,Tottenham Hotspur,0.43321443517066466,0.3161914840343472,0.2505940807949881
6882,2017-03-19,Manchester City,Liverpool,Manchester City,tie,0.5712240738174802,0.1781818453875317,0.2505940807949881
6893,2017-04-01,Liverpool,Everton,Liverpool,Liverpool,0.48189189628635737,0.26751402291865456,0.2505940807949881
6905,2017-04-01,Burnley,Tottenham Hotspur,Tottenham Hotspur,Tottenham Hotspur,0.2636996741900224,0.4857062450149895,0.2505940807949881
6915,2017-04-01,Chelsea,Crystal Palace,Chelsea,Crystal Palace,0.7109743881574988,0.03843153104751308,0.2505940807949881
6924,2017-04-01,Hull City,West Ham United,West Ham United,Hull City,0.34534190083910393,0.404064018365908,0.2505940807949881
6935,2017-04-01,Leicester City,Stoke City,Leicester City,Leicester City,0.5190724748280162,0.23033344437699563,0.2505940807949881
6945,2017-04-01,Manchester United,West Bromwich Albion,Manchester United,tie,0.7000788781575011,0.04932704104751069,0.2505940807949881
6956,2017-04-01,Watford,Sunderland,Watford,Watford,0.4818609284865149,0.267544990718497,0.2505940807949881
6966,2017-04-01,Southampton,AFC Bournemouth,Southampton,tie,0.599112247137464,0.15029367206754798,0.2505940807949881
6976,2017-04-02,Swansea City,Middlesbrough,Swansea City,tie,0.54748361940182,0.20192229980319182,0.2505940807949881
6985,2017-04-02,Arsenal,Manchester City,Manchester City,tie,0.31848127910145885,0.4309246401035529,0.2505940807949881
6997,2017-04-04,Burnley,Stoke City,Burnley,Burnley,0.38262125431327704,0.36678466489173484,0.2505940807949881
7007,2017-04-04,Leicester City,Sunderland,Leicester City,Leicester City,0.6225263235315281,0.1268795956734838,0.2505940807949881
7019,2017-04-04,Watford,West Bromwich Albion,Watford,Watford,0.6131638998315161,0.13624201937349575,0.2505940807949881
7031,2017-04-04,Manchester United,Everton,Manchester United,tie,0.6258320591776176,0.12357386002739419,0.2505940807949881
7042,2017-04-05,Arsenal,West Ham United,Arsenal,Arsenal,0.4721951741115923,0.27721074509341953,0.2505940807949881
7052,2017-04-05,Hull City,Middlesbrough,Hull City,Hull City,0.4646485517890173,0.2847573674159946,0.2505940807949881
7063,2017-04-05,Swansea City,Tottenham Hotspur,Swansea City,Tottenham Hotspur,0.38539554831094014,0.3640103708940718,0.2505940807949881
7076,2017-04-05,Southampton,Crystal Palace,Southampton,Southampton,0.6397643350435144,0.10964158416149745,0.2505940807949881
7086,2017-04-05,Chelsea,Manchester City,Chelsea,Chelsea,0.6038287666809262,0.14557715252408565,0.2505940807949881
7097,2017-04-05,Liverpool,AFC Bournemouth,Liverpool,tie,0.6417378629231857,0.10766805628182624,0.2505940807949881
7109,2017-04-08,Tottenham Hotspur,Watford,Tottenham Hotspur,Tottenham Hotspur,0.6017193274218999,0.14768659178311194,0.2505940807949881
7119,2017-04-08,Manchester City,Hull City,Manchester City,Manchester City,0.626504528260918,0.1229013909440939,0.2505940807949881
7131,2017-04-08,Middlesbrough,Burnley,Middlesbrough,tie,0.5070038502025459,0.24240206900246591,0.2505940807949881
7143,2017-04-08,Stoke City,Liverpool,Liverpool,Liverpool,0.21366144086034222,0.5357444783446697,0.2505940807949881
7153,2017-04-08,West Bromwich Albion,Southampton,Southampton,Southampton,0.18413042542429336,0.5652754937807185,0.2505940807949881
7164,2017-04-08,West Ham United,Swansea City,West Ham United,West Ham United,0.49163056435713315,0.2577753548478787,0.2505940807949881
7174,2017-04-08,AFC Bournemouth,Chelsea,Chelsea,Chelsea,0.24994795125444882,0.499457967950563,0.2505940807949881
7186,2017-04-09,Sunderland,Manchester United,Manchester United,Manchester United,0.11345851329784856,0.6359474059071634,0.2505940807949881
7198,2017-04-09,Everton,Leicester City,Everton,Everton,0.5430099518760595,0.2063959673289525,0.2505940807949881
7208,2017-04-10,Crystal Palace,Arsenal,Arsenal,Crystal Palace,0.26572443325072526,0.48368148595428656,0.2505940807949881
7220,2017-04-15,Tottenham Hotspur,AFC Bournemouth,Tottenham Hotspur,Tottenham Hotspur,0.6722812945971284,0.0771246246078835,0.2505940807949881
7230,2017-04-15,Crystal Palace,Leicester City,Leicester City,tie,0.3403535602567409,0.40905235894827097,0.2505940807949881
7241,2017-04-15,Everton,Burnley,Everton,Everton,0.6062041219204846,0.14320179728452734,0.2505940807949881
7252,2017-04-15,Stoke City,Hull City,Stoke City,Stoke City,0.4971985492475881,0.2522073699574238,0.2505940807949881
7263,2017-04-15,Sunderland,West Ham United,West Ham United,tie,0.3716494628440821,0.37775645636092964,0.2505940807949881
7275,2017-04-15,Watford,Swansea City,Watford,Watford,0.5687665207774627,0.18063939842754917,0.2505940807949881
7286,2017-04-15,Southampton,Manchester City,Manchester City,Manchester City,0.31843787912331245,0.4309680400816994,0.2505940807949881
7297,2017-04-16,West Bromwich Albion,Liverpool,Liverpool,Liverpool,0.2241418296191744,0.5252640895858375,0.2505940807949881
7307,2017-04-16,Manchester United,Chelsea,Manchester United,Manchester United,0.49073138562308827,0.2586745335819236,0.2505940807949881
7318,2017-04-17,Middlesbrough,Arsenal,Middlesbrough,Arsenal,0.37538952614960946,0.3740163930554025,0.2505940807949881
7330,2017-04-22,AFC Bournemouth,Middlesbrough,Middlesbrough,AFC Bournemouth,0.30494497825272726,0.44446094095228456,0.2505940807949881
7340,2017-04-22,Hull City,Watford,Watford,Hull City,0.3677311181883224,0.3816748010166895,0.2505940807949881
7350,2017-04-22,Swansea City,Stoke City,Swansea City,Swansea City,0.425683227628511,0.32372269157650085,0.2505940807949881
7360,2017-04-22,West Ham United,Everton,Everton,tie,0.20924992853070215,0.5401559906743097,0.2505940807949881
7371,2017-04-23,Burnley,Manchester United,Manchester United,Manchester United,0.13444626553488867,0.6149596536701231,0.2505940807949881
7382,2017-04-23,Liverpool,Crystal Palace,Liverpool,Crystal Palace,0.6620790699833575,0.08732684922165435,0.2505940807949881
7392,2017-04-25,Chelsea,Southampton,Chelsea,Chelsea,0.5327405324081158,0.21666538679689606,0.2505940807949881
6750,2017-04-26,Arsenal,Leicester City,Arsenal,Arsenal,0.5832552049775013,0.16615071422751057,0.2505940807949881
6761,2017-04-26,Middlesbrough,Sunderland,Middlesbrough,Middlesbrough,0.4767434199979614,0.27266249920705055,0.2505940807949881
6771,2017-04-26,Crystal Palace,Tottenham Hotspur,Tottenham Hotspur,Tottenham Hotspur,0.1313755851351494,0.6180303340698625,0.2505940807949881
6574,2017-04-27,Manchester City,Manchester United,Manchester City,tie,0.5461708741608219,0.20323504504418996,0.2505940807949881
7407,2017-04-29,Southampton,Hull City,Southampton,tie,0.5909623418117438,0.15844357739326814,0.2505940807949881
7418,2017-04-29,Stoke City,West Ham United,Stoke City,tie,0.5372412029232078,0.2121647162818041,0.2505940807949881
7427,2017-04-29,Sunderland,AFC Bournemouth,Sunderland,AFC Bournemouth,0.5492422721470935,0.20016364705791825,0.2505940807949881
7443,2017-04-29,West Bromwich Albion,Leicester City,West Bromwich Albion,Leicester City,0.4150285653462545,0.33437735385875733,0.2505940807949881
7453,2017-04-29,Crystal Palace,Burnley,Crystal Palace,Burnley,0.48798363863262945,0.2614222805723825,0.2505940807949881
7461,2017-04-30,Manchester United,Swansea City,Manchester United,tie,0.6063877003683577,0.14301821883665422,0.2505940807949881
7473,2017-04-30,Everton,Chelsea,Everton,Chelsea,0.5619572738208438,0.18744864538416803,0.2505940807949881
7484,2017-04-30,Middlesbrough,Manchester City,Manchester City,tie,0.12247060444747838,0.6269353147575335,0.2505940807949881
7494,2017-04-30,Tottenham Hotspur,Arsenal,Tottenham Hotspur,Tottenham Hotspur,0.5808213010913793,0.16858461811363254,0.2505940807949881
7504,2017-05-01,Watford,Liverpool,Liverpool,Liverpool,0.3370226279227735,0.4123832912822384,0.2505940807949881
7515,2017-05-05,West Ham United,Tottenham Hotspur,Tottenham Hotspur,West Ham United,0.17451228147912862,0.5748936377258832,0.2505940807949881
7527,2017-05-06,Manchester City,Crystal Palace,Manchester City,Manchester City,0.6967951141134131,0.05261080509159868,0.2505940807949881
7537,2017-05-06,AFC Bournemouth,Stoke City,AFC Bournemouth,tie,0.443895165418049,0.30551075378696296,0.2505940807949881
7547,2017-05-06,Burnley,West Bromwich Albion,Burnley,tie,0.4247315632897888,0.3246743559152232,0.2505940807949881
7560,2017-05-06,Hull City,Sunderland,Sunderland,Sunderland,0.3252159723594184,0.4241899468455935,0.2505940807949881
7571,2017-05-06,Leicester City,Watford,Leicester City,Leicester City,0.40282887933514433,0.3465770398698676,0.2505940807949881
7581,2017-05-06,Swansea City,Everton,Everton,Swansea City,0.3016022575303173,0.4478036616746946,0.2505940807949881
7591,2017-05-07,Liverpool,Southampton,Liverpool,tie,0.6077657131557995,0.1416402060492124,0.2505940807949881
7600,2017-05-07,Arsenal,Manchester United,Arsenal,Arsenal,0.5442178128873836,0.20518810631762827,0.2505940807949881
7611,2017-05-08,Chelsea,Middlesbrough,Chelsea,Chelsea,0.6550803180679792,0.09432560113703269,0.2505940807949881
6585,2017-05-10,Southampton,Arsenal,Arsenal,Arsenal,0.2796673170451695,0.46973860215984237,0.2505940807949881
7612,2017-05-12,Everton,Watford,Everton,Everton,0.5757940739521124,0.1736118452528995,0.2505940807949881
7613,2017-05-12,West Bromwich Albion,Chelsea,Chelsea,Chelsea,0.24879345140294554,0.5006124678020663,0.2505940807949881
7614,2017-05-13,Manchester City,Leicester City,Manchester City,Manchester City,0.7225292159691228,0.02687670323588908,0.2505940807949881
7615,2017-05-13,AFC Bournemouth,Burnley,AFC Bournemouth,AFC Bournemouth,0.5267053995257668,0.2227005196792452,0.2505940807949881
7616,2017-05-13,Middlesbrough,Southampton,Middlesbrough,Southampton,0.4045664686303139,0.34483945057469795,0.2505940807949881
7617,2017-05-13,Sunderland,Swansea City,Sunderland,Swansea City,0.46461903397219373,0.28478688523281814,0.2505940807949881
7618,2017-05-13,Stoke City,Arsenal,Stoke City,Arsenal,0.4170185609415859,0.332387358263426,0.2505940807949881
7619,2017-05-14,Crystal Palace,Hull City,Crystal Palace,Crystal Palace,0.40335762633221584,0.34604829287279604,0.2505940807949881
7620,2017-05-14,West Ham United,Liverpool,Liverpool,Liverpool,0.25944032245313975,0.4899655967518721,0.2505940807949881
7621,2017-05-14,Tottenham Hotspur,Manchester United,Tottenham Hotspur,Tottenham Hotspur,0.6425689696146459,0.10683694959036591,0.2505940807949881
6781,2017-05-15,Chelsea,Watford,Chelsea,Chelsea,0.6422465599827244,0.10715935922228742,0.2505940807949881
7404,2017-05-16,Arsenal,Sunderland,Arsenal,Arsenal,0.5173978809177219,0.23200803828728994,0.2505940807949881
7405,2017-05-16,Manchester City,West Bromwich Albion,Manchester City,Manchester City,0.7239591330626618,0.02544678614234998,0.2505940807949881
6782,2017-05-17,Southampton,Manchester United,Southampton,tie,0.530317993275737,0.21908792592927478,0.2505940807949881
7406,2017-05-18,Leicester City,Tottenham Hotspur,Tottenham Hotspur,Tottenham Hotspur,0.19139020711352261,0.5580157120914893,0.2505940807949881
7622,2017-05-21,Arsenal,Everton,Arsenal,Arsenal,0.6340649188311152,0.1153410003738967,0.2505940807949881
7623,2017-05-21,Burnley,West Ham United,Burnley,West Ham United,0.5148737971016196,0.2345321221033923,0.2505940807949881
7624,2017-05-21,Chelsea,Sunderland,Chelsea,Chelsea,0.6798280395261022,0.06957787967890963,0.2505940807949881
7625,2017-05-21,Hull City,Tottenham Hotspur,Tottenham Hotspur,Tottenham Hotspur,0.20472913422385652,0.5446767849811553,0.2505940807949881
7626,2017-05-21,Leicester City,AFC Bournemouth,AFC Bournemouth,tie,0.2599240193668009,0.48948189983821105,0.2505940807949881
7627,2017-05-21,Liverpool,Middlesbrough,Liverpool,Liverpool,0.6441744706040935,0.10523144860091849,0.2505940807949881
7628,2017-05-21,Manchester United,Crystal Palace,Manchester United,Manchester United,0.587446713723109,0.16195920548190287,0.2505940807949881
7629,2017-05-21,Southampton,Stoke City,Southampton,Stoke City,0.5272446092273607,0.22216130997765107,0.2505940807949881
7630,2017-05-21,Swansea City,West Bromwich Albion,Swansea City,Swansea City,0.6147239971046178,0.1346819221003941,0.2505940807949881
7631,2017-05-21,Watford,Manchester City,Manchester City,Manchester City,0.07910783558499633,0.6702980836200155,0.2505940807949881
1710802,2017-08-11,Arsenal,Leicester City,Arsenal,Arsenal,0.6620992284816747,0.08730669072333717,0.2505940807949881
1710803,2017-08-12,Brighton & Hove Albion,Manchester City,Manchester City,Manchester City,0.1650951338915908,0.5843107853134211,0.2505940807949881
1710804,2017-08-12,Chelsea,Burnley,Chelsea,Burnley,0.7227399354435162,0.026665983761495676,0.2505940807949881
1710805,2017-08-12,Crystal Palace,Huddersfield Town,Crystal Palace,Huddersfield Town,0.3821290805297569,0.36727683867525496,0.2505940807949881
1710806,2017-08-12,Everton,Stoke City,Everton,Everton,0.5514546397302265,0.19795127947478544,0.2505940807949881
1710809,2017-08-12,Southampton,Swansea City,Southampton,tie,0.5005597765632077,0.24884614264180416,0.2505940807949881
1710810,2017-08-12,Watford,Liverpool,Liverpool,tie,0.1224766649388228,0.6269292542661892,0.2505940807949881
1710811,2017-08-12,West Bromwich Albion,AFC Bournemouth,AFC Bournemouth,West Bromwich Albion,0.2982994692224932,0.45110644998251875,0.2505940807949881
1710807,2017-08-13,Manchester United,West Ham United,Manchester United,Manchester United,0.5893024282206243,0.16010349098438745,0.2505940807949881
1710808,2017-08-13,Newcastle United,Tottenham Hotspur,Newcastle United,Tottenham Hotspur,0.43867649351100285,0.310729425694009,0.2505940807949881
1710812,2017-08-19,AFC Bournemouth,Watford,AFC Bournemouth,Watford,0.5317138246466165,0.21769209455839522,0.2505940807949881
1710813,2017-08-19,Burnley,West Bromwich Albion,Burnley,West Bromwich Albion,0.5605170220223137,0.1888888971826982,0.2505940807949881
1710815,2017-08-19,Leicester City,Brighton & Hove Albion,Leicester City,Leicester City,0.43472166304602117,0.31468425615899065,0.2505940807949881
1710816,2017-08-19,Liverpool,Crystal Palace,Liverpool,Liverpool,0.7164674080877168,0.03293851111729503,0.2505940807949881
1710818,2017-08-19,Stoke City,Arsenal,Arsenal,Stoke City,0.10010551507940427,0.6493004041256075,0.2505940807949881
1710819,2017-08-19,Swansea City,Manchester United,Swansea City,Manchester United,0.4098498286783899,0.33955609052662195,0.2505940807949881
1710814,2017-08-20,Huddersfield Town,Newcastle United,Newcastle United,Huddersfield Town,0.32584378152146976,0.42356213768354223,0.2505940807949881
1710820,2017-08-20,Tottenham Hotspur,Chelsea,Tottenham Hotspur,Chelsea,0.4371290953360047,0.3122768238690072,0.2505940807949881
1710817,2017-08-21,Manchester City,Everton,Manchester City,tie,0.6517454755305945,0.09766044367441742,0.2505940807949881
1710822,2017-08-26,AFC Bournemouth,Manchester City,Manchester City,Manchester City,0.1100648303458546,0.6393410888591573,0.2505940807949881
1710824,2017-08-26,Crystal Palace,Swansea City,Crystal Palace,Swansea City,0.39888268719536496,0.3505232320096468,0.2505940807949881
1710825,2017-08-26,Huddersfield Town,Southampton,Southampton,tie,0.2741463975082711,0.4752595216967408,0.2505940807949881
1710827,2017-08-26,Manchester United,Leicester City,Manchester United,Manchester United,0.6467743800559478,0.10263153914906407,0.2505940807949881
1710828,2017-08-26,Newcastle United,West Ham United,Newcastle United,Newcastle United,0.5557168826031966,0.19368903660181527,0.2505940807949881
1710830,2017-08-26,Watford,Brighton & Hove Albion,Watford,tie,0.4602530314416329,0.2891528877633789,0.2505940807949881
1710823,2017-08-27,Chelsea,Everton,Chelsea,Chelsea,0.6362529447404066,0.1131529744646053,0.2505940807949881
1710826,2017-08-27,Liverpool,Arsenal,Liverpool,Liverpool,0.4695707205564926,0.27983519864851913,0.2505940807949881
1710829,2017-08-27,Tottenham Hotspur,Burnley,Tottenham Hotspur,tie,0.6998675851140647,0.04953833409094725,0.2505940807949881
1710831,2017-08-27,West Bromwich Albion,Stoke City,West Bromwich Albion,tie,0.4508191819521568,0.2985867372528551,0.2505940807949881
1710832,2017-09-09,Arsenal,AFC Bournemouth,Arsenal,Arsenal,0.6968551123903897,0.05255080681462218,0.2505940807949881
1710833,2017-09-09,Brighton & Hove Albion,West Bromwich Albion,Brighton & Hove Albion,Brighton & Hove Albion,0.5302300328588624,0.21917588634614946,0.2505940807949881
1710835,2017-09-09,Everton,Tottenham Hotspur,Tottenham Hotspur,Tottenham Hotspur,0.19970785477193284,0.5496980644330791,0.2505940807949881
1710836,2017-09-09,Leicester City,Chelsea,Chelsea,Chelsea,0.1920302808933113,0.5573756383117006,0.2505940807949881
1710837,2017-09-09,Manchester City,Liverpool,Manchester City,Manchester City,0.5032398869164632,0.2461660322885487,0.2505940807949881
1710838,2017-09-09,Southampton,Watford,Southampton,Watford,0.6253590428709074,0.12404687633410451,0.2505940807949881
1710839,2017-09-09,Stoke City,Manchester United,Manchester United,tie,0.11414645474870541,0.6352594644563065,0.2505940807949881
1710834,2017-09-10,Burnley,Crystal Palace,Burnley,Burnley,0.5297628288639915,0.21964309034102036,0.2505940807949881
1710840,2017-09-10,Swansea City,Newcastle United,Swansea City,Newcastle United,0.5094109135707213,0.23999500563429058,0.2505940807949881
1710841,2017-09-11,West Ham United,Huddersfield Town,West Ham United,West Ham United,0.42481959563996924,0.3245863235650427,0.2505940807949881
1710842,2017-09-15,AFC Bournemouth,Brighton & Hove Albion,Brighton & Hove Albion,AFC Bournemouth,0.32531141805359565,0.42409450115141617,0.2505940807949881
1710844,2017-09-16,Crystal Palace,Southampton,Crystal Palace,Southampton,0.40921097129810097,0.3401949479069109,0.2505940807949881
1710845,2017-09-16,Huddersfield Town,Leicester City,Huddersfield Town,tie,0.6088002863868035,0.14060563281820843,0.2505940807949881
1710846,2017-09-16,Liverpool,Burnley,Liverpool,tie,0.642759487979814,0.10664643122519782,0.2505940807949881
1710848,2017-09-16,Newcastle United,Stoke City,Newcastle United,Newcastle United,0.4961586766794281,0.25324724252558384,0.2505940807949881
1710849,2017-09-16,Tottenham Hotspur,Swansea City,Tottenham Hotspur,tie,0.6254272846682156,0.12397863453679629,0.2505940807949881
1710850,2017-09-16,Watford,Manchester City,Manchester City,Manchester City,0.08221999234417128,0.6671859268608406,0.2505940807949881
1710851,2017-09-16,West Bromwich Albion,West Ham United,West Bromwich Albion,tie,0.43189461197610324,0.3175113072289087,0.2505940807949881
1710843,2017-09-17,Chelsea,Arsenal,Chelsea,tie,0.48001192941328663,0.26939398979172524,0.2505940807949881
1710847,2017-09-17,Manchester United,Everton,Manchester United,Manchester United,0.7089320125727797,0.040473906632232076,0.2505940807949881
1710854,2017-09-23,Burnley,Huddersfield Town,Burnley,tie,0.3749753283346505,0.3744305908703614,0.2505940807949881
1710855,2017-09-23,Everton,AFC Bournemouth,Everton,Everton,0.49643872949707596,0.2529671897079358,0.2505940807949881
1710856,2017-09-23,Leicester City,Liverpool,Liverpool,Liverpool,0.14652199163158386,0.6028839275734281,0.2505940807949881
1710857,2017-09-23,Manchester City,Crystal Palace,Manchester City,Manchester City,0.7318537040740347,0.017552215130977194,0.2505940807949881
1710858,2017-09-23,Southampton,Manchester United,Manchester United,Manchester United,0.1918924592294668,0.5575134599755451,0.2505940807949881
1710859,2017-09-23,Stoke City,Chelsea,Chelsea,Chelsea,0.15270959291859532,0.5966963262864166,0.2505940807949881
1710860,2017-09-23,Swansea City,Watford,Swansea City,Watford,0.5220467510800346,0.22735916812497722,0.2505940807949881
1710861,2017-09-23,West Ham United,Tottenham Hotspur,Tottenham Hotspur,Tottenham Hotspur,0.23310043391431498,0.5163054852906969,0.2505940807949881
1710853,2017-09-24,Brighton & Hove Albion,Newcastle United,Brighton & Hove Albion,Brighton & Hove Albion,0.4747091028011621,0.27469681640384974,0.2505940807949881
1710852,2017-09-25,Arsenal,West Bromwich Albion,Arsenal,Arsenal,0.6297695429237163,0.11963637628129548,0.2505940807949881
1710891,2017-10-20,West Ham United,Brighton & Hove Albion,West Ham United,Brighton & Hove Albion,0.47752363383263025,0.2718822853723816,0.2505940807949881
1710882,2017-10-21,Chelsea,Watford,Chelsea,Chelsea,0.685676654276121,0.06372926492889078,0.2505940807949881
1710884,2017-10-21,Huddersfield Town,Manchester United,Manchester United,Huddersfield Town,0.23336491991551886,0.516040999289493,0.2505940807949881
1710885,2017-10-21,Manchester City,Burnley,Manchester City,Manchester City,0.7379117877246074,0.011494131480404369,0.2505940807949881
1710886,2017-10-21,Newcastle United,Crystal Palace,Newcastle United,Newcastle United,0.5724303177137238,0.17697560149128816,0.2505940807949881
1710887,2017-10-21,Southampton,West Bromwich Albion,Southampton,Southampton,0.5346926027828575,0.2147133164221545,0.2505940807949881
1710888,2017-10-21,Stoke City,AFC Bournemouth,Stoke City,AFC Bournemouth,0.5074801832141963,0.2419257359908156,0.2505940807949881
1710889,2017-10-21,Swansea City,Leicester City,Swansea City,Leicester City,0.5952947606761843,0.15411115852882762,0.2505940807949881
1710883,2017-10-22,Everton,Arsenal,Arsenal,Arsenal,0.2768330006859158,0.4725729185190961,0.2505940807949881
1710890,2017-10-22,Tottenham Hotspur,Liverpool,Tottenham Hotspur,Tottenham Hotspur,0.39856553201681133,0.35084038718820054,0.2505940807949881
