fixture_id,time.starting_at.date,Team.data.name,op_Team.data.name,expected_score,op_expected_score,local_prob,tie_prob,visitor_prob,expected_winner,winner,score,op_score,is_home
5357.0,2016-12-11,Chelsea,West Bromwich Albion,2.5115027174003925,1.259620519500074,0.6463890030447642,0.17829078236748488,0.17525596253947848,Chelsea,Chelsea,1.0,0.0,1.0
5367.0,2016-12-11,Manchester United,Tottenham Hotspur,1.7567926945011048,1.4540792376393166,0.4488040987718478,0.23108202392347227,0.32011098204328775,Manchester United,Manchester United,1.0,0.0,1.0
5379.0,2016-12-11,Southampton,Middlesbrough,1.3487910013812359,0.9906085107559649,0.4497598192980619,0.27513515589291976,0.27510481900804346,Southampton,Southampton,1.0,0.0,1.0
5389.0,2016-12-11,Liverpool,West Ham United,3.0811088358488705,1.0503638992222937,0.7756919211626421,0.12869330997577702,0.09525016648235796,Liverpool,tie,2.0,2.0,1.0
5399.0,2016-12-13,AFC Bournemouth,Leicester City,1.8625625200162454,1.4471670901872185,0.4743759465272347,0.22493019843354212,0.3006891660477085,AFC Bournemouth,AFC Bournemouth,1.0,0.0,1.0
5412.0,2016-12-13,Everton,Arsenal,1.3487910013812359,1.9027684279888295,0.272215539034951,0.22323439664838673,0.504544624582987,Arsenal,Everton,2.0,1.0,1.0
5422.0,2016-12-14,Middlesbrough,Liverpool,1.4250507957960954,1.9628215883251778,0.2797581548072649,0.21890191042678314,0.5013326090616875,Liverpool,Liverpool,0.0,3.0,1.0
5432.0,2016-12-14,Sunderland,Chelsea,1.350398692365609,1.9005031239239472,0.27292570178722836,0.22338124678763638,0.503687667034036,Chelsea,Chelsea,0.0,1.0,1.0
5442.0,2016-12-14,West Ham United,Burnley,1.4284499980702718,1.1110735801949,0.443040908642691,0.26351108970793835,0.2934476288070607,West Ham United,West Ham United,1.0,0.0,1.0
5451.0,2016-12-14,Crystal Palace,Manchester United,1.8206958927134613,1.4488920405178427,0.4645431349854685,0.2274220894833955,0.3080309039626661,Crystal Palace,Manchester United,1.0,2.0,1.0
5464.0,2016-12-14,West Bromwich Albion,Swansea City,1.8581302845425585,1.0528693533194262,0.5620441520199212,0.22577987704316946,0.21217174962122487,West Bromwich Albion,West Bromwich Albion,3.0,1.0,1.0
5474.0,2016-12-14,Manchester City,Watford,2.1578003178033,1.0822244142750428,0.6189007475130688,0.20008578393803106,0.18099683387260346,Manchester City,Manchester City,2.0,0.0,1.0
5485.0,2016-12-14,Stoke City,Southampton,1.5642818734382216,0.9364811084589957,0.5200336119189827,0.25404197156412445,0.22592358551315572,Stoke City,tie,0.0,0.0,1.0
5494.0,2016-12-14,Tottenham Hotspur,Hull City,1.9774855987889597,0.8800538400241595,0.6299694500661019,0.21017436200954703,0.15984869902209858,Tottenham Hotspur,Tottenham Hotspur,3.0,0.0,1.0
5506.0,2016-12-17,Crystal Palace,Chelsea,1.6175011566132442,1.9027684279888295,0.3318433647825512,0.21993429157932864,0.4482159635547865,Chelsea,Chelsea,0.0,1.0,1.0
5516.0,2016-12-17,Middlesbrough,Swansea City,1.4647826512666315,1.1488740178888512,0.44391767411258215,0.259225689281661,0.29685615756717976,Middlesbrough,Middlesbrough,3.0,0.0,1.0
5526.0,2016-12-17,Stoke City,Leicester City,1.6546953516222878,1.2183092142936076,0.4758206430494721,0.2425437153778263,0.2816341575753349,Stoke City,tie,2.0,2.0,1.0
5538.0,2016-12-17,Sunderland,Watford,1.514616817366299,0.9342526169346879,0.5078390227732552,0.2593196435796335,0.2328407228194091,Sunderland,Sunderland,1.0,0.0,1.0
5548.0,2016-12-17,West Ham United,Hull City,1.471778936449927,0.8541451946013875,0.5167649004468094,0.26493814906382346,0.2182964891309948,West Ham United,West Ham United,1.0,0.0,1.0
5559.0,2016-12-17,West Bromwich Albion,Manchester United,1.5680131863972617,1.2522769056654048,0.4469669413190521,0.24823207198339278,0.30480004693240315,West Bromwich Albion,Manchester United,0.0,2.0,1.0
5569.0,2016-12-18,AFC Bournemouth,Southampton,1.56988217919197,0.9331403605930132,0.5222845710962392,0.25346859705385355,0.22424597226932597,AFC Bournemouth,Southampton,1.0,3.0,1.0
5583.0,2016-12-18,Manchester City,Arsenal,2.2259025243318318,1.8489524618678717,0.4708166669295947,0.20184229762772676,0.3273150319605948,Manchester City,Manchester City,2.0,1.0,1.0
5592.0,2016-12-18,Tottenham Hotspur,Burnley,2.2259025243318318,0.9353661990299382,0.6661844610287085,0.18863815666965097,0.1451553883714941,Tottenham Hotspur,Tottenham Hotspur,2.0,1.0,1.0
5603.0,2016-12-19,Everton,Liverpool,1.3090828082969892,1.9027684279888295,0.26334824627597253,0.2233746835421524,0.5132716803436232,Liverpool,Liverpool,0.0,1.0,1.0
5615.0,2016-12-26,Watford,Crystal Palace,1.3075243051374443,1.1851335619235757,0.3942391385150216,0.26989290330781757,0.33586775811271574,Watford,tie,1.0,1.0,1.0
5627.0,2016-12-26,Arsenal,West Bromwich Albion,2.508512696528171,1.219628287414169,0.6543786204031895,0.17709383276432394,0.16846398682936337,Arsenal,Arsenal,1.0,0.0,1.0
5636.0,2016-12-26,Burnley,Middlesbrough,1.3075243051374443,0.9906085107559649,0.4383208710038354,0.2792574482422506,0.28242152655408814,Burnley,Burnley,1.0,0.0,1.0
5645.0,2016-12-26,Chelsea,AFC Bournemouth,2.584602998743359,1.1543614192189247,0.6814175584929113,0.16888020576344132,0.14961983172480703,Chelsea,Chelsea,3.0,0.0,1.0
5657.0,2016-12-26,Leicester City,Everton,1.8627657694089812,0.9906085107559649,0.578036452442158,0.22441527829991534,0.19754395693528118,Leicester City,Everton,0.0,2.0,1.0
5668.0,2016-12-26,Manchester United,Sunderland,1.7050729963041218,0.9637385077946352,0.5480299119225143,0.23955738441974844,0.21241082088617178,Manchester United,Manchester United,3.0,1.0,1.0
5681.0,2016-12-26,Swansea City,West Ham United,1.3520082996367149,1.1461401068806776,0.4147790759951223,0.2684151063369729,0.31680557692899375,Swansea City,West Ham United,1.0,4.0,1.0
5693.0,2016-12-26,Hull City,Manchester City,1.0955172645529034,1.735476022447768,0.23943924962280236,0.2370157640869436,0.5235427446224697,Manchester City,Manchester City,0.0,3.0,1.0
5704.0,2016-12-27,Liverpool,Stoke City,2.5115027174003925,1.055380783726519,0.6902729335411578,0.17002072667519502,0.13964217094162792,Liverpool,Liverpool,4.0,1.0,1.0
5714.0,2016-12-28,Southampton,Tottenham Hotspur,1.3106431691138554,1.5923482075360358,0.3148798038141011,0.24490352890929842,0.44021553975109745,Tottenham Hotspur,Tottenham Hotspur,1.0,4.0,1.0
5726.0,2016-12-30,Hull City,Everton,1.0955172645529034,1.0503638992222937,0.36368520367614915,0.29559679852669046,0.34071795619319295,Hull City,tie,2.0,2.0,1.0
5736.0,2016-12-31,Burnley,Sunderland,1.3471852244021973,0.991789266240065,0.4490364206606634,0.27525211910236597,0.27571125660244,Burnley,Burnley,4.0,1.0,1.0
5745.0,2016-12-31,Chelsea,Stoke City,2.816919383987305,1.055380783726519,0.7385255851665188,0.1470367180787376,0.11426536490935366,Chelsea,Chelsea,4.0,2.0,1.0
5756.0,2016-12-31,Leicester City,West Ham United,1.6548759178163166,1.1837226241364212,0.48370865387444506,0.24308375125009685,0.2732061273631288,Leicester City,Leicester City,1.0,0.0,1.0
5766.0,2016-12-31,Manchester United,Middlesbrough,1.8649860924467323,0.9353661990299382,0.5920031596755072,0.22309010052811873,0.1849023834861325,Manchester United,Manchester United,2.0,1.0,1.0
5775.0,2016-12-31,Southampton,West Bromwich Albion,1.3075243051374443,1.2181762826002964,0.38713909288775505,0.26810436140558835,0.34475632841718223,Southampton,West Bromwich Albion,1.0,2.0,1.0
5787.0,2016-12-31,Swansea City,AFC Bournemouth,1.6059813830011018,1.3292542668048468,0.4395288938617062,0.24347344592275172,0.31699642763313196,Swansea City,AFC Bournemouth,0.0,3.0,1.0
5799.0,2016-12-31,Liverpool,Manchester City,2.750322504272215,1.5454697289448789,0.6293818135593094,0.17135757328415746,0.1991192820993183,Liverpool,Liverpool,1.0,0.0,1.0
5809.0,2017-01-01,Watford,Tottenham Hotspur,1.2331390155816013,1.8467512273581788,0.254711937685885,0.2276666714255046,0.5176173390170279,Tottenham Hotspur,Tottenham Hotspur,1.0,4.0,1.0
5820.0,2017-01-01,Arsenal,Crystal Palace,2.5115027174003925,1.151614450149842,0.6694817667963214,0.17424230893301668,0.1562117313599655,Arsenal,Arsenal,2.0,0.0,1.0
5831.0,2017-01-02,Middlesbrough,Leicester City,1.3487910013812359,1.2887259182383215,0.38319256945209124,0.2615788862571658,0.3552282217909256,Middlesbrough,tie,0.0,0.0,1.0
5842.0,2017-01-02,Everton,Southampton,1.5587015458872653,0.9342526169346879,0.5191677235275735,0.2546445872619283,0.22618688613771445,Everton,Everton,3.0,0.0,1.0
5853.0,2017-01-02,Manchester City,Burnley,1.9215564082349668,1.0230910678409761,0.5832698647774643,0.21949578686918625,0.19722859257983819,Manchester City,Manchester City,2.0,1.0,1.0
5863.0,2017-01-02,Sunderland,Liverpool,1.350398692365609,2.3315351909081476,0.21290330212936978,0.19353573273043986,0.5935274733176377,Liverpool,tie,2.0,2.0,1.0
5875.0,2017-01-02,West Bromwich Albion,Hull City,1.7069190924606905,0.8541451946013875,0.5758825602212828,0.23813668108301378,0.18597886152431142,West Bromwich Albion,West Bromwich Albion,3.0,1.0,1.0
5887.0,2017-01-02,West Ham United,Manchester United,1.475289600296173,1.4981855835190625,0.3728358643944515,0.24421719099058753,0.3829459292323755,Manchester United,Manchester United,0.0,2.0,1.0
5898.0,2017-01-03,AFC Bournemouth,Arsenal,1.3520082996367149,1.7902492771974816,0.2908852567118826,0.2308122937748717,0.47829927936007727,Arsenal,tie,3.0,3.0,1.0
5910.0,2017-01-03,Crystal Palace,Swansea City,1.8077289749373207,1.0206564754581888,0.5582725104390162,0.23006698073758333,0.2116572445715858,Crystal Palace,Swansea City,1.0,2.0,1.0
5921.0,2017-01-03,Stoke City,Watford,1.656667665194934,1.0770799252168852,0.5089444491840126,0.2441179854416073,0.2469361164131073,Stoke City,Stoke City,2.0,0.0,1.0
5932.0,2017-01-04,Tottenham Hotspur,Chelsea,2.7470481611324926,1.8467512273581788,0.5701354971199752,0.17754631144938232,0.25217504771294613,Tottenham Hotspur,Tottenham Hotspur,2.0,0.0,1.0
5942.0,2017-01-14,Tottenham Hotspur,West Bromwich Albion,2.666175499109785,1.223994694409877,0.6804492144017696,0.16591215301304088,0.15353082637602472,Tottenham Hotspur,Tottenham Hotspur,4.0,0.0,1.0
5953.0,2017-01-14,Burnley,Southampton,1.514616817366299,0.9614451533672261,0.5011289257072716,0.25898262890748336,0.23988783285341392,Burnley,Burnley,1.0,0.0,1.0
5964.0,2017-01-14,Hull City,AFC Bournemouth,1.2316709258322278,1.2551270230221876,0.3589646324609568,0.27086526548686,0.37016992449822333,AFC Bournemouth,Hull City,3.0,1.0,1.0
5975.0,2017-01-14,Sunderland,Stoke City,1.5624195479789609,1.2536327558768152,0.4452784863103388,0.24859648119228395,0.30612412015411017,Sunderland,Stoke City,1.0,3.0,1.0
5986.0,2017-01-14,Swansea City,Arsenal,1.4735332228624978,1.9558195335338198,0.29147418095377453,0.21901434908884873,0.4895042424366011,Arsenal,Arsenal,0.0,4.0,1.0
5998.0,2017-01-14,Watford,Middlesbrough,1.2331390155816013,1.0478644072136323,0.40409649512198675,0.2835145111731555,0.3123888961276643,Watford,tie,0.0,0.0,1.0
6008.0,2017-01-14,West Ham United,Crystal Palace,1.5624195479789609,1.1851335619235757,0.46057516748396643,0.2503915597862286,0.28903240127233587,West Ham United,West Ham United,3.0,0.0,1.0
6018.0,2017-01-14,Leicester City,Chelsea,1.7505256151205224,1.6426042138959542,0.40925692903577116,0.22636260841788314,0.3643767415211221,Leicester City,Chelsea,0.0,3.0,1.0
6029.0,2017-01-15,Everton,Manchester City,1.475289600296173,1.4981855835190625,0.3728358643944515,0.24421719099058753,0.3829459292323755,Manchester City,Everton,4.0,0.0,1.0
6039.0,2017-01-15,Manchester United,Liverpool,2.162947362223845,1.8489524618678717,0.458031143757649,0.204481426810021,0.3374664401911301,Manchester United,tie,1.0,1.0,1.0
6049.0,2017-01-21,Liverpool,Swansea City,2.4288688511025582,1.0516158801217521,0.676799715574518,0.1764462523916848,0.14670618860452722,Liverpool,Swansea City,2.0,3.0,1.0
6060.0,2017-01-21,AFC Bournemouth,Watford,1.6136520799094953,0.987074671964729,0.5199883621233836,0.24872556717548955,0.23128495041048555,AFC Bournemouth,tie,2.0,2.0,1.0
6073.0,2017-01-21,Crystal Palace,Everton,1.393018544575551,1.2551270230221876,0.4018336821309835,0.2603755241077622,0.33779042732592635,Crystal Palace,Everton,0.0,1.0,1.0
6081.0,2017-01-21,Middlesbrough,West Ham United,1.2331390155816013,1.0873934751101406,0.3952104482855032,0.28123821793055487,0.3235512289720518,Middlesbrough,West Ham United,1.0,3.0,1.0
6093.0,2017-01-21,Stoke City,Manchester United,1.477048071243345,1.4558124269017916,0.3816435280039533,0.24614675584270182,0.37220882734097643,Stoke City,tie,1.0,1.0,1.0
6105.0,2017-01-21,West Bromwich Albion,Sunderland,1.7586947879881498,1.1823133661138967,0.5088357481148547,0.23476584138912185,0.2563958446747019,West Bromwich Albion,West Bromwich Albion,2.0,0.0,1.0
6115.0,2017-01-21,Manchester City,Tottenham Hotspur,1.8122387234601367,2.337096648609612,0.3027603017394473,0.1971214244331722,0.5000809391690724,Tottenham Hotspur,tie,2.0,2.0,1.0
6126.0,2017-01-22,Southampton,Leicester City,1.2690309970433253,1.2492969326097243,0.37025048912477126,0.2688747627355614,0.36087454733279706,Southampton,Southampton,3.0,0.0,1.0
6137.0,2017-01-22,Arsenal,Burnley,2.7470481611324926,1.0835143713047952,0.722339111258034,0.15356786149717086,0.12395383085744024,Arsenal,Arsenal,2.0,1.0,1.0
6151.0,2017-01-22,Chelsea,Hull City,2.360173195929562,0.9625911475972104,0.6845267212439726,0.17805522219747436,0.13738094155836414,Chelsea,Chelsea,2.0,0.0,1.0
6161.0,2017-01-31,AFC Bournemouth,Crystal Palace,1.760791063654296,1.1137238463129342,0.5252337701301916,0.23479026046935986,0.23997339935783196,AFC Bournemouth,Crystal Palace,0.0,2.0,1.0
6173.0,2017-01-31,Arsenal,Watford,2.7470481611324926,0.8811028199053427,0.7638745600416149,0.1419835768510467,0.09400268643799348,Arsenal,Watford,1.0,2.0,1.0
6185.0,2017-01-31,Burnley,Leicester City,1.512813619676738,1.1111948244634993,0.46493883126911273,0.2562772595864734,0.2787832813119517,Burnley,Burnley,1.0,0.0,1.0
6195.0,2017-01-31,Middlesbrough,West Bromwich Albion,1.345581359149812,1.1502434178914083,0.41214066291953105,0.2687350761126667,0.31912402796160405,Middlesbrough,tie,1.0,1.0,1.0
6206.0,2017-01-31,Sunderland,Tottenham Hotspur,1.3897036565423067,2.4079874160930412,0.21101045412740715,0.18917108742067018,0.5997738766615243,Tottenham Hotspur,tie,0.0,0.0,1.0
6214.0,2017-01-31,Swansea City,Southampton,1.4335640103713616,1.1123979239783517,0.44408369170709716,0.2630303554978662,0.2928855674738793,Swansea City,Swansea City,2.0,1.0,1.0
6225.0,2017-01-31,Liverpool,Chelsea,2.233871506729422,1.7881179306262784,0.48418713943971625,0.2020128235931518,0.31377439447024313,Liverpool,tie,1.0,1.0,1.0
6237.0,2017-02-01,West Ham United,Manchester City,1.8098836968862515,1.4129535400300197,0.4696953175497357,0.22865909633365317,0.30164198839007195,West Ham United,Manchester City,0.0,4.0,1.0
6247.0,2017-02-01,Manchester United,Hull City,2.0967712892097183,0.9067483681187368,0.6479112238114592,0.19945732102213767,0.15261864910460896,Manchester United,tie,0.0,0.0,1.0
6256.0,2017-02-01,Stoke City,Everton,1.4352727465155348,1.1865461814775549,0.4277935706446744,0.2602283041738052,0.3119777093454219,Stoke City,tie,1.0,1.0,1.0
6268.0,2017-02-04,Chelsea,Arsenal,2.293420458768588,1.8489524618678717,0.48433978634258124,0.19892157928082413,0.31670587729224353,Chelsea,Chelsea,3.0,1.0,1.0
6280.0,2017-02-04,Crystal Palace,Sunderland,1.4318573085298791,0.9078291665337817,0.4925658240196951,0.2686977162109798,0.2387361040423178,Crystal Palace,Sunderland,0.0,4.0,1.0
6291.0,2017-02-04,Everton,AFC Bournemouth,1.7089536541038164,1.1529871166097188,0.503807676068403,0.2390263474766242,0.2571640179983708,Everton,Everton,6.0,3.0,1.0
6304.0,2017-02-04,Hull City,Liverpool,1.3059676574236232,1.6884016783893854,0.29706314923001315,0.23848443280530504,0.4644505652926564,Liverpool,Hull City,2.0,0.0,1.0
6313.0,2017-02-04,Southampton,West Ham United,1.4700267385690362,1.151614450149842,0.4446542597864671,0.25871158052814297,0.29663366425581517,Southampton,West Ham United,1.0,3.0,1.0
6323.0,2017-02-04,Watford,Burnley,1.2331390155816013,1.0516158801217521,0.40324583171728684,0.2833019759960958,0.31345209412142516,Watford,Watford,2.0,1.0,1.0
6337.0,2017-02-04,West Bromwich Albion,Stoke City,1.5200393166108737,1.1190433588273023,0.4649714794047772,0.2554659235083848,0.27956193904092963,West Bromwich Albion,West Bromwich Albion,1.0,0.0,1.0
6346.0,2017-02-04,Tottenham Hotspur,Middlesbrough,2.740511164829361,0.9067483681187368,0.7576770489933572,0.1440784256949476,0.09810814992666243,Tottenham Hotspur,Tottenham Hotspur,1.0,0.0,1.0
6356.0,2017-02-05,Manchester City,Swansea City,2.160372307172637,1.1177111034502198,0.6112833697228902,0.20088841251725748,0.1878113945113703,Manchester City,Manchester City,2.0,1.0,1.0
6366.0,2017-02-05,Leicester City,Manchester United,1.3832484549447315,1.5399565107365492,0.34227249281534616,0.24579498208787326,0.4119315629757993,Manchester United,Manchester United,0.0,3.0,1.0
6377.0,2017-02-11,Arsenal,Hull City,2.1681066839927845,1.0182276765382285,0.6357431452943378,0.19711126216201363,0.16712823610651065,Arsenal,Arsenal,2.0,0.0,1.0
6389.0,2017-02-11,Manchester United,Watford,2.099270535048772,0.9089112532061369,0.6478911148805124,0.19930518768356717,0.1527907516502048,Manchester United,Manchester United,2.0,0.0,1.0
6400.0,2017-02-11,Middlesbrough,Everton,1.2675201767912245,1.4195473662629692,0.33591222379370866,0.2580288144047791,0.40605853125902014,Everton,tie,0.0,0.0,1.0
6411.0,2017-02-11,Stoke City,Crystal Palace,1.6098121626375097,0.9342526169346879,0.5320446710070726,0.24925860598264354,0.21869563145830076,Stoke City,Stoke City,1.0,0.0,1.0
6419.0,2017-02-11,Sunderland,Southampton,1.5605594396751725,0.9648872355876646,0.5120721451325012,0.254224926891061,0.23370211378565053,Sunderland,Southampton,0.0,4.0,1.0
6431.0,2017-02-11,West Ham United,West Bromwich Albion,1.6155754719681084,1.14750624819892,0.4823898071646984,0.24684822851427865,0.27076080023215854,West Ham United,tie,2.0,2.0,1.0
6442.0,2017-02-11,Liverpool,Tottenham Hotspur,1.9822025348900334,1.844552613485558,0.4212580567598369,0.2116317828143995,0.36709858170286436,Liverpool,Liverpool,2.0,0.0,1.0
6453.0,2017-02-12,Burnley,Chelsea,1.3897036565423067,1.638695400855953,0.32575612626545764,0.23969655695152042,0.4345457664269767,Chelsea,tie,1.0,1.0,1.0
6463.0,2017-02-12,Swansea City,Leicester City,1.4284499980702718,1.0454849376621258,0.4582829613682078,0.2656231678688154,0.27609351112540675,Swansea City,Swansea City,2.0,0.0,1.0
6475.0,2017-02-13,AFC Bournemouth,Manchester City,1.6645804565088027,1.8892169931492653,0.3445248928247291,0.21960183413734713,0.4358668728126669,Manchester City,Manchester City,0.0,2.0,1.0
6485.0,2017-02-25,Chelsea,Swansea City,2.2285556881035333,1.0528693533194262,0.6395430990050754,0.19311434251981763,0.16732031598062408,Chelsea,Chelsea,3.0,1.0,1.0
6497.0,2017-02-25,Crystal Palace,Middlesbrough,1.1287474091948484,0.9591572563066102,0.3940032328002311,0.2991349552808491,0.3068617714619532,Crystal Palace,Crystal Palace,1.0,0.0,1.0
6508.0,2017-02-25,Everton,Sunderland,1.9843486814122837,1.0206564754581888,0.5974479210684438,0.21367593439047583,0.18886840330656912,Everton,Everton,2.0,0.0,1.0
6518.0,2017-02-25,Hull City,Burnley,1.3075243051374443,1.0528693533194262,0.42378014827337046,0.27649608023138617,0.29972360955360683,Hull City,tie,1.0,1.0,1.0
6530.0,2017-02-25,West Bromwich Albion,AFC Bournemouth,1.8055768182508345,1.1177111034502198,0.534727728603171,0.23093220548804475,0.23433681937988288,West Bromwich Albion,West Bromwich Albion,2.0,1.0,1.0
6542.0,2017-02-25,Watford,West Ham United,1.3075243051374443,1.2581209027095808,0.37870234553716764,0.26587605242572143,0.35542135764833743,Watford,tie,1.0,1.0,1.0
6552.0,2017-02-26,Tottenham Hotspur,Stoke City,2.368622882494014,1.084805865898399,0.6586310583110221,0.18271473395183488,0.15861588157446274,Tottenham Hotspur,Tottenham Hotspur,4.0,0.0,1.0
6563.0,2017-02-27,Leicester City,Liverpool,1.3816016553123451,1.6823785731147018,0.3160926452887673,0.23722459331157972,0.44668086034453475,Liverpool,Leicester City,3.0,1.0,1.0
6586.0,2017-03-04,Manchester United,AFC Bournemouth,2.2906900715016394,1.055380783726519,0.6508038054404022,0.18796885158386983,0.1611988875304345,Manchester United,tie,1.0,1.0,1.0
6596.0,2017-03-04,Leicester City,Hull City,1.5551620775717154,0.9906085107559649,0.5044099104696498,0.254515987050201,0.24107331252830966,Leicester City,Leicester City,3.0,1.0,1.0
6607.0,2017-03-04,Stoke City,Middlesbrough,1.4335640103713616,0.9320294284265639,0.48701913508466443,0.26802185514792676,0.24495864879394957,Stoke City,Stoke City,2.0,0.0,1.0
6618.0,2017-03-04,Swansea City,Burnley,1.4318573085298791,1.1163804341639494,0.44272266631085294,0.26303980846490077,0.29423714292979447,Swansea City,Swansea City,3.0,2.0,1.0
6629.0,2017-03-04,Watford,Southampton,1.3471852244021973,1.1502434178914083,0.41257157391823485,0.2686083714719595,0.31881981935265297,Watford,Southampton,3.0,4.0,1.0
6639.0,2017-03-04,West Bromwich Albion,Crystal Palace,1.4335640103713616,0.8790061089856384,0.500252909216058,0.26902714873136846,0.23071958329173814,West Bromwich Albion,Crystal Palace,0.0,2.0,1.0
6651.0,2017-03-04,Liverpool,Arsenal,2.035042675124821,1.6367444838142053,0.472973603034997,0.21300914760916795,0.3140062326805923,Liverpool,Liverpool,3.0,1.0,1.0
6662.0,2017-03-05,Tottenham Hotspur,Everton,2.3714461617490405,1.377756117022664,0.5953598924488371,0.19137776114725807,0.2132233943509444,Tottenham Hotspur,Tottenham Hotspur,3.0,2.0,1.0
6673.0,2017-03-05,Sunderland,Manchester City,1.3106431691138554,1.8379724645092115,0.2737252826740138,0.22796509818148927,0.4983056729757805,Manchester City,Manchester City,0.0,2.0,1.0
6685.0,2017-03-06,West Ham United,Chelsea,1.662598722515855,1.7902492771974816,0.3616462366889202,0.2240472789893642,0.414302038422746,Chelsea,Chelsea,1.0,2.0,1.0
6697.0,2017-03-08,Manchester City,Stoke City,2.360173195929562,1.0243105408981632,0.6706183975616462,0.18088534625315497,0.14845913522009982,Manchester City,tie,0.0,0.0,1.0
6706.0,2017-03-11,AFC Bournemouth,West Ham United,1.5642818734382216,1.2581209027095808,0.4447530036029783,0.2483362008888778,0.30690987035283596,AFC Bournemouth,AFC Bournemouth,3.0,2.0,1.0
6717.0,2017-03-11,Everton,West Bromwich Albion,2.0469765912384044,1.1163804341639494,0.588282389872132,0.2103267610352418,0.20138053874943548,Everton,Everton,3.0,0.0,1.0
6729.0,2017-03-11,Hull City,Swansea City,1.4700267385690362,1.219628287414169,0.4294486331533729,0.2563983653997939,0.31415247429212007,Hull City,Hull City,2.0,1.0,1.0
6739.0,2017-03-12,Liverpool,Burnley,2.2232525192328247,1.1837226241364212,0.6088822391154363,0.1975957967742107,0.19350015527394732,Liverpool,Liverpool,2.0,1.0,1.0
6783.0,2017-03-18,West Bromwich Albion,Arsenal,1.5182296632699575,1.7334098851131727,0.33904050515887735,0.2308017480983124,0.4301549351313806,Arsenal,West Bromwich Albion,3.0,1.0,1.0
6793.0,2017-03-18,Crystal Palace,Watford,1.34397940334811,0.994155001089133,0.447590285374498,0.2754834517666109,0.27692606347544996,Crystal Palace,Crystal Palace,1.0,0.0,1.0
6805.0,2017-03-18,Everton,Hull City,2.170454110422636,1.0835143713047952,0.6211287550000788,0.19905430476825928,0.1797994027851504,Everton,Everton,4.0,0.0,1.0
6816.0,2017-03-18,Stoke City,Chelsea,1.4318573085298791,1.692429056811148,0.3261986764365582,0.23535438566784678,0.438444837648186,Chelsea,Chelsea,1.0,2.0,1.0
6827.0,2017-03-18,Sunderland,Burnley,1.4267493846169943,1.1837226241364212,0.42619971218441444,0.26098956993947,0.3128103235629048,Sunderland,tie,0.0,0.0,1.0
6837.0,2017-03-18,West Ham United,Leicester City,1.5661464186956928,1.2478096063654702,0.44748963664353436,0.24849011657845246,0.3040193198854347,West Ham United,Leicester City,2.0,3.0,1.0
6849.0,2017-03-18,AFC Bournemouth,Swansea City,1.760791063654296,1.1851335619235757,0.5086811087799086,0.23458190233656137,0.25673439346758187,AFC Bournemouth,AFC Bournemouth,2.0,0.0,1.0
6860.0,2017-03-19,Middlesbrough,Manchester United,1.0632654100969907,1.5885589858932416,0.2541742786769658,0.25044466860697956,0.4953800771034319,Manchester United,Manchester United,1.0,3.0,1.0
6870.0,2017-03-19,Tottenham Hotspur,Southampton,2.6630013355557853,1.259620519500074,0.6725416728764383,0.16757379299665986,0.1597778020192531,Tottenham Hotspur,Tottenham Hotspur,2.0,1.0,1.0
6882.0,2017-03-19,Manchester City,Liverpool,2.099270535048772,1.3729909998058716,0.5418113740761613,0.20984795273851767,0.2483274972614639,Manchester City,tie,1.0,1.0,1.0
6893.0,2017-04-01,Liverpool,Everton,1.8672090619977877,1.5997792143493368,0.4439204982188685,0.22204767667191075,0.33402640181617804,Liverpool,Liverpool,3.0,1.0,1.0
6905.0,2017-04-01,Burnley,Tottenham Hotspur,1.3880491717947987,1.79238316422652,0.298839683796447,0.23014893390928434,0.4710081198819536,Tottenham Hotspur,Tottenham Hotspur,0.0,2.0,1.0
6915.0,2017-04-01,Chelsea,Crystal Palace,2.233871506729422,0.9067483681187368,0.6743592662100707,0.18660045774026973,0.13901756562206946,Chelsea,Crystal Palace,1.0,2.0,1.0
6924.0,2017-04-01,Hull City,West Ham United,1.512813619676738,1.3324249636950989,0.41589276309345735,0.24934174140544854,0.3347647221025763,Hull City,Hull City,2.0,1.0,1.0
6935.0,2017-04-01,Leicester City,Stoke City,1.7030430547029092,1.0516158801217521,0.5262315510540928,0.23998928006415787,0.23377729736553507,Leicester City,Leicester City,2.0,0.0,1.0
6945.0,2017-04-01,Manchester United,West Bromwich Albion,2.2906900715016394,1.1177111034502198,0.6367538193369082,0.1902307650349293,0.17298694676615423,Manchester United,tie,0.0,0.0,1.0
6956.0,2017-04-01,Watford,Sunderland,1.3897036565423067,1.0182276765382285,0.45434589361283895,0.27015599382888233,0.27549783726453775,Watford,Watford,1.0,0.0,1.0
6966.0,2017-04-01,Southampton,AFC Bournemouth,1.6136520799094953,1.29319858416373,0.4492145143466414,0.24392937876477394,0.30685486521730004,Southampton,tie,0.0,0.0,1.0
6976.0,2017-04-02,Swansea City,Middlesbrough,1.7069190924606905,0.8779596253029939,0.5698480725950165,0.23849570148050225,0.19165432809633876,Swansea City,tie,0.0,0.0,1.0
6985.0,2017-04-02,Arsenal,Manchester City,2.1017727598630698,1.6309056573904042,0.48825156180202994,0.20961293417570973,0.30212119090755113,Arsenal,tie,2.0,2.0,1.0
6997.0,2017-04-04,Burnley,Stoke City,1.3863966567620332,0.9625911475972104,0.46679385327512085,0.2722311890997798,0.2609746935894996,Burnley,Burnley,1.0,0.0,1.0
7007.0,2017-04-04,Leicester City,Sunderland,1.7050729963041218,0.9067483681187368,0.5621698441240354,0.23905692422888003,0.19877135206663507,Leicester City,Leicester City,2.0,0.0,1.0
7019.0,2017-04-04,Watford,West Bromwich Albion,1.350398692365609,0.9929714291252706,0.44963861942357547,0.27488818913903457,0.27547298311068447,Watford,Watford,2.0,0.0,1.0
7031.0,2017-04-04,Manchester United,Everton,2.035042675124821,1.4643496156261961,0.508604636936488,0.21422709625650127,0.2771580853328413,Manchester United,tie,1.0,1.0,1.0
7042.0,2017-04-05,Arsenal,West Ham United,2.4288688511025582,1.372841190532196,0.6072676214518858,0.1873706351483084,0.20531368294674054,Arsenal,Arsenal,3.0,0.0,1.0
7052.0,2017-04-05,Hull City,Middlesbrough,1.430152638569188,0.8769143874912106,0.49986221499383254,0.2694532507197853,0.23068418372512778,Hull City,Hull City,4.0,2.0,1.0
7063.0,2017-04-05,Swansea City,Tottenham Hotspur,1.4335640103713616,1.6884016783893854,0.3273145806513766,0.23554375378324985,0.43713960022732684,Tottenham Hotspur,Tottenham Hotspur,1.0,3.0,1.0
7076.0,2017-04-05,Southampton,Crystal Palace,1.521851126967486,0.9625911475972104,0.5027183713054554,0.2582221350574924,0.23905885259924137,Southampton,Southampton,3.0,1.0,1.0
7086.0,2017-04-05,Chelsea,Manchester City,2.2259025243318318,1.5885589858932416,0.5224916759249865,0.2029375083203106,0.27454786996893293,Chelsea,Chelsea,2.0,1.0,1.0
7097.0,2017-04-05,Liverpool,AFC Bournemouth,1.923846806755064,1.084805865898399,0.569142502627971,0.220346890036339,0.21050477772034143,Liverpool,tie,2.0,2.0,1.0
7109.0,2017-04-08,Tottenham Hotspur,Watford,2.233871506729422,1.0541243205940602,0.640281034032421,0.19270795751456937,0.16698828467244473,Tottenham Hotspur,Tottenham Hotspur,4.0,0.0,1.0
7119.0,2017-04-08,Manchester City,Hull City,2.0967712892097183,1.1150513490802014,0.5989546273479156,0.20611427624899956,0.19491826408747492,Manchester City,Manchester City,3.0,1.0,1.0
7131.0,2017-04-08,Middlesbrough,Burnley,1.1616009484745888,1.0194413526777737,0.38995462480350257,0.2918475369230844,0.3181977810083074,Middlesbrough,tie,0.0,0.0,1.0
7143.0,2017-04-08,Stoke City,Liverpool,1.2316709258322278,1.5885589858932416,0.2961091584144919,0.2472627197878383,0.4566270842754062,Liverpool,Liverpool,1.0,2.0,1.0
7153.0,2017-04-08,West Bromwich Albion,Southampton,1.350398692365609,1.2225374912548026,0.39763091686110197,0.2648812470270364,0.3374875623193606,West Bromwich Albion,Southampton,0.0,1.0,1.0
7164.0,2017-04-08,West Ham United,Swansea City,1.6117309777080107,1.2181762826002964,0.46535953220828286,0.2458263698780862,0.2888129267675279,West Ham United,West Ham United,1.0,0.0,1.0
7174.0,2017-04-08,AFC Bournemouth,Chelsea,1.5642818734382216,1.6884016783893854,0.3578594706903865,0.23166963499642723,0.4104683591898391,Chelsea,Chelsea,1.0,3.0,1.0
7186.0,2017-04-09,Sunderland,Manchester United,1.1287474091948484,1.4523481117917183,0.2938312488394377,0.2609043433942684,0.445263969983507,Manchester United,Manchester United,0.0,3.0,1.0
7198.0,2017-04-09,Everton,Leicester City,1.7692011826701592,1.4506190469024383,0.45239198408933157,0.23043331743248557,0.31717164237215667,Everton,Everton,4.0,2.0,1.0
7208.0,2017-04-10,Crystal Palace,Arsenal,1.3090828082969892,1.7881179306262784,0.2813094360080296,0.2314898985485851,0.48719758281102943,Arsenal,Crystal Palace,3.0,0.0,1.0
7220.0,2017-04-15,Tottenham Hotspur,AFC Bournemouth,2.578452564074284,1.0541243205940602,0.7017323168182801,0.16473212708074775,0.13345486301643866,Tottenham Hotspur,Tottenham Hotspur,4.0,0.0,1.0
7230.0,2017-04-15,Crystal Palace,Leicester City,1.5164221643767446,1.4964019477164228,0.3831949700860896,0.24239733254635248,0.3744065454780619,Crystal Palace,tie,2.0,2.0,1.0
7241.0,2017-04-15,Everton,Burnley,1.935128647026935,0.9614451533672261,0.6010662976461715,0.21683066713701896,0.1820968986938261,Everton,Everton,3.0,1.0,1.0
7252.0,2017-04-15,Stoke City,Hull City,1.3044128629465603,1.1163804341639494,0.4085177291337396,0.27369919181199437,0.3177829070023499,Stoke City,Stoke City,3.0,1.0,1.0
7263.0,2017-04-15,Sunderland,West Ham United,1.1602180269841729,1.1823133661138967,0.3542849266318181,0.28059983959933793,0.3651151355202074,West Ham United,tie,2.0,2.0,1.0
7275.0,2017-04-15,Watford,Swansea City,1.5624195479789609,1.0822244142750428,0.4843253896333002,0.25252476089582393,0.26314901077682135,Watford,Watford,1.0,0.0,1.0
7286.0,2017-04-15,Southampton,Manchester City,1.7628898379755236,1.5923482075360358,0.42197150321458937,0.22729296141972857,0.3507319872988272,Southampton,Manchester City,0.0,3.0,1.0
7297.0,2017-04-16,West Bromwich Albion,Liverpool,1.3471852244021973,1.5885589858932416,0.3244939246341241,0.2440635872633452,0.4314413367270088,Liverpool,Liverpool,0.0,1.0,1.0
7307.0,2017-04-16,Manchester United,Chelsea,1.9774855987889597,1.6406486432926182,0.4598485675942891,0.21584612687417967,0.3242965175991458,Manchester United,Manchester United,2.0,0.0,1.0
7318.0,2017-04-17,Middlesbrough,Arsenal,1.1954107291901128,1.6347958893989212,0.2793603472407973,0.2444846385433886,0.47615369603754315,Arsenal,Arsenal,1.0,2.0,1.0
7330.0,2017-04-22,AFC Bournemouth,Middlesbrough,1.475289600296173,0.9858995293494464,0.4849044853854276,0.2625781081435064,0.2525169277352652,AFC Bournemouth,AFC Bournemouth,4.0,0.0,1.0
7340.0,2017-04-22,Hull City,Watford,1.6098121626375097,1.1809057858561913,0.47331474357914044,0.24672715326382944,0.2799569635707173,Hull City,Hull City,2.0,0.0,1.0
7350.0,2017-04-22,Swansea City,Stoke City,1.3471852244021973,0.9342526169346879,0.46292247998931824,0.2772620869267405,0.25981523364619424,Swansea City,Swansea City,2.0,0.0,1.0
7360.0,2017-04-22,West Ham United,Everton,1.6117309777080107,1.5997792143493368,0.385652550927722,0.23379075709802707,0.3805545694941414,West Ham United,tie,0.0,0.0,1.0
7371.0,2017-04-23,Burnley,Manchester United,1.199690434592606,1.5417920613860585,0.29625822435128507,0.25162451604682023,0.45211647879530575,Manchester United,Manchester United,0.0,2.0,1.0
7382.0,2017-04-23,Liverpool,Crystal Palace,2.099270535048772,1.086098899888553,0.6061506026392853,0.20517482737281206,0.18866160497414858,Liverpool,Crystal Palace,1.0,2.0,1.0
7392.0,2017-04-25,Chelsea,Southampton,2.2259025243318318,1.2962832767102825,0.5844886710813646,0.19993540222555437,0.21555380460088505,Chelsea,Chelsea,4.0,2.0,1.0
6750.0,2017-04-26,Arsenal,Leicester City,2.2179619700153834,1.6347958893989212,0.5114506965156596,0.20341003662047907,0.2851167155293966,Arsenal,Arsenal,1.0,0.0,1.0
6761.0,2017-04-26,Middlesbrough,Sunderland,1.228739987670037,0.987074671964729,0.41683499050579886,0.2872892337691055,0.29587568825224525,Middlesbrough,Middlesbrough,1.0,0.0,1.0
6771.0,2017-04-26,Crystal Palace,Tottenham Hotspur,1.4352727465155348,1.9005031239239472,0.2918606754000771,0.22274239349820923,0.4853913854981649,Tottenham Hotspur,Tottenham Hotspur,0.0,1.0,1.0
6574.0,2017-04-27,Manchester City,Manchester United,2.1681066839927845,1.4999713453258026,0.5290480641175886,0.20607831880226843,0.26485572105543265,Manchester City,tie,0.0,0.0,1.0
7407.0,2017-04-29,Southampton,Hull City,1.7109906408420141,1.2901212320868707,0.47330689172949936,0.2371896107625537,0.2895014320196988,Southampton,tie,0.0,0.0,1.0
7418.0,2017-04-29,Stoke City,West Ham United,1.2705436181171221,1.0835143713047952,0.40654301413671307,0.278253428996842,0.3152034249449661,Stoke City,tie,0.0,0.0,1.0
7427.0,2017-04-29,Sunderland,AFC Bournemouth,1.2675201767912245,1.1502434178914083,0.39092418190285444,0.2748280121010376,0.33424765824660535,Sunderland,AFC Bournemouth,0.0,1.0,1.0
7443.0,2017-04-29,West Bromwich Albion,Leicester City,1.3075243051374443,1.5436297999195527,0.3228866200026939,0.2482364283454266,0.42887607959017987,Leicester City,Leicester City,0.0,1.0,1.0
7453.0,2017-04-29,Crystal Palace,Burnley,1.656667665194934,0.9067483681187368,0.5504741351956037,0.244210415008556,0.20531401830763257,Crystal Palace,Burnley,0.0,2.0,1.0
7461.0,2017-04-30,Manchester United,Swansea City,2.039896903275661,0.9364811084589957,0.6292426475659532,0.20601371870563737,0.164733669490309,Manchester United,tie,1.0,1.0,1.0
7473.0,2017-04-30,Everton,Chelsea,1.9259297710642025,1.690414168206983,0.4388008285705063,0.21737909238724373,0.34381248504497974,Everton,Chelsea,0.0,3.0,1.0
7484.0,2017-04-30,Middlesbrough,Manchester City,1.0968230659911122,1.5866677577883834,0.2628771072423386,0.25013132914960395,0.4869905920317278,Manchester City,tie,2.0,2.0,1.0
7494.0,2017-04-30,Tottenham Hotspur,Arsenal,2.514496302226995,1.3325703626075256,0.6314981590110628,0.18042163843843603,0.18801520490484241,Tottenham Hotspur,Tottenham Hotspur,2.0,0.0,1.0
7504.0,2017-05-01,Watford,Liverpool,1.3487910013812359,1.5904524682468086,0.32454344897328524,0.24389433998031051,0.4315610464339838,Liverpool,Liverpool,0.0,1.0,1.0
7515.0,2017-05-05,West Ham United,Tottenham Hotspur,1.2735742713183165,1.8511563201383046,0.26323811763052196,0.22722288621368825,0.5095348245372108,Tottenham Hotspur,West Ham United,1.0,0.0,1.0
7527.0,2017-05-06,Manchester City,Crystal Palace,2.0967712892097183,1.1177111034502198,0.5983427263506188,0.2061778792009496,0.1954665614111043,Manchester City,Manchester City,5.0,0.0,1.0
7537.0,2017-05-06,AFC Bournemouth,Stoke City,1.5661464186956928,0.8561826042828746,0.5407285028917388,0.2540181010744083,0.20525255864702666,AFC Bournemouth,tie,2.0,2.0,1.0
7547.0,2017-05-06,Burnley,West Bromwich Albion,1.2705436181171221,0.9067483681187368,0.44803881004531004,0.2867200534274637,0.2652410233821766,Burnley,tie,2.0,2.0,1.0
7560.0,2017-05-06,Hull City,Sunderland,1.5200393166108737,0.737358511573672,0.5598946738941283,0.2591336514947611,0.18097104718772453,Hull City,Sunderland,0.0,2.0,1.0
7571.0,2017-05-06,Leicester City,Watford,2.2259025243318318,0.9078291665337817,0.6726170732712524,0.1873829335857399,0.13997800055094245,Leicester City,Leicester City,3.0,0.0,1.0
7581.0,2017-05-06,Swansea City,Everton,1.3471852244021973,1.2993753272358983,0.3805585354364007,0.2611092205368252,0.358331913207586,Swansea City,Swansea City,1.0,0.0,1.0
7591.0,2017-05-07,Liverpool,Southampton,2.2232525192328247,1.1865461814775549,0.6082504088162543,0.19766959968993764,0.19405818135720374,Liverpool,tie,0.0,0.0,1.0
7600.0,2017-05-07,Arsenal,Manchester United,1.810081197779973,1.4540792376393166,0.46103447961504185,0.2279632747771296,0.31099854526560944,Arsenal,Arsenal,2.0,0.0,1.0
7611.0,2017-05-08,Chelsea,Middlesbrough,2.3658029644393728,0.9067483681187368,0.698175792063648,0.1747623822792867,0.12702392105358748,Chelsea,Chelsea,3.0,0.0,1.0
6585.0,2017-05-10,Southampton,Arsenal,1.5661464186956928,1.3325703626075256,0.4290696259560115,0.2459526330447358,0.3249767309746859,Southampton,Arsenal,0.0,2.0,1.0
7612.0,2017-05-12,Everton,Watford,1.8142008488057475,0.9894291609974164,0.5673119833980724,0.2290652408686511,0.20361940416925894,Everton,Everton,1.0,0.0,1.0
7613.0,2017-05-12,West Bromwich Albion,Chelsea,1.164371738538626,1.9005031239239472,0.23135197938525354,0.2232048130953414,0.5454379759517608,Chelsea,Chelsea,0.0,1.0,1.0
7614.0,2017-05-13,Manchester City,Leicester City,2.104277967203401,1.7396156882475318,0.4670945180929447,0.20844199842683814,0.32444799090927623,Manchester City,Manchester City,2.0,1.0,1.0
7615.0,2017-05-13,AFC Bournemouth,Burnley,1.6136520799094953,0.9625911475972104,0.5259904156536667,0.2488143786392359,0.22519408739280108,AFC Bournemouth,AFC Bournemouth,2.0,1.0,1.0
7616.0,2017-05-13,Middlesbrough,Southampton,1.2331390155816013,1.1137238463129342,0.3893856211736745,0.2796783995282249,0.33093586818279874,Middlesbrough,Southampton,1.0,2.0,1.0
7617.0,2017-05-13,Sunderland,Swansea City,1.0955172645529034,0.9353661990299382,0.38947018985015514,0.3043113080328451,0.30621847188066,Sunderland,Swansea City,0.0,2.0,1.0
7618.0,2017-05-13,Stoke City,Arsenal,1.23608044683339,1.4112713755844477,0.32934475264271484,0.2599725886426736,0.4106822694974851,Arsenal,Arsenal,1.0,4.0,1.0
7619.0,2017-05-14,Crystal Palace,Hull City,1.475289600296173,1.2521402677022246,0.42367300996402846,0.2548307090821826,0.32149571615815853,Crystal Palace,Crystal Palace,4.0,0.0,1.0
7620.0,2017-05-14,West Ham United,Liverpool,1.2735742713183165,1.4146377095309417,0.33841457217226667,0.2580863053319681,0.40349869753103856,Liverpool,Liverpool,0.0,4.0,1.0
7621.0,2017-05-14,Tottenham Hotspur,Manchester United,2.743777716198519,1.330983896795526,0.6713223856725561,0.16482616546670242,0.16371351031340686,Tottenham Hotspur,Tottenham Hotspur,2.0,1.0,1.0
6781.0,2017-05-15,Chelsea,Watford,2.5055262353673347,0.8561826042828746,0.732840339795514,0.15985541151151875,0.10724141763183363,Chelsea,Chelsea,4.0,3.0,1.0
7404.0,2017-05-16,Arsenal,Sunderland,2.099270535048772,0.8055527230323963,0.6728697332606568,0.19469613352749401,0.1324211901322425,Arsenal,Arsenal,2.0,0.0,1.0
7405.0,2017-05-16,Manchester City,West Bromwich Albion,2.293420458768588,0.8299874210232161,0.703098797847407,0.1771524655349734,0.1197199926576307,Manchester City,Manchester City,3.0,1.0,1.0
6782.0,2017-05-17,Southampton,Manchester United,1.3863966567620332,1.409591213807146,0.36823896554505403,0.25299537980428116,0.3787650951825855,Manchester United,tie,0.0,0.0,1.0
7406.0,2017-05-18,Leicester City,Tottenham Hotspur,2.2285556881035333,1.8467512273581788,0.4717740059017669,0.20175109979615438,0.3264486983894438,Leicester City,Tottenham Hotspur,1.0,6.0,1.0
7622.0,2017-05-21,Arsenal,Everton,2.1017727598630698,1.1879604848029406,0.5833454323538959,0.2072773278724135,0.20936410037067385,Arsenal,Arsenal,3.0,1.0,1.0
7623.0,2017-05-21,Burnley,West Ham United,1.345581359149812,1.0194413526777737,0.4420465137540752,0.2743592221007828,0.2835940598068232,Burnley,West Ham United,1.0,2.0,1.0
7624.0,2017-05-21,Chelsea,Sunderland,2.659830950940671,0.8531283085984095,0.7571198173330519,0.14700154579592237,0.09577309127515736,Chelsea,Chelsea,5.0,1.0,1.0
7625.0,2017-05-21,Hull City,Tottenham Hotspur,1.4318573085298791,2.2655924219415873,0.23743172244652813,0.19935436393378433,0.5631877928373423,Tottenham Hotspur,Tottenham Hotspur,1.0,7.0,1.0
7626.0,2017-05-21,Leicester City,AFC Bournemouth,2.160372307172637,1.4521896437349122,0.5375344651084997,0.20633279130397425,0.2561155475565479,Leicester City,tie,1.0,1.0,1.0
7627.0,2017-05-21,Liverpool,Middlesbrough,2.28796293484432,0.8821530501177455,0.6900061000783957,0.18044386861772344,0.12952189147572904,Liverpool,Liverpool,3.0,0.0,1.0
7628.0,2017-05-21,Manchester United,Crystal Palace,1.856120647886756,1.151614450149842,0.5384003093158587,0.22679277930159047,0.23480270778003123,Manchester United,Manchester United,2.0,0.0,1.0
7629.0,2017-05-21,Southampton,Stoke City,1.4250507957960954,0.9078291665337817,0.49073438230177757,0.26945097099034904,0.239814306883928,Southampton,Stoke City,0.0,1.0,1.0
7630.0,2017-05-21,Swansea City,West Bromwich Albion,1.345581359149812,0.8309767242529646,0.48828223751160804,0.2804453686945765,0.2312722001266817,Swansea City,Swansea City,2.0,1.0,1.0
7631.0,2017-05-21,Watford,Manchester City,1.2331390155816013,1.9534910705036794,0.23905342652725575,0.2194617783048742,0.5414780247861556,Manchester City,Manchester City,0.0,5.0,1.0
1710802.0,2017-08-11,Arsenal,Leicester City,2.5723167652493357,1.4129535400300197,0.6251123413693643,0.17885873358789942,0.19594959189698713,Arsenal,Arsenal,4.0,3.0,1.0
1710803.0,2017-08-12,Brighton & Hove Albion,Manchester City,1.477048071243345,2.019951851150908,0.28219797699431093,0.2151109878540593,0.5026814584060446,Manchester City,Manchester City,0.0,2.0,1.0
1710804.0,2017-08-12,Chelsea,Burnley,2.90928760382464,0.9894291609974164,0.7646842273793472,0.13674041588481947,0.09834914784458759,Chelsea,Burnley,2.0,3.0,1.0
1710805.0,2017-08-12,Crystal Palace,Huddersfield Town,1.656667665194934,0.9625911475972104,0.5365988383443409,0.24444065685814492,0.21895907020110777,Crystal Palace,Huddersfield Town,0.0,3.0,1.0
1710806.0,2017-08-12,Everton,Stoke City,1.6586423296660855,0.9906085107559649,0.5302153047443098,0.2442630468077698,0.22552019530472456,Everton,Everton,1.0,0.0,1.0
1710809.0,2017-08-12,Southampton,Swansea City,1.2346088552200623,0.9353661990299382,0.43075871770581736,0.289358720972328,0.27988247375800596,Southampton,tie,0.0,0.0,1.0
1710810.0,2017-08-12,Watford,Liverpool,1.164371738538626,1.9442049064651914,0.22525648399446818,0.21962412933233202,0.5551129397076071,Liverpool,tie,3.0,3.0,1.0
1710811.0,2017-08-12,West Bromwich Albion,AFC Bournemouth,1.2331390155816013,1.2551270230221876,0.35936221909671456,0.27077407066714887,0.3698635317287245,AFC Bournemouth,West Bromwich Albion,1.0,0.0,1.0
1710807.0,2017-08-13,Manchester United,West Ham United,1.5605594396751725,0.9089112532061369,0.5259647219231498,0.25457381879659624,0.21946064827307726,Manchester United,Manchester United,4.0,0.0,1.0
1710808.0,2017-08-13,Newcastle United,Tottenham Hotspur,1.6136520799094953,2.214666499976502,0.28130496403118854,0.20359441011277818,0.5150785043978825,Tottenham Hotspur,Tottenham Hotspur,0.0,2.0,1.0
1710812.0,2017-08-19,AFC Bournemouth,Watford,1.7524209231906485,0.9625911475972104,0.5595411990380929,0.23480151086179782,0.2056548542405437,AFC Bournemouth,Watford,0.0,2.0,1.0
1710813.0,2017-08-19,Burnley,West Bromwich Albion,1.3897036565423067,0.9045906299275653,0.4819458294304542,0.27345203824203196,0.24460186545117818,Burnley,West Bromwich Albion,0.0,1.0,1.0
1710815.0,2017-08-19,Leicester City,Brighton & Hove Albion,2.0967712892097183,1.1137238463129342,0.5992601610923303,0.20608233859223876,0.19464466835435543,Leicester City,Leicester City,2.0,0.0,1.0
1710816.0,2017-08-19,Liverpool,Crystal Palace,2.502543329679938,1.0835143713047952,0.6826398300023366,0.1720152370138396,0.14528273281432913,Liverpool,Liverpool,1.0,0.0,1.0
1710818.0,2017-08-19,Stoke City,Arsenal,1.345581359149812,1.6406486432926182,0.3148089823393706,0.24077736502364294,0.44441215871064427,Arsenal,Stoke City,1.0,0.0,1.0
1710819.0,2017-08-19,Swansea City,Manchester United,1.23608044683339,1.1190433588273023,0.3890392706474438,0.279122567946404,0.3318380469067913,Swansea City,Manchester United,0.0,4.0,1.0
1710814.0,2017-08-20,Huddersfield Town,Newcastle United,1.4318573085298791,1.1851335619235757,0.42721816901313836,0.26054369605127103,0.31223772798103006,Huddersfield Town,Huddersfield Town,1.0,0.0,1.0
1710820.0,2017-08-20,Tottenham Hotspur,Chelsea,3.378114442504258,2.022359532086381,0.6407222050669902,0.15077872177842863,0.20772038674983567,Tottenham Hotspur,Chelsea,1.0,2.0,1.0
1710817.0,2017-08-21,Manchester City,Everton,2.8270042734831566,0.994155001089133,0.7522929740961543,0.14287663117041713,0.10465277569368592,Manchester City,tie,1.0,1.0,1.0
1710822.0,2017-08-26,AFC Bournemouth,Manchester City,1.4335640103713616,2.0787449583991524,0.26405665344544155,0.21147778802030937,0.5244533691387703,Manchester City,Manchester City,1.0,2.0,1.0
1710824.0,2017-08-26,Crystal Palace,Swansea City,1.471778936449927,1.0194413526777737,0.47590322758028897,0.26220257301387984,0.26189372787314114,Crystal Palace,Swansea City,0.0,2.0,1.0
1710825.0,2017-08-26,Huddersfield Town,Southampton,1.4335640103713616,0.8065129013320219,0.5188034298428313,0.27001795325207956,0.21117825973418722,Huddersfield Town,tie,0.0,0.0,1.0
1710827.0,2017-08-26,Manchester United,Leicester City,1.7089536541038164,1.4146377095309417,0.44594868417081335,0.2348050880955066,0.31924399817668575,Manchester United,Manchester United,2.0,0.0,1.0
1710828.0,2017-08-26,Newcastle United,West Ham United,1.7069190924606905,0.9331403605930132,0.5560321862262401,0.23913241774016497,0.20483349590008826,Newcastle United,Newcastle United,3.0,0.0,1.0
1710830.0,2017-08-26,Watford,Brighton & Hove Albion,1.3863966567620332,1.0516158801217521,0.4455963085401668,0.269318999638547,0.2850844179443905,Watford,tie,0.0,0.0,1.0
1710823.0,2017-08-27,Chelsea,Everton,2.750322504272215,1.1150513490802014,0.7163821678115462,0.15492701217671234,0.12855019423277433,Chelsea,Chelsea,2.0,0.0,1.0
1710826.0,2017-08-27,Liverpool,Arsenal,2.2906900715016394,1.7375446225140703,0.5055226900653718,0.1995221989675563,0.29492443129467666,Liverpool,Liverpool,4.0,0.0,1.0
1710829.0,2017-08-27,Tottenham Hotspur,Burnley,3.0921395534160343,1.0218730466037969,0.7823857032516288,0.1263099457767079,0.09092885867768209,Tottenham Hotspur,tie,1.0,1.0,1.0
1710831.0,2017-08-27,West Bromwich Albion,Stoke City,1.1629855183378142,0.9089112532061369,0.4160332311513856,0.29867746336453543,0.2852892560642701,West Bromwich Albion,tie,1.0,1.0,1.0
1710832.0,2017-09-09,Arsenal,AFC Bournemouth,2.2906900715016394,1.14750624819892,0.6300854261143828,0.19121637043107081,0.1786697253850298,Arsenal,Arsenal,3.0,0.0,1.0
1710833.0,2017-09-09,Brighton & Hove Albion,West Bromwich Albion,1.3106431691138554,0.9067483681187368,0.4594459570427776,0.2822248970881003,0.258328993646947,Brighton & Hove Albion,Brighton & Hove Albion,3.0,1.0,1.0
1710835.0,2017-09-09,Everton,Tottenham Hotspur,1.430152638569188,2.0787449583991524,0.2633352446723316,0.21147037318743114,0.5251822008790492,Tottenham Hotspur,Tottenham Hotspur,0.0,3.0,1.0
1710836.0,2017-09-09,Leicester City,Chelsea,1.8649860924467323,2.019951851150908,0.3648362158343481,0.20977511500983312,0.4253752167159809,Chelsea,Chelsea,1.0,2.0,1.0
1710837.0,2017-09-09,Manchester City,Liverpool,2.5174934552560337,1.6884016783893854,0.5591601420894352,0.18747575767731312,0.25329688990225785,Manchester City,Manchester City,5.0,0.0,1.0
1710838.0,2017-09-09,Southampton,Watford,1.0645327689480344,0.9089112532061369,0.38608509793561285,0.3096910255405898,0.3042238538559126,Southampton,Watford,0.0,2.0,1.0
1710839.0,2017-09-09,Stoke City,Manchester United,1.2735742713183165,1.1529871166097188,0.39198810074904883,0.27420695344900725,0.33380479193809864,Stoke City,tie,2.0,2.0,1.0
1710834.0,2017-09-10,Burnley,Crystal Palace,1.430152638569188,0.9342526169346879,0.48555562035540606,0.26834050350749394,0.24610352317740325,Burnley,Burnley,1.0,0.0,1.0
1710840.0,2017-09-10,Swansea City,Newcastle United,1.3106431691138554,1.2566230712587858,0.3798450124936568,0.2657587750979538,0.3543959657483832,Swansea City,Newcastle United,0.0,1.0,1.0
1710841.0,2017-09-11,West Ham United,Huddersfield Town,1.1300928192928834,1.1447755919954976,0.35358399033267013,0.28554453288486925,0.36087140353813296,Huddersfield Town,West Ham United,2.0,0.0,1.0
1710842.0,2017-09-15,AFC Bournemouth,Brighton & Hove Albion,1.350398692365609,1.080935992978625,0.429077010192033,0.2714183655871008,0.299504403279123,AFC Bournemouth,AFC Bournemouth,2.0,1.0,1.0
1710844.0,2017-09-16,Crystal Palace,Southampton,1.1968355986101888,0.8531283085984095,0.4396912110143852,0.29780394828389894,0.2625047780716591,Crystal Palace,Southampton,0.0,1.0,1.0
1710845.0,2017-09-16,Huddersfield Town,Leicester City,1.4284499980702718,1.3697237701966667,0.3869305796580631,0.25277696980931524,0.3602918780355074,Huddersfield Town,tie,1.0,1.0,1.0
1710846.0,2017-09-16,Liverpool,Burnley,2.165525486611063,1.2152774568830806,0.5902642175164816,0.2028355827304729,0.20688297071436026,Liverpool,tie,1.0,1.0,1.0
1710848.0,2017-09-16,Newcastle United,Stoke City,1.6606193478378948,0.9648872355876646,0.5369988936914672,0.24404484758982445,0.21895479128044268,Newcastle United,Newcastle United,2.0,1.0,1.0
1710849.0,2017-09-16,Tottenham Hotspur,Swansea City,2.750322504272215,0.9637385077946352,0.7473976759649528,0.1467518170094454,0.10570990430642185,Tottenham Hotspur,tie,0.0,0.0,1.0
1710850.0,2017-09-16,Watford,Manchester City,1.2735742713183165,2.214666499976502,0.21243661213636372,0.20031605197119498,0.5872262138777474,Manchester City,Manchester City,0.0,6.0,1.0
1710851.0,2017-09-16,West Bromwich Albion,West Ham United,1.3075243051374443,0.9894291609974164,0.438600297401527,0.2793073935090778,0.2820921549988028,West Bromwich Albion,tie,0.0,0.0,1.0
1710843.0,2017-09-17,Chelsea,Arsenal,3.0884582666149174,1.6406486432926182,0.6658812261927051,0.15471154535459888,0.1790341129261362,Chelsea,tie,0.0,0.0,1.0
1710847.0,2017-09-17,Manchester United,Everton,1.9236368927113277,0.9067483681187368,0.61192501431108,0.2164653337887075,0.17160384719632704,Manchester United,Manchester United,4.0,0.0,1.0
1710854.0,2017-09-23,Burnley,Huddersfield Town,1.4735332228624978,0.9078291665337817,0.5036680196773932,0.2640987063044708,0.2322328055952134,Burnley,tie,0.0,0.0,1.0
1710855.0,2017-09-23,Everton,AFC Bournemouth,1.1939875561207023,1.2521402677022246,0.34931849122031117,0.27338732015246175,0.37729403464813266,AFC Bournemouth,Everton,2.0,1.0,1.0
1710856.0,2017-09-23,Leicester City,Liverpool,1.9751313416448477,1.6863915845025261,0.4502342425563114,0.21520678230987247,0.33454988059940066,Leicester City,Liverpool,2.0,3.0,1.0
1710857.0,2017-09-23,Manchester City,Crystal Palace,3.5947122934329596,0.7827692894764917,0.873466618077321,0.08204955997403483,0.043227015072583995,Manchester City,Manchester City,5.0,0.0,1.0
1710858.0,2017-09-23,Southampton,Manchester United,1.0331930931267925,1.4195473662629692,0.2743549663266744,0.2668302239620243,0.4588144720883166,Manchester United,Manchester United,0.0,1.0,1.0
1710859.0,2017-09-23,Stoke City,Chelsea,1.2720580421591035,2.015145085120991,0.23877504025483584,0.21507927850660002,0.5461366660963104,Chelsea,Chelsea,0.0,4.0,1.0
1710860.0,2017-09-23,Swansea City,Watford,1.512813619676738,0.9637385077946352,0.5000990528622272,0.2591370205510217,0.24076332079764326,Swansea City,Watford,1.0,2.0,1.0
1710861.0,2017-09-23,West Ham United,Tottenham Hotspur,1.198262166402895,1.8511563201383046,0.24611904462150824,0.22733222010918214,0.5265446143168703,Tottenham Hotspur,Tottenham Hotspur,2.0,3.0,1.0
1710853.0,2017-09-24,Brighton & Hove Albion,Newcastle United,1.2720580421591035,1.2581209027095808,0.3692324105139869,0.2681432760252552,0.36262410342760093,Brighton & Hove Albion,Brighton & Hove Albion,1.0,0.0,1.0
1710852.0,2017-09-25,Arsenal,West Bromwich Albion,2.3629864035835046,0.8821530501177455,0.7032801979352231,0.1737013744905296,0.12298092227573146,Arsenal,Arsenal,2.0,0.0,1.0
1710891.0,2017-10-20,West Ham United,Brighton & Hove Albion,1.2331390155816013,0.9614451533672261,0.4241245993455693,0.2881927481277229,0.28768256428474503,West Ham United,Brighton & Hove Albion,0.0,3.0,1.0
1710882.0,2017-10-21,Chelsea,Watford,3.077440681454713,1.0835143713047952,0.7690269003528516,0.1308227888184042,0.09978926577186606,Chelsea,Chelsea,4.0,2.0,1.0
1710884.0,2017-10-21,Huddersfield Town,Manchester United,1.164371738538626,1.4212393952728708,0.3087615554469452,0.2621647017938364,0.4290733691871388,Manchester United,Huddersfield Town,2.0,1.0,1.0
1710885.0,2017-10-21,Manchester City,Burnley,3.493043108600808,0.994155001089133,0.8319087889416138,0.10061462026554917,0.06647305395860013,Manchester City,Manchester City,3.0,0.0,1.0
1710886.0,2017-10-21,Newcastle United,Crystal Palace,1.8098836968862515,0.8289992955892492,0.6061800632247639,0.22620794370086197,0.1676087032027897,Newcastle United,Newcastle United,1.0,0.0,1.0
1710887.0,2017-10-21,Southampton,West Bromwich Albion,1.0942130177112825,0.9078291665337817,0.39548118455754017,0.3064541893966379,0.29806459744524577,Southampton,Southampton,1.0,0.0,1.0
1710888.0,2017-10-21,Stoke City,AFC Bournemouth,1.3471852244021973,1.1123979239783517,0.4210474831132427,0.2703309249333818,0.308621368288551,Stoke City,AFC Bournemouth,1.0,2.0,1.0
1710889.0,2017-10-21,Swansea City,Leicester City,1.3863966567620332,1.4540792376393166,0.35946985655073793,0.2505630624738624,0.3899664151716354,Leicester City,Leicester City,1.0,2.0,1.0
1710883.0,2017-10-22,Everton,Arsenal,1.1300928192928834,1.8401632351754538,0.23219690853626873,0.2280276151021929,0.5397716019449182,Arsenal,Arsenal,2.0,5.0,1.0
1710890.0,2017-10-22,Tottenham Hotspur,Liverpool,3.001107455555992,1.7396156882475318,0.6335394765140959,0.16233735190576176,0.2038276700402511,Tottenham Hotspur,Tottenham Hotspur,4.0,1.0,1.0
