fixture_id,time.starting_at.date,Team.data.name,op_Team.data.name,expected_score,op_expected_score,local_prob,tie_prob,visitor_prob,expected_winner,winner
1201.0,2015-09-12,Everton,Chelsea,1.5001861660325826,1.3788155240760116,0.4030284353364625,0.24828149693527696,0.34868927149622353,Everton,Everton
1221.0,2015-09-12,Crystal Palace,Manchester City,1.2460694361946247,1.7601986370545848,0.271110392261608,0.23417114088447716,0.4947158441370755,Manchester City,Manchester City
1231.0,2015-09-12,West Bromwich Albion,Southampton,1.2033485963392343,1.0458960810007967,0.39605385297311824,0.28632694143937465,0.3176191258221342,West Bromwich Albion,tie
1241.0,2015-09-12,Arsenal,Stoke City,1.8553962006762417,0.9099894372190154,0.5961170857619029,0.22347011357516317,0.18040864967015696,Arsenal,Arsenal
1249.0,2015-09-12,Watford,Swansea City,1.3203616812774177,0.9984764073572518,0.44003300716932425,0.2776545891624222,0.28231223412242806,Watford,Watford
1271.0,2015-09-13,Sunderland,Tottenham Hotspur,1.2826777988888476,0.9754094520074053,0.4349476484892383,0.2824266053900628,0.28262561816071335,Sunderland,Tottenham Hotspur
1279.0,2015-09-13,Leicester City,Aston Villa,1.695012534954739,0.9475707047979397,0.5496019191525523,0.24047152790563364,0.20992477339402413,Leicester City,Leicester City
1289.0,2015-09-14,West Ham United,Newcastle United,1.2604980665694383,0.9867040251975594,0.4259955274899342,0.28413548963526764,0.2898688729080089,West Ham United,West Ham United
1301.0,2015-09-19,Chelsea,Arsenal,1.8131627265409813,1.55733826592947,0.4404001219395012,0.2256999749411891,0.3338957671911569,Chelsea,Chelsea
1310.0,2015-09-19,Swansea City,Everton,1.3515862340895668,0.9984764073572518,0.448654435345106,0.2745683483779352,0.27677700569656966,Swansea City,tie
1318.0,2015-09-19,Stoke City,Leicester City,1.4321695249053348,1.1817246470448282,0.4280576619109345,0.26064993744456655,0.31129199449477113,Stoke City,tie
1339.0,2015-09-19,Newcastle United,Watford,1.2530451793324975,0.9256797808088102,0.43841014703831055,0.28782160352998937,0.27376814939095323,Newcastle United,Watford
1360.0,2015-09-19,Aston Villa,West Bromwich Albion,1.2460694361946247,1.0335646044890432,0.4110218201166611,0.2831168876685847,0.30586118787305283,Aston Villa,West Bromwich Albion
1387.0,2015-09-19,Manchester City,West Ham United,2.2353292988617026,0.8787909246094352,0.681175314219215,0.1851169140515626,0.13368492882693042,Manchester City,West Ham United
1411.0,2015-09-20,Tottenham Hotspur,Crystal Palace,1.2750937705987737,0.8787909246094352,0.45622765214438027,0.28734177249506127,0.256430459314477,Tottenham Hotspur,Tottenham Hotspur
1425.0,2015-09-20,Southampton,Manchester United,1.4573699893414822,1.1516691626356013,0.4413609762503187,0.25973494136056674,0.29890362337205845,Southampton,Manchester United
1452.0,2015-09-20,Liverpool,Norwich City,1.9320214209597064,1.101701016586962,0.5669779823695748,0.21987981338434948,0.21313613836011025,Liverpool,tie
1474.0,2015-09-26,Tottenham Hotspur,Manchester City,1.2530451793324975,1.5224184627185882,0.3131212884968897,0.2514719039367701,0.4354060756422019,Manchester City,Tottenham Hotspur
1497.0,2015-09-26,Leicester City,Arsenal,1.627787240522121,1.4109318746500445,0.4274697064271208,0.23971850803153238,0.33281027264369606,Leicester City,Arsenal
1508.0,2015-09-26,Liverpool,Aston Villa,1.9660172826660842,1.0217336290657728,0.5932596917854576,0.21537875275004903,0.1913544476462775,Liverpool,Liverpool
1526.0,2015-09-26,West Ham United,Norwich City,1.4157758109782907,0.8889667214467711,0.4929451034008975,0.270869310293444,0.23618526785527616,West Ham United,tie
1537.0,2015-09-26,Manchester United,Sunderland,1.9777107996719054,0.9419680483566587,0.6149182225832179,0.2121744955020603,0.17289978241480075,Manchester United,Manchester United
1546.0,2015-09-26,Southampton,Swansea City,1.328214954954094,0.9925727631786994,0.4436107652612172,0.2771137929325424,0.2792752632848423,Southampton,Southampton
1558.0,2015-09-26,Newcastle United,Chelsea,1.2898584828810862,1.512890935410359,0.32410364856722484,0.2508859288611356,0.42500969648058845,Chelsea,tie
1567.0,2015-09-27,Watford,Crystal Palace,1.2750937705987737,0.920526491457915,0.4459812503583936,0.28563106894152385,0.26838756301856403,Watford,Crystal Palace
1577.0,2015-09-28,West Bromwich Albion,Everton,1.2387018604373434,0.8635950995242515,0.44944985250472813,0.29226800267331143,0.25828205736154264,West Bromwich Albion,Everton
1588.0,2015-10-03,Crystal Palace,West Bromwich Albion,1.4573699893414822,0.8889667214467711,0.504113736951093,0.26616874227823345,0.2297171000827226,Crystal Palace,Crystal Palace
1598.0,2015-10-03,Norwich City,Leicester City,1.6651238936829829,1.1817246470448282,0.4866518877010269,0.24229267666230095,0.27105388370465955,Norwich City,Leicester City
1607.0,2015-10-03,Manchester City,Newcastle United,2.598924331971299,1.0826506879190085,0.6990183867598003,0.16454412546686598,0.13635106164438865,Manchester City,Manchester City
1617.0,2015-10-03,Aston Villa,Stoke City,1.3591526811300199,1.1148454297663717,0.4237228218111551,0.26922129887521207,0.30705563745317044,Aston Villa,Stoke City
1637.0,2015-10-03,Sunderland,West Ham United,1.2898584828810862,1.167791704763938,0.3932138527643437,0.2721461517839742,0.33463982101662065,Sunderland,tie
1646.0,2015-10-03,Chelsea,Southampton,2.1829294260114143,1.0160456048275037,0.6391600946205112,0.1957306289227221,0.16509081868738726,Chelsea,Southampton
1657.0,2015-10-04,Everton,Liverpool,1.4321695249053348,1.285892278582179,0.40538504498019096,0.2563882452535319,0.3382262339260142,Everton,tie
1667.0,2015-10-04,Arsenal,Manchester United,1.9894738676125894,1.539511774319844,0.4830493811250822,0.21647019260147093,0.3004718030966848,Arsenal,Arsenal
1676.0,2015-10-04,Swansea City,Tottenham Hotspur,1.2604980665694383,0.9925727631786994,0.4246174103828052,0.2838469356951335,0.29153554341352345,Swansea City,tie
1686.0,2015-10-17,Tottenham Hotspur,Liverpool,1.4573699893414822,1.3469619160236013,0.39893523627577004,0.2521444414605855,0.3489197105475134,Tottenham Hotspur,tie
1695.0,2015-10-17,Chelsea,Aston Villa,2.1829294260114143,1.0335646044890432,0.6351031707858953,0.19635306191504695,0.16852530731425433,Chelsea,Chelsea
1715.0,2015-10-17,Southampton,Leicester City,1.8276750219083453,1.128146669158365,0.5373714190101714,0.2290799431895926,0.233545000628099,Southampton,tie
1725.0,2015-10-17,Everton,Manchester United,1.4573699893414822,1.4193238435384878,0.3840964871141917,0.24885515689073087,0.3670476151867369,Everton,Manchester United
1735.0,2015-10-17,West Bromwich Albion,Sunderland,1.4913160863185464,1.0335646044890432,0.4776317314358045,0.260018918441346,0.26234881440116303,West Bromwich Albion,West Bromwich Albion
1745.0,2015-10-17,Crystal Palace,West Ham United,1.5534452242533832,0.9588761866601192,0.5117390751979192,0.25500768410322266,0.23325246153781434,Crystal Palace,West Ham United
1756.0,2015-10-17,Watford,Arsenal,1.2750937705987737,1.4528887015153065,0.3315316458633117,0.2554721332009371,0.41299570222268817,Arsenal,Arsenal
1765.0,2015-10-18,Newcastle United,Norwich City,1.3990833245294634,1.2517453722140675,0.40413642595343924,0.26011930067193567,0.3357438978507278,Newcastle United,Newcastle United
1776.0,2015-10-19,Swansea City,Stoke City,1.2826777988888476,1.1277545760498031,0.40002754177945604,0.27487843181234467,0.3250938726926217,Swansea City,Stoke City
1786.0,2015-10-24,West Ham United,Chelsea,1.6181626999765255,1.521889338444326,0.40248482142622194,0.2364984672600713,0.3610149354962037,West Ham United,West Ham United
1795.0,2015-10-24,Leicester City,Crystal Palace,1.7350970126894643,1.0100380800869242,0.5438820830570616,0.23687956140856825,0.2192361324402816,Leicester City,Leicester City
1805.0,2015-10-24,Aston Villa,Swansea City,1.3125548412801777,0.9585429243680501,0.4473817447915976,0.2800575206142327,0.272560577411133,Aston Villa,Swansea City
1814.0,2015-10-24,Stoke City,Watford,1.5534452242533832,0.7914677062139817,0.5542107460474972,0.255284176982318,0.19050430345389882,Stoke City,Watford
1824.0,2015-10-24,Norwich City,West Bromwich Albion,1.3912945823026286,1.167385832821759,0.42051720848711227,0.26438937483370484,0.31509310314465644,Norwich City,West Bromwich Albion
1834.0,2015-10-24,Arsenal,Everton,2.3818623806251287,0.8635950995242515,0.7107523238346443,0.17100493159346156,0.11820249954492705,Arsenal,Arsenal
1844.0,2015-10-25,Sunderland,Newcastle United,1.6844048875765443,1.027810716827025,0.527456308355062,0.24175242178011547,0.23078958527115565,Sunderland,Sunderland
1853.0,2015-10-25,Manchester United,Manchester City,1.9894738676125894,1.7805805313396035,0.43495298200302174,0.21277348225191448,0.3522627994236627,Manchester United,tie
1872.0,2015-10-25,Liverpool,Southampton,1.8768804175270668,0.9532066848315165,0.5902830587414604,0.22230691839411437,0.1874054002194149,Liverpool,tie
1883.0,2015-10-31,Chelsea,Liverpool,1.899273509050888,1.2636569623123761,0.5226003734217834,0.2236739673901716,0.25372040110840716,Chelsea,Liverpool
1892.0,2015-10-31,Swansea City,Arsenal,1.2826777988888476,1.4784537407201708,0.3286693796986698,0.2534582427290319,0.4178717775664237,Arsenal,Arsenal
1902.0,2015-10-31,West Bromwich Albion,Leicester City,1.2530451793324975,0.9929178568262481,0.4224183933125953,0.2845685429517715,0.293012958940236,West Bromwich Albion,Leicester City
1914.0,2015-10-31,Crystal Palace,Manchester United,1.2245227262023448,1.539511774319844,0.3029009264764401,0.251101416145229,0.4459968727590095,Manchester United,tie
1922.0,2015-10-31,Manchester City,Norwich City,2.9354211943228474,0.9367240816922486,0.7784431832660328,0.13171715121098687,0.08959585447879757,Manchester City,Manchester City
1932.0,2015-10-31,Newcastle United,Stoke City,1.3435947741573147,1.0335646044890432,0.43818860924560593,0.27398908559240404,0.2878221017675333,Newcastle United,tie
1941.0,2015-10-31,Watford,West Ham United,1.2530451793324975,1.1817246470448282,0.3801554288072568,0.2740655196236708,0.3457789026763622,Watford,Watford
1951.0,2015-11-01,Everton,Sunderland,1.3052478059249006,1.070257835430519,0.4191647304614009,0.2758848092504691,0.3049502977912511,Everton,Everton
1963.0,2015-11-01,Southampton,AFC Bournemouth,2.088217385512572,0.9925727631786994,0.6257629668950099,0.20339028780641033,0.17083440170375508,Southampton,Southampton
1972.0,2015-11-02,Tottenham Hotspur,Aston Villa,1.5807796566976766,0.8584889616682484,0.5438445591086243,0.2523534944727902,0.20380103118959228,Tottenham Hotspur,Tottenham Hotspur
1983.0,2015-11-07,AFC Bournemouth,Newcastle United,1.4074048203739762,1.154023036691162,0.42775458945728456,0.2636639773266666,0.30858109325150124,AFC Bournemouth,Newcastle United
1993.0,2015-11-07,West Ham United,Everton,1.695012534954739,1.0830270994918172,0.5168298925182253,0.24064211874060945,0.24252619261971817,West Ham United,tie
2002.0,2015-11-07,Sunderland,Southampton,1.2604980665694383,1.22325250595614,0.37338777792014327,0.2710257670979779,0.3555862785358204,Sunderland,Southampton
2011.0,2015-11-07,Norwich City,Swansea City,1.5265834517360353,0.9585429243680501,0.5049339709658346,0.2577837407297556,0.23728162832863794,Norwich City,Norwich City
2022.0,2015-11-07,Leicester City,Watford,1.3835492002562866,0.8837105700031063,0.48547353300487195,0.27465554290438104,0.23987066912321658,Leicester City,Leicester City
2032.0,2015-11-07,Manchester United,West Bromwich Albion,2.047922762032679,0.8339871925529155,0.6557581407853617,0.2012195445263135,0.14301198953202987,Manchester United,Manchester United
2052.0,2015-11-07,Stoke City,Chelsea,1.4655286347645957,1.3788155240760116,0.39438925625430177,0.2502639696974275,0.35534608941245444,Stoke City,Stoke City
2077.0,2015-11-08,Aston Villa,Manchester City,1.2172825486570549,1.854115971046022,0.2500014143054959,0.2271096676847757,0.5228847257795366,Manchester City,tie
2102.0,2015-11-08,Liverpool,Crystal Palace,1.7712747626923149,0.8992603470399295,0.5796331332397697,0.23196056349818195,0.18840361360699992,Liverpool,Crystal Palace
2128.0,2015-11-08,Arsenal,Tottenham Hotspur,2.208973993353175,1.0220888612441659,0.6428309496168577,0.19367701676918056,0.163471492442016,Arsenal,tie
2154.0,2015-11-21,Watford,Manchester United,1.1620924181671635,1.4030771711605508,0.3115069068189004,0.2636850836298007,0.4248076753408974,Manchester United,Manchester United
2175.0,2015-11-21,West Bromwich Albion,Arsenal,1.2387018604373434,1.7595868710722375,0.2694818320269548,0.23428594857286927,0.4962296100865823,Arsenal,West Bromwich Albion
2183.0,2015-11-21,Everton,Aston Villa,1.4830138813165865,0.9419680483566587,0.49768313246583035,0.26256722185186665,0.2397491458496441,Everton,Everton
2194.0,2015-11-21,Swansea City,AFC Bournemouth,1.3125548412801777,1.0397120607630888,0.42821141189618395,0.27663197199898204,0.2951564505975157,Swansea City,tie
2204.0,2015-11-21,Newcastle United,Leicester City,1.3830683406999829,0.9757485783849705,0.4627047833104385,0.2721751912901337,0.26511976631062845,Newcastle United,Leicester City
2213.0,2015-11-21,Chelsea,Norwich City,1.9550724007139402,1.0397120607630888,0.5866214083759645,0.21676485557320893,0.19660698211958902,Chelsea,Chelsea
2223.0,2015-11-21,Southampton,Stoke City,1.3361149384893762,0.8053943772092488,0.4921861782237085,0.28225619048564415,0.22555745086491755,Southampton,Stoke City
2232.0,2015-11-21,Manchester City,Liverpool,2.273871597597236,1.2491921727872424,0.604300020910376,0.19538358064654945,0.20028968146283935,Manchester City,Liverpool
2242.0,2015-11-22,Tottenham Hotspur,West Ham United,1.5626848368995068,1.0894687497851954,0.48269000649943544,0.25237463192874493,0.2649345200122227,Tottenham Hotspur,Tottenham Hotspur
2252.0,2015-11-23,Crystal Palace,Sunderland,1.6363310025356237,0.8735949391179333,0.5538477205828909,0.2461938122851674,0.19995719502980236,Crystal Palace,Sunderland
2261.0,2015-11-28,AFC Bournemouth,Everton,1.2387018604373434,1.1214763297624066,0.38923681554943995,0.2787669442194475,0.33199612328708566,AFC Bournemouth,tie
2271.0,2015-11-28,Crystal Palace,Newcastle United,1.3125548412801777,0.9311855575658455,0.4540024641860692,0.28111299407220486,0.2648843862249665,Crystal Palace,Crystal Palace
2281.0,2015-11-28,Manchester City,Southampton,2.0365219096214724,1.1344622573248873,0.5819041666375007,0.2115611002709921,0.20652488831740687,Manchester City,Manchester City
2291.0,2015-11-28,Sunderland,Stoke City,1.1825406040461877,0.8436441928685825,0.4377657883198715,0.3000410245823643,0.2621931314955964,Sunderland,Sunderland
2300.0,2015-11-28,Aston Villa,Watford,1.37489073800657,1.0040660757534376,0.4536941164058228,0.2720731331587462,0.27423250283245865,Aston Villa,Watford
2311.0,2015-11-28,Leicester City,Manchester United,1.5007077446364327,1.3870164706906867,0.40146070339942364,0.247914071118549,0.3506244128912797,Leicester City,tie
2321.0,2015-11-29,Tottenham Hotspur,Chelsea,1.5007077446364327,1.3315435539247613,0.4130560743594256,0.25013345510277757,0.33680974286997123,Tottenham Hotspur,tie
2328.0,2015-11-29,West Ham United,West Bromwich Albion,1.5626848368995068,1.0517512141081864,0.49160407122157185,0.25299147065917127,0.25540362363418073,West Ham United,tie
2337.0,2015-11-29,Norwich City,Arsenal,1.3830683406999829,1.4872473175172105,0.352220549299856,0.2488459966434616,0.39893269467329445,Arsenal,tie
2347.0,2015-11-29,Liverpool,Swansea City,2.083958024503435,0.9419680483566587,0.6369150575056243,0.20202833022591365,0.1610444999805432,Liverpool,Liverpool
2357.0,2015-12-05,Stoke City,Manchester City,1.440187093144661,1.5309412623602459,0.3579259249681621,0.24407122391752997,0.3980018072145797,Manchester City,Stoke City
2366.0,2015-12-05,Southampton,Aston Villa,1.7854517927827065,0.9696421947235901,0.5655149491817938,0.23160556383679512,0.20287658457849503,Southampton,tie
2376.0,2015-12-05,Swansea City,Leicester City,1.1755486522068277,1.1612905704829606,0.3629890010454776,0.2810179766914232,0.35599292657781884,Swansea City,Leicester City
2386.0,2015-12-05,Watford,Norwich City,1.3672366766932476,1.0397120607630888,0.4431987961803706,0.2715326612055175,0.28526830317408464,Watford,Watford
2396.0,2015-12-05,Arsenal,Sunderland,2.0132103134647967,0.9585429243680501,0.6183989083384057,0.20927792622658026,0.17231433263248871,Arsenal,Arsenal
2406.0,2015-12-05,West Bromwich Albion,Tottenham Hotspur,1.2387018604373434,1.108639049114858,0.3920608837655156,0.2795263684381078,0.3284126343004926,West Bromwich Albion,tie
2413.0,2015-12-05,Manchester United,West Ham United,2.3677792557021187,1.0160456048275037,0.6738446965960233,0.1798857038422628,0.14623140517731775,Manchester United,tie
2423.0,2015-12-05,Chelsea,AFC Bournemouth,2.1324990550676017,0.8635950995242515,0.6652920319061613,0.1941557219505165,0.1405373158878731,Chelsea,AFC Bournemouth
2430.0,2015-12-06,Newcastle United,Liverpool,1.2826777988888476,1.886085261513771,0.2599660718278091,0.2246340194729626,0.5153949572340422,Liverpool,Newcastle United
2441.0,2015-12-07,Everton,Crystal Palace,1.5996399651120325,0.9754094520074053,0.5193460669280663,0.25018490053963344,0.23046800200962828,Everton,tie
2450.0,2015-12-12,Norwich City,Everton,1.3990833245294634,1.1412098346811257,0.42843508208558445,0.2648400281716902,0.3067245709079804,Norwich City,tie
2459.0,2015-12-12,Crystal Palace,Southampton,1.4742453353573282,1.0160456048275037,0.47736281434617706,0.2620411186254289,0.26059558840612285,Crystal Palace,Crystal Palace
2468.0,2015-12-12,West Ham United,Stoke City,1.3912945823026286,0.8735949391179333,0.49014095466450724,0.2739960649138577,0.2358627116837022,West Ham United,tie
2478.0,2015-12-12,Manchester City,Swansea City,2.340675833177515,0.9096731657651768,0.6930921350634615,0.17712614965576057,0.1297472393527314,Manchester City,Manchester City
2488.0,2015-12-12,Sunderland,Watford,1.3203616812774177,1.027810716827025,0.4331391844547509,0.2764215569396375,0.29043908570710236,Sunderland,Watford
2497.0,2015-12-12,AFC Bournemouth,Manchester United,1.2826777988888476,1.444298275280311,0.3350941122926978,0.2557293692499793,0.4091760155629866,Manchester United,AFC Bournemouth
2506.0,2015-12-13,Aston Villa,Arsenal,1.231377846596407,1.739445286369793,0.27096437539398577,0.23588786980690388,0.4931454096572301,Arsenal,Arsenal
2516.0,2015-12-13,Tottenham Hotspur,Newcastle United,1.8067540478618198,0.9367240816922486,0.578508137973018,0.22897076087011944,0.19251786045350297,Tottenham Hotspur,Newcastle United
2526.0,2015-12-13,Liverpool,West Bromwich Albion,1.9894738676125894,0.9311855575658455,0.6200177875472784,0.21070022378758962,0.16927406918593807,Liverpool,tie
2534.0,2015-12-14,Leicester City,Chelsea,1.5007077446364327,1.2275914652425075,0.4355196264554903,0.2538710580724008,0.3106086832663544,Leicester City,Leicester City
2543.0,2015-12-19,West Bromwich Albion,AFC Bournemouth,1.2826777988888476,0.9925727631786994,0.43088862760601543,0.2816449318014405,0.2874663111266445,West Bromwich Albion,AFC Bournemouth
2554.0,2015-12-19,Stoke City,Crystal Palace,1.1962336140690466,0.8787909246094352,0.433204858227987,0.2965566931166445,0.2702383856196166,Stoke City,Crystal Palace
2564.0,2015-12-19,Everton,Leicester City,1.5007077446364327,1.108639049114858,0.46242172613713056,0.25738518557706425,0.2801925057156475,Everton,Leicester City
2574.0,2015-12-19,Manchester United,Norwich City,1.9777107996719054,0.8992603470399295,0.6253113128847154,0.2108143996704256,0.16386679000800594,Manchester United,Norwich City
2586.0,2015-12-19,Chelsea,Sunderland,1.9660172826660842,0.9754094520074053,0.6043502695649231,0.21423970498843073,0.18140292229415692,Chelsea,Chelsea
2597.0,2015-12-19,Southampton,Tottenham Hotspur,1.4573699893414822,1.108639049114858,0.4511864571071818,0.2611160128886476,0.2876970840598108,Southampton,Tottenham Hotspur
2607.0,2015-12-19,Newcastle United,Aston Villa,1.4830138813165865,0.8290561159666054,0.5261699143364627,0.2638076600964496,0.2100219297292494,Newcastle United,tie
2617.0,2015-12-20,Watford,Liverpool,1.5001861660325826,1.3012342807764399,0.41937515494120253,0.2513164014036074,0.3293077528828116,Watford,Watford
2629.0,2015-12-20,Swansea City,West Ham United,1.1419978170228302,1.0890900993840882,0.3688610280347975,0.28875118794914856,0.3423877222837155,Swansea City,tie
2639.0,2015-12-21,Arsenal,Manchester City,2.4381898163192233,1.461530222059671,0.5904059961862739,0.18869067870589645,0.22085342767827718,Arsenal,Arsenal
2649.0,2015-12-26,Stoke City,Manchester United,1.351116483424603,1.285892278582179,0.38439221674478313,0.26158324361931085,0.35402421649038696,Stoke City,Stoke City
2661.0,2015-12-26,AFC Bournemouth,Crystal Palace,1.3052478059249006,0.9812110118997068,0.4399147062504743,0.27988314215567595,0.28020200069225426,AFC Bournemouth,tie
2671.0,2015-12-26,Liverpool,Leicester City,2.0125106119884055,1.2966350287238042,0.5401054633141519,0.2154464284463114,0.2444391764830407,Liverpool,Liverpool
2681.0,2015-12-26,Tottenham Hotspur,Norwich City,1.5180849121674058,0.8992603470399295,0.5174749749635151,0.25928104903020127,0.22324335331927012,Tottenham Hotspur,Tottenham Hotspur
2693.0,2015-12-26,Manchester City,Sunderland,2.3818623806251287,0.9925727631786994,0.6816276140388337,0.17763335209850906,0.1406987817834301,Manchester City,Manchester City
2704.0,2015-12-26,Chelsea,Watford,1.6617275213333698,1.0642996753622316,0.5132130244099582,0.24374211068319793,0.24304337638146106,Chelsea,tie
2714.0,2015-12-26,Swansea City,West Bromwich Albion,1.351116483424603,0.9311855575658455,0.4647620593365089,0.276937192193674,0.2583005435814423,Swansea City,Swansea City
2726.0,2015-12-26,Aston Villa,West Ham United,1.1028450182789424,0.9585429243680501,0.38636091818050455,0.30184804936906234,0.3117909990427944,Aston Villa,tie
2736.0,2015-12-26,Newcastle United,Everton,1.5265834517360353,1.0894687497851954,0.47352128445653546,0.2555764543445425,0.27090158400025377,Newcastle United,Everton
2746.0,2015-12-26,Southampton,Arsenal,1.2604980665694383,1.631866588456774,0.2957338516442101,0.2434192391898869,0.46084557101661733,Arsenal,Southampton
2758.0,2015-12-28,Norwich City,Aston Villa,1.2530451793324975,0.9528753930036227,0.4318810490797938,0.2865405269100153,0.2815783223996414,Norwich City,Norwich City
2768.0,2015-12-28,West Bromwich Albion,Newcastle United,1.3203616812774177,1.0100380800869242,0.437305027059666,0.2771751808290119,0.28551962134725334,West Bromwich Albion,West Bromwich Albion
2779.0,2015-12-28,Everton,Stoke City,1.5447971443262736,0.9256797808088102,0.5177489739954271,0.2561801574614526,0.22607013165359657,Everton,Stoke City
2791.0,2015-12-28,Crystal Palace,Swansea City,1.2245227262023448,0.8147202923124987,0.45752754025393744,0.2961484924794474,0.24632388998460586,Crystal Palace,tie
2802.0,2015-12-28,Watford,Tottenham Hotspur,1.3361149384893762,1.0894687497851954,0.4232443188972117,0.272294802173668,0.304460675840838,Watford,Tottenham Hotspur
2811.0,2015-12-28,Arsenal,AFC Bournemouth,2.0013069001645807,1.0890900993840882,0.5849444649756599,0.21367028524421228,0.20137686782540487,Arsenal,Arsenal
2821.0,2015-12-28,Manchester United,Chelsea,1.9099060177722047,1.4357586412517815,0.4873793998406759,0.2221537019127386,0.29046110850760387,Manchester United,tie
2833.0,2015-12-28,West Ham United,Southampton,1.2750937705987737,0.9046089857591743,0.44986604899580324,0.28629813703441936,0.26383569699431547,West Ham United,West Ham United
2843.0,2015-12-29,Leicester City,Manchester City,1.6181626999765255,1.5486685133131346,0.3971601576608247,0.23550315611372816,0.36733479466814944,Leicester City,tie
2854.0,2015-12-30,Sunderland,Liverpool,1.3830683406999829,1.7087731496722656,0.31185103959781496,0.23553970296778276,0.4526070914919558,Liverpool,Liverpool
2864.0,2016-01-02,West Ham United,Liverpool,1.1419978170228302,1.3788155240760116,0.31067770106404724,0.26644802503684784,0.42287399203786813,Liverpool,West Ham United
2876.0,2016-01-02,Sunderland,Aston Villa,1.3830683406999829,0.9981293818072152,0.45733224161625613,0.27146412471580206,0.271203372560516,Sunderland,Sunderland
2886.0,2016-01-02,Leicester City,AFC Bournemouth,1.491834581009281,0.8889667214467711,0.513220217834203,0.262295045599406,0.22448421005867722,Leicester City,tie
2897.0,2016-01-02,Arsenal,Newcastle United,2.060103438090604,0.9528753930036227,0.6294604104670758,0.20466104628961038,0.1658676381622266,Arsenal,Arsenal
2908.0,2016-01-02,Norwich City,Southampton,1.2530451793324975,0.9754094520074053,0.426533928677316,0.285443031605251,0.28802293646071453,Norwich City,Norwich City
2919.0,2016-01-02,West Bromwich Albion,Stoke City,1.3830683406999829,0.8889667214467711,0.48402501815086146,0.27458344738550855,0.24139128016992206,West Bromwich Albion,West Bromwich Albion
2929.0,2016-01-02,Manchester United,Swansea City,1.5770070348879122,0.8534130146317843,0.5441881313330644,0.25276959399675814,0.20304138020666324,Manchester United,Manchester United
2940.0,2016-01-02,Watford,Manchester City,1.4241965907283318,1.486730417153217,0.3625190120234177,0.2470889442378857,0.39039120320326237,Manchester City,Manchester City
2950.0,2016-01-03,Crystal Palace,Chelsea,1.3203616812774177,1.1516691626356013,0.4050235846722308,0.2706484962343069,0.3243277180668866,Crystal Palace,Chelsea
2962.0,2016-01-03,Everton,Tottenham Hotspur,1.553985319749242,1.2378471519798389,0.44666456610502403,0.2496534401079411,0.3036811340034196,Everton,tie
2972.0,2016-01-12,Aston Villa,Crystal Palace,1.2898584828810862,1.070257835430519,0.414908573638856,0.27724771859718367,0.30784356094740933,Aston Villa,Aston Villa
2982.0,2016-01-12,AFC Bournemouth,West Ham United,1.2387018604373434,0.8837105700031063,0.4444831491342225,0.2913646354287518,0.2641521273762142,AFC Bournemouth,West Ham United
2994.0,2016-01-12,Newcastle United,Manchester United,1.1755486522068277,1.2636569623123761,0.3419560703263017,0.27365778570207744,0.3843859895160397,Manchester United,tie
3005.0,2016-01-13,Swansea City,Sunderland,1.1891607002176523,0.9311855575658455,0.418489295566146,0.29449397915272923,0.28701666351615607,Swansea City,Sunderland
3016.0,2016-01-13,Manchester City,Everton,2.286601180502169,1.095948713855322,0.6408692373159357,0.1898065952621746,0.16929615452628505,Manchester City,tie
3026.0,2016-01-13,Stoke City,Norwich City,1.2245227262023448,1.0335646044890432,0.4049000419017578,0.2851164483875899,0.30998341966493553,Stoke City,Stoke City
3037.0,2016-01-13,Southampton,Watford,1.4237016039648829,1.0830270994918172,0.4482506543026911,0.2648691066981285,0.28687988362120015,Southampton,Southampton
3048.0,2016-01-13,Chelsea,West Bromwich Albion,1.7712747626923149,0.8635950995242515,0.5885904893135019,0.23126405863895802,0.18014276355050154,Chelsea,tie
3058.0,2016-01-13,Liverpool,Arsenal,1.7509993893927118,1.4277657263477164,0.4529909298540291,0.23198789847924592,0.31501841881194714,Liverpool,tie
3070.0,2016-01-13,Tottenham Hotspur,Leicester City,1.3596252257874057,1.0339239500126884,0.44248441436542923,0.27246550316908147,0.2850498557482819,Tottenham Hotspur,Leicester City
3081.0,2016-01-16,Tottenham Hotspur,Sunderland,1.4830138813165865,0.9642441651891418,0.4922074498694297,0.2621979664775515,0.24559408235390126,Tottenham Hotspur,Tottenham Hotspur
3092.0,2016-01-16,Manchester City,Crystal Palace,2.108088830683878,0.8889667214467711,0.6544228175771153,0.19763494725489592,0.14792878686469316,Manchester City,Manchester City
3102.0,2016-01-16,Chelsea,Everton,1.8024421251362432,1.0339239500126884,0.5538647921738623,0.23069480390200353,0.2154372259581416,Chelsea,tie
3114.0,2016-01-16,AFC Bournemouth,Norwich City,1.3830683406999829,0.9419680483566587,0.4709112432047571,0.2731801630301156,0.2559083370293722,AFC Bournemouth,AFC Bournemouth
3126.0,2016-01-16,Southampton,West Bromwich Albion,1.3591526811300199,0.9046089857591743,0.47353499193188664,0.2768646082376704,0.2496001842573852,Southampton,Southampton
3136.0,2016-01-16,Newcastle United,West Ham United,1.2387018604373434,1.0217336290657728,0.41164858341771854,0.2844477351166851,0.30390358379279075,Newcastle United,Newcastle United
3147.0,2016-01-16,Aston Villa,Leicester City,1.1222506865175246,1.0458960810007967,0.3725379771522162,0.29358714270254865,0.333874832388218,Aston Villa,tie
3158.0,2016-01-17,Liverpool,Manchester United,2.108088830683878,1.5304091759436518,0.510212523300889,0.20970018487179698,0.2800731772382658,Liverpool,Manchester United
3169.0,2016-01-17,Stoke City,Arsenal,1.4830138813165865,1.4955732221322644,0.3752336834675858,0.24399001421688551,0.38077527171871944,Arsenal,tie
3179.0,2016-01-18,Swansea City,Watford,1.351116483424603,1.202100340412574,0.40223673310569286,0.2658378436360771,0.3319251599288897,Swansea City,Swansea City
3188.0,2016-01-23,Norwich City,Liverpool,1.37489073800657,1.603091417736841,0.328600734219513,0.2423030976958624,0.4290948869744379,Liverpool,Liverpool
3202.0,2016-01-23,West Bromwich Albion,Aston Villa,1.2826777988888476,1.0156924730135926,0.425471642756219,0.28056281310036163,0.2939654122412757,West Bromwich Albion,tie
3212.0,2016-01-23,Sunderland,AFC Bournemouth,1.4573699893414822,1.1813139326377469,0.434693390551189,0.2587176932485463,0.3065884452928602,Sunderland,tie
3222.0,2016-01-23,Watford,Newcastle United,1.5265834517360353,0.9754094520074053,0.5007992457985654,0.2575723007234838,0.24162779223784508,Watford,Watford
3233.0,2016-01-23,Manchester United,Southampton,1.6909672897935297,0.9925727631786994,0.5375804663911118,0.24108769662620766,0.2213300936147749,Manchester United,Southampton
3347.0,2016-01-23,Leicester City,Stoke City,1.328214954954094,0.9367240816922486,0.45704131747182625,0.2792194825388068,0.263739025601577,Leicester City,Leicester City
3809.0,2016-01-23,Crystal Palace,Tottenham Hotspur,1.2750937705987737,1.2092502169153156,0.38029871231623286,0.27086498405576087,0.3488361231360913,Crystal Palace,Tottenham Hotspur
4375.0,2016-01-23,West Ham United,Manchester City,1.2033485963392343,1.521889338444326,0.3006788620270691,0.25304564988264566,0.4462747897556895,Manchester City,tie
4392.0,2016-01-24,Everton,Swansea City,1.665702817162861,0.9256797808088102,0.5479449609294098,0.24336974528957764,0.2086837857486867,Everton,Swansea City
4419.0,2016-01-24,Arsenal,Chelsea,2.286601180502169,1.4697121572883063,0.5593682162299479,0.19847049008168158,0.24213285289453537,Arsenal,Chelsea
4439.0,2016-02-02,West Ham United,Aston Villa,1.2826777988888476,0.9696421947235901,0.4363188000855311,0.282685026917405,0.2809960454919623,West Ham United,West Ham United
4466.0,2016-02-02,Leicester City,Liverpool,1.5990840021121426,1.29354053445451,0.44557918217750253,0.24492213024544654,0.3094975377272307,Leicester City,Leicester City
4492.0,2016-02-02,Sunderland,Manchester City,1.3912945823026286,1.699260354148518,0.31544013616506683,0.23594572827124136,0.4486120531434111,Manchester City,Manchester City
4516.0,2016-02-02,Arsenal,Southampton,1.781809986233909,0.920526491457915,0.5767766728070619,0.2312354610119524,0.19198502174508073,Arsenal,tie
4540.0,2016-02-02,Norwich City,Tottenham Hotspur,1.3435947741573147,1.3658184166063356,0.3660660450066423,0.25764099734410395,0.3762925459638685,Tottenham Hotspur,Tottenham Hotspur
4564.0,2016-02-02,Crystal Palace,AFC Bournemouth,1.2387018604373434,1.2160198387819583,0.3689760330021803,0.27294429674831294,0.35807951408648214,Crystal Palace,AFC Bournemouth
4591.0,2016-02-02,Manchester United,Stoke City,1.8768804175270668,0.920526491457915,0.5982963136096564,0.22154652052510432,0.18015254506527614,Manchester United,Manchester United
4620.0,2016-02-02,West Bromwich Albion,Swansea City,1.2387018604373434,0.9256797808088102,0.43427059331870366,0.2893898704199726,0.27633944647024883,West Bromwich Albion,tie
4650.0,2016-02-03,Watford,Chelsea,1.4830138813165865,1.4030771711605508,0.3937705813597927,0.24821954445029712,0.35800909088985217,Watford,tie
4673.0,2016-02-03,Everton,Newcastle United,1.5091090033845567,1.0890900993840882,0.46913022063748183,0.2571328104487733,0.27373636032665943,Everton,Everton
4702.0,2016-02-06,Manchester City,Leicester City,1.8450671498739415,0.9984764073572518,0.572144962331237,0.22623677897126457,0.20161431207427666,Manchester City,Leicester City
4733.0,2016-02-06,Swansea City,Crystal Palace,1.4655286347645957,0.8534130146317843,0.5152935302910557,0.26567647269505634,0.21902955418823433,Swansea City,tie
4756.0,2016-02-06,Stoke City,Everton,1.3672366766932476,1.22325250595614,0.40192667441443464,0.26366063468876055,0.3344123910732975,Stoke City,Everton
4782.0,2016-02-06,Aston Villa,Norwich City,1.5985282323400192,0.9311855575658455,0.5299882309246862,0.25044965569964855,0.21956109255187053,Aston Villa,Aston Villa
4809.0,2016-02-06,Liverpool,Sunderland,1.8880437644995225,1.1408132014029937,0.5480999450845052,0.22405847103126916,0.22783666808748818,Liverpool,tie
4835.0,2016-02-06,Tottenham Hotspur,Watford,1.4747578949590354,0.9046089857591743,0.5047970163268858,0.26400835545859336,0.23119415618056807,Tottenham Hotspur,Tottenham Hotspur
4862.0,2016-02-06,Newcastle United,West Bromwich Albion,1.2604980665694383,1.0517512141081864,0.4109320417185053,0.2808231489680286,0.30824469142679717,Newcastle United,Newcastle United
4886.0,2016-02-06,Southampton,West Ham United,1.3435947741573147,0.8787909246094352,0.47563796569114136,0.27938556722488145,0.24497627499328792,Southampton,Southampton
4911.0,2016-02-07,AFC Bournemouth,Arsenal,1.2826777988888476,1.3549734031097453,0.3524178294459101,0.2615085850617694,0.38607325969129247,Arsenal,Arsenal
4942.0,2016-02-07,Chelsea,Manchester United,1.899273509050888,1.1925552982184422,0.538693890353573,0.22347913901558386,0.23782175775356734,Chelsea,tie
4968.0,2016-02-13,Sunderland,Manchester United,1.3052478059249006,1.3947812632026395,0.3504359185633384,0.2578777294670964,0.39168593661011697,Manchester United,Sunderland
4995.0,2016-02-13,Swansea City,Southampton,1.1825406040461877,0.9475707047979397,0.4126646717865106,0.2942547058073412,0.29308056276098693,Swansea City,Southampton
5024.0,2016-02-13,AFC Bournemouth,Stoke City,1.589629173845271,0.9754094520074053,0.5168365265401142,0.25119420623101935,0.23196829624763973,AFC Bournemouth,Stoke City
5055.0,2016-02-13,Crystal Palace,Watford,1.1552213693482825,0.9585429243680501,0.4020290860278399,0.2964387210312132,0.3015321437289856,Crystal Palace,Watford
5085.0,2016-02-13,Everton,West Bromwich Albion,1.491834581009281,0.8195661019994942,0.5309428639964395,0.2627956748539752,0.2062609363608337,Everton,West Bromwich Albion
5112.0,2016-02-13,Norwich City,West Ham United,1.2604980665694383,1.1082537359787876,0.3982194768463259,0.27775439712239924,0.3240259966379448,Norwich City,tie
5139.0,2016-02-13,Chelsea,Newcastle United,2.1206273636910526,0.8735949391179333,0.660578257030946,0.19575688473135575,0.14365066561596035,Chelsea,Chelsea
5168.0,2016-02-14,Arsenal,Leicester City,1.8024421251362432,0.9099894372190154,0.5841406104132216,0.228912862594456,0.18694335922352842,Arsenal,Arsenal
5196.0,2016-02-14,Aston Villa,Liverpool,1.351116483424603,1.3788155240760116,0.3653944622406118,0.25650697792746374,0.378098116008072,Liverpool,Liverpool
5220.0,2016-02-14,Manchester City,Tottenham Hotspur,1.8775329636509632,1.1412098346811257,0.5456484565657876,0.22494281213705303,0.229404062107066,Manchester City,Tottenham Hotspur
5246.0,2016-02-27,West Ham United,Sunderland,1.4830138813165865,1.0458960810007967,0.4725399282748721,0.2605215935718913,0.26693796802162956,West Ham United,West Ham United
5256.0,2016-02-27,Stoke City,Aston Villa,1.6750277509579183,0.9528753930036227,0.5434648928694332,0.24254293070341043,0.21399058505383683,Stoke City,Stoke City
5265.0,2016-02-27,Watford,AFC Bournemouth,1.5175572940406625,0.9150837380563773,0.513373174097183,0.2592017247384854,0.22742447988041692,Watford,tie
5274.0,2016-02-27,Southampton,Chelsea,1.3672366766932476,1.3952661950600378,0.3662294939927187,0.25475238638821807,0.37901762137395784,Chelsea,Chelsea
5286.0,2016-02-27,Leicester City,Norwich City,1.5265834517360353,0.9925727631786994,0.4966185685306881,0.25733419499380794,0.24604657372948485,Leicester City,Leicester City
5296.0,2016-02-27,West Bromwich Albion,Crystal Palace,1.3125548412801777,0.8147202923124987,0.48310552027797315,0.2849854853118563,0.2319088425276388,West Bromwich Albion,West Bromwich Albion
5308.0,2016-02-28,Manchester United,Arsenal,1.8024421251362432,1.3947812632026395,0.4718752483622109,0.22940503552339614,0.298716279456534,Manchester United,Manchester United
5320.0,2016-02-28,Tottenham Hotspur,Swansea City,1.5719794050989497,0.8584889616682484,0.5416194238574704,0.2533557169029947,0.2050239915179529,Tottenham Hotspur,Tottenham Hotspur
5331.0,2016-04-19,Newcastle United,Manchester City,1.2387018604373434,1.4955732221322644,0.3143597843405024,0.2538695939500519,0.4317700002635639,Manchester City,tie
5341.0,2016-04-20,Liverpool,Everton,2.341489629798746,0.9642441651891418,0.6808123006307865,0.17974172677139685,0.13941138685698098,Liverpool,Liverpool
5354.0,2016-03-01,Norwich City,Chelsea,1.2975303290228553,1.5759188947201181,0.31458906566322625,0.2463889841191389,0.43902092909923174,Chelsea,Chelsea
5364.0,2016-03-01,Sunderland,Crystal Palace,1.5990840021121426,0.8534130146317843,0.5497405481794692,0.2502493666054603,0.20000906388741163,Sunderland,tie
5374.0,2016-03-01,Aston Villa,Everton,1.1755486522068277,1.3658184166063356,0.3220501393375868,0.2659954626500851,0.4119541249689326,Everton,Everton
5387.0,2016-03-01,AFC Bournemouth,Southampton,1.2530451793324975,1.027810716827025,0.4143175051495518,0.28277117099999327,0.3029112151602663,AFC Bournemouth,AFC Bournemouth
5397.0,2016-03-01,Leicester City,West Bromwich Albion,1.3435947741573147,0.9150837380563773,0.4666281451918903,0.27827553681158607,0.2550961245244998,Leicester City,tie
5407.0,2016-03-02,Arsenal,Swansea City,1.9777107996719054,1.0040660757534376,0.5999822352927895,0.2138802641381046,0.18612999608966702,Arsenal,Swansea City
5420.0,2016-03-02,West Ham United,Tottenham Hotspur,1.4406878115157093,1.108639049114858,0.4468185780740791,0.2625468696944275,0.29063415035340323,West Ham United,West Ham United
5430.0,2016-03-02,Stoke City,Newcastle United,1.6272214947936066,0.8992603470399295,0.5451178092377414,0.24734040691285475,0.2075405765923979,Stoke City,Stoke City
5440.0,2016-03-02,Liverpool,Manchester City,2.4094427151518043,1.4277657263477164,0.5920296146727169,0.18988045553913782,0.21804503181164261,Liverpool,Liverpool
5450.0,2016-03-02,Manchester United,Watford,1.866431763393026,0.9696421947235901,0.5839467569069405,0.2236700608874988,0.19237879213453152,Manchester United,Manchester United
5463.0,2016-03-05,Tottenham Hotspur,Arsenal,1.71463961883718,1.3549734031097453,0.4600188868115741,0.2357554448055266,0.30422348500533497,Tottenham Hotspur,tie
5473.0,2016-03-05,Manchester City,Aston Villa,2.286601180502169,0.9981293818072152,0.6630629191538667,0.18599905575111703,0.15091002756466468,Manchester City,Manchester City
5484.0,2016-03-05,Newcastle United,AFC Bournemouth,1.1419978170228302,1.101701016586962,0.366139673070676,0.2878368840546179,0.34602337825078683,Newcastle United,AFC Bournemouth
5497.0,2016-03-05,Swansea City,Norwich City,1.3830683406999829,0.9754094520074053,0.46278658568098274,0.27218569248712415,0.26502746277060657,Swansea City,Swansea City
5508.0,2016-03-05,Chelsea,Stoke City,2.0365219096214724,0.9812110118997068,0.6178341616656902,0.2077868870320105,0.17436913384562996,Chelsea,tie
5517.0,2016-03-05,Southampton,Sunderland,1.3591526811300199,1.0955678113097684,0.42810125018675116,0.2700407494514932,0.3018577632889202,Southampton,tie
5527.0,2016-03-05,Everton,West Ham United,1.3596252257874057,1.0160456048275037,0.4466917435646129,0.27313542607522634,0.28017260590750087,Everton,West Ham United
5540.0,2016-03-05,Watford,Leicester City,1.2100851797667338,0.9367240816922486,0.4233066186748607,0.29192913509894125,0.2847641734253188,Watford,Leicester City
5549.0,2016-03-06,Crystal Palace,Liverpool,1.1419978170228302,1.7905485732978865,0.24216417151446248,0.2322499951412331,0.5255828217883792,Liverpool,Liverpool
5561.0,2016-03-06,West Bromwich Albion,Manchester United,1.3435947741573147,1.539511774319844,0.3325792576567366,0.24726442545014682,0.42015541892513425,Manchester United,West Bromwich Albion
5570.0,2016-03-12,Norwich City,Manchester City,1.3356505649518295,1.4697121572883063,0.3437040714102713,0.25188466063161175,0.4044106361154603,Manchester City,tie
5580.0,2016-03-12,Stoke City,Southampton,1.3830683406999829,0.8735949391179333,0.4878830927876223,0.2749490441197422,0.23716760929525915,Stoke City,Southampton
5590.0,2016-03-12,AFC Bournemouth,Swansea City,1.3052478059249006,0.9046089857591743,0.4584479359298114,0.2829079829696249,0.2586439348572343,AFC Bournemouth,AFC Bournemouth
5600.0,2016-03-13,Aston Villa,Tottenham Hotspur,1.2898584828810862,1.3268371728264183,0.3599227350222092,0.26287671385891936,0.3772002567032814,Tottenham Hotspur,Tottenham Hotspur
5612.0,2016-03-14,Leicester City,Newcastle United,1.5534452242533832,0.8992603470399295,0.5265741834806622,0.2553878808614938,0.21803715964417433,Leicester City,Leicester City
5623.0,2016-04-20,West Ham United,Watford,1.4241965907283318,0.9639090372288527,0.47668895329686,0.26827905837462346,0.2550316472967577,West Ham United,West Ham United
5634.0,2016-04-20,Manchester United,Crystal Palace,1.8024421251362432,0.9754094520074053,0.5680268032110299,0.2300131979333352,0.20195682713757368,Manchester United,Manchester United
5646.0,2016-04-21,Arsenal,West Bromwich Albion,2.2345523988030385,0.9867040251975594,0.6559069196411405,0.19005851824495085,0.1540117843689388,Arsenal,Arsenal
5680.0,2016-03-19,Everton,Arsenal,1.665702817162861,1.486730417153217,0.4208065340597868,0.23527487830080784,0.34391657777151957,Everton,Arsenal
5690.0,2016-03-19,Crystal Palace,Leicester City,1.1620924181671635,1.1148454297663717,0.36907095915307736,0.28529659974546356,0.345632365921164,Crystal Palace,Leicester City
5701.0,2016-03-19,West Bromwich Albion,Norwich City,1.2826777988888476,0.8837105700031063,0.45718404690432296,0.2862690140709637,0.2565468160109626,West Bromwich Albion,Norwich City
5711.0,2016-03-19,Watford,Stoke City,1.2456363584290482,0.9311855575658455,0.4349481010967379,0.28836986226262107,0.27668194173773614,Watford,Stoke City
5721.0,2016-03-19,Chelsea,West Ham United,2.1707769871248357,1.0339239500126884,0.6326282518635071,0.19742258858386266,0.16993160697434415,Chelsea,tie
5735.0,2016-03-19,Swansea City,Aston Villa,1.646063604875393,0.893943332963596,0.5510968065625923,0.24526888253835172,0.20363296444242182,Swansea City,Swansea City
5743.0,2016-03-20,Southampton,Liverpool,1.2826777988888476,1.5852921767139645,0.3092653016617225,0.2461702479317779,0.44456339192608585,Liverpool,Southampton
5752.0,2016-03-20,Newcastle United,Sunderland,1.3356505649518295,1.1148454297663717,0.41737250192039316,0.2711839490040753,0.3114433404429403,Newcastle United,tie
5762.0,2016-03-20,Tottenham Hotspur,AFC Bournemouth,1.590181849629055,1.0160456048275037,0.5070917501088649,0.25082271789891375,0.24208455382181743,Tottenham Hotspur,Tottenham Hotspur
5773.0,2016-03-20,Manchester City,Manchester United,1.899273509050888,1.278733674577859,0.5192300447616708,0.2236720240657122,0.25709266024722605,Manchester City,Manchester United
5783.0,2016-04-02,Aston Villa,Chelsea,1.2456363584290482,1.5759188947201181,0.3017647200093099,0.247838854796657,0.4503954485952705,Chelsea,Chelsea
5795.0,2016-04-02,West Ham United,Crystal Palace,1.5356632953930929,0.9867040251975594,0.5003782010738027,0.2565091929928562,0.24311190540266914,West Ham United,tie
5806.0,2016-04-02,AFC Bournemouth,Manchester City,1.3515862340895668,1.55733826592947,0.3312633931956037,0.24587757633550764,0.42285803842566616,Manchester City,Manchester City
5818.0,2016-04-02,Norwich City,Newcastle United,1.2530451793324975,0.8339871925529155,0.461043508070255,0.29176472231008205,0.2471916725897931,Norwich City,Norwich City
5828.0,2016-04-02,Stoke City,Swansea City,1.3591526811300199,0.9925727631786994,0.4521362961004551,0.2740298041474093,0.27383367849764373,Stoke City,tie
5841.0,2016-04-02,Arsenal,Watford,2.047922762032679,0.8386560177937395,0.6546150159507634,0.20142273539362798,0.14395192340598753,Arsenal,Arsenal
5851.0,2016-04-02,Sunderland,West Bromwich Albion,1.328214954954094,0.9150837380563773,0.46233526217835375,0.27997619258349504,0.25768837194623356,Sunderland,tie
5861.0,2016-04-02,Liverpool,Tottenham Hotspur,2.0846825665246276,1.2378471519798389,0.5685466127959491,0.2094505086591038,0.22199064869541194,Liverpool,tie
5871.0,2016-04-03,Leicester City,Southampton,1.5091090033845567,0.8787909246094352,0.5203057275090519,0.2604397042678736,0.21925398061688522,Leicester City,Leicester City
5882.0,2016-04-03,Manchester United,Everton,2.2470618650569985,0.9699793159646796,0.6621362259741049,0.1882535872464508,0.14958623990803677,Manchester United,Manchester United
5892.0,2016-04-09,West Ham United,Arsenal,1.3130111849907735,1.539511774319844,0.32500074617491437,0.24832332977183558,0.42667506431903196,Arsenal,tie
5904.0,2016-04-09,Aston Villa,AFC Bournemouth,1.4737329538983157,1.0890900993840882,0.4599786406782033,0.26026093668557465,0.2797599336867624,Aston Villa,AFC Bournemouth
5914.0,2016-04-09,Swansea City,Chelsea,1.3672366766932476,1.5578797149421706,0.3350072258531081,0.24530505114843748,0.4196867044328628,Chelsea,Swansea City
5925.0,2016-04-09,Watford,Everton,1.2456363584290482,1.202100340412574,0.3737973573116341,0.27334444935439395,0.3528580399900949,Watford,tie
5936.0,2016-04-09,Southampton,Newcastle United,1.4237016039648829,0.9419680483566587,0.48192347862477114,0.26885620102828917,0.2492199818827562,Southampton,Southampton
5948.0,2016-04-09,Crystal Palace,Norwich City,1.3203616812774177,0.9754094520074053,0.4455181701569428,0.27858486938125687,0.2758967929967609,Crystal Palace,Crystal Palace
5959.0,2016-04-09,Manchester City,West Bromwich Albion,1.9667008195314788,0.8436441928685825,0.636684698540028,0.20994542846701691,0.1533627530838674,Manchester City,Manchester City
5970.0,2016-04-10,Sunderland,Leicester City,1.1825406040461877,0.9699793159646796,0.4074189788170273,0.29292144464603337,0.2996595153353216,Sunderland,Leicester City
5981.0,2016-04-10,Liverpool,Stoke City,2.4381898163192233,1.0397120607630888,0.6810645908349919,0.17515662971189697,0.14372929645101526,Liverpool,Liverpool
5992.0,2016-04-10,Tottenham Hotspur,Manchester United,1.3835492002562866,1.271172966524855,0.3959520553169324,0.2602456293075867,0.3438019533220459,Tottenham Hotspur,Tottenham Hotspur
6004.0,2016-04-16,Norwich City,Sunderland,1.231377846596407,0.9419680483566587,0.42824479728199344,0.2893739861384901,0.282381130744939,Norwich City,Sunderland
6015.0,2016-04-16,Manchester United,Aston Villa,2.2337757687599384,0.8784854963572175,0.6809594106681391,0.18524624081409266,0.13377164786086768,Manchester United,Manchester United
6025.0,2016-04-16,Everton,Southampton,1.3672366766932476,0.9046089857591743,0.47576949696112364,0.27596055875852443,0.24826971607579132,Everton,tie
6036.0,2016-04-16,Newcastle United,Swansea City,1.2530451793324975,1.1408132014029937,0.3889899725351932,0.2764933144521463,0.33451657991806444,Newcastle United,Newcastle United
6046.0,2016-04-16,West Bromwich Albion,Watford,1.4655286347645957,0.8534130146317843,0.5152935302910557,0.26567647269505634,0.21902955418823433,West Bromwich Albion,Watford
6057.0,2016-04-16,Chelsea,Manchester City,2.0013069001645807,1.339463335367728,0.528247049966848,0.21643457566283966,0.25530983234443433,Chelsea,Manchester City
6068.0,2016-04-17,AFC Bournemouth,Liverpool,1.3672366766932476,1.9199401151995497,0.273662958700943,0.2219840671860397,0.5043470510170857,Liverpool,Liverpool
6079.0,2016-04-17,Leicester City,West Ham United,1.6272214947936066,0.9588761866601192,0.5302724498474971,0.2474360048508656,0.22229033489725813,Leicester City,tie
6090.0,2016-04-17,Arsenal,Crystal Palace,1.9105700461020145,0.9754094520074053,0.5923265831044482,0.21952853384045137,0.18813942934105624,Arsenal,tie
6100.0,2016-04-18,Stoke City,Tottenham Hotspur,1.3052478059249006,1.2889684761817235,0.37169401855872614,0.264246957386335,0.36405875538289445,Stoke City,Tottenham Hotspur
6146.0,2016-04-23,Liverpool,Newcastle United,2.301001197502968,0.8889667214467711,0.6907755934598062,0.17961040242523657,0.1295843990108604,Liverpool,tie
6168.0,2016-04-24,Sunderland,Arsenal,1.2604980665694383,1.5578797149421706,0.308635934035714,0.24872381088492865,0.4426393598911262,Arsenal,tie
1710843.0,2017-09-17,Chelsea,Arsenal,2.7385445928632834,1.461530222059671,0.6441244941070026,0.16964664461148865,0.1860928939302589,Chelsea,tie
1710844.0,2017-09-16,Crystal Palace,Southampton,1.2100851797667338,0.8632949526582734,0.4411113002228958,0.2957012028625539,0.2631874270406395,Crystal Palace,Southampton
1710846.0,2017-09-16,Liverpool,Burnley,2.0013069001645807,1.0890900993840882,0.5849444649756599,0.21367028524421228,0.20137686782540487,Liverpool,tie
1710847.0,2017-09-17,Manchester United,Everton,2.326836230003524,0.8684296756838308,0.700102472796781,0.1761955561608054,0.12366926834102064,Manchester United,Manchester United
1710848.0,2017-09-16,Newcastle United,Stoke City,1.5091090033845567,0.8486620367111316,0.5279759964328825,0.2606190973762171,0.21140431939658075,Newcastle United,Newcastle United
1710849.0,2017-09-16,Tottenham Hotspur,Swansea City,2.261212880693036,0.8735949391179333,0.6871454634144323,0.18245913958387341,0.13037006851386687,Tottenham Hotspur,tie
1710850.0,2017-09-16,Watford,Manchester City,1.2387018604373434,1.5764668037700083,0.2999498613144731,0.2479804584825799,0.452068705475993,Manchester City,Manchester City
1710851.0,2017-09-16,West Bromwich Albion,West Ham United,1.3125548412801777,0.9696421947235901,0.4447187008432631,0.2796145808426177,0.27566656032163134,West Bromwich Albion,tie
1710852.0,2017-09-25,Arsenal,West Bromwich Albion,2.273871597597236,0.8053943772092488,0.705378928562013,0.17760142723289568,0.11699301870049007,Arsenal,Arsenal
1710855.0,2017-09-23,Everton,AFC Bournemouth,1.2822319977007581,1.2160198387819583,0.3807929372361722,0.269976199598129,0.3492306724597869,Everton,Everton
1710856.0,2017-09-23,Leicester City,Liverpool,2.3537793994050418,1.5486685133131346,0.5561487241756403,0.1952345696900377,0.2485797308424403,Leicester City,Liverpool
1710857.0,2017-09-23,Manchester City,Crystal Palace,2.7232990263294408,0.7511160070241437,0.7872899580319317,0.13514428152266156,0.07743653826658155,Manchester City,Manchester City
1710858.0,2017-09-23,Southampton,Manchester United,1.1483909466544269,1.5309412623602459,0.28517219490595486,0.2538277932420826,0.46099930005347856,Manchester United,Manchester United
1710859.0,2017-09-23,Stoke City,Chelsea,1.2172825486570549,1.801198433996575,0.2580057641104541,0.23123253083393808,0.510758489845204,Chelsea,Chelsea
1710860.0,2017-09-23,Swansea City,Watford,1.562141717842248,0.8735949391179333,0.535276682441794,0.25447898195171015,0.2102435179892088,Swansea City,Watford
1710862.0,2017-09-30,AFC Bournemouth,Leicester City,1.4237016039648829,1.4697121572883063,0.3657144209445533,0.24800619589754405,0.3862785970463063,Leicester City,tie
1710864.0,2017-09-30,Chelsea,Manchester City,2.158692201259529,1.844435090113311,0.45802398257030497,0.20471829333442354,0.3372371252930379,Chelsea,Manchester City
1710865.0,2017-10-01,Everton,Burnley,1.1552213693482825,1.0890900993840882,0.3726721347358906,0.2876605990745712,0.3396671998372355,Everton,Burnley
1710867.0,2017-09-30,Manchester United,Crystal Palace,2.6134736243686514,0.7511160070241437,0.7720047517599122,0.14399007558865592,0.08391448950431993,Manchester United,Manchester United
1710868.0,2017-10-01,Newcastle United,Liverpool,1.4573699893414822,1.5309412623602459,0.3621136680631357,0.24336348323116488,0.39452175948312035,Liverpool,tie
1710869.0,2017-09-30,Stoke City,Southampton,1.2172825486570549,0.975070443494936,0.4163401638076205,0.2890943554646217,0.29456540123952196,Stoke City,Stoke City
1710870.0,2017-09-30,West Bromwich Albion,Watford,1.5802302486938318,0.9475707047979397,0.5213232448473716,0.2523125166197438,0.22636332264112893,West Bromwich Albion,tie
1710871.0,2017-09-30,West Ham United,Swansea City,1.231377846596407,0.9419680483566587,0.42824479728199344,0.2893739861384901,0.282381130744939,West Ham United,West Ham United
1710873.0,2017-10-14,Burnley,West Ham United,1.3830683406999829,0.8053943772092488,0.5052997281148608,0.2763335484778234,0.21836647105001106,Burnley,tie
1710874.0,2017-10-14,Crystal Palace,Chelsea,1.1156152080189674,2.193635235829013,0.18350414609421714,0.19808247625137534,0.6183940687260224,Chelsea,Crystal Palace
1710875.0,2017-10-16,Leicester City,West Bromwich Albion,2.071636304561878,0.9256797808088102,0.638319950497794,0.20259444122168344,0.15907413455528982,Leicester City,tie
1710876.0,2017-10-14,Liverpool,Manchester United,1.9783984020915706,1.7195342577376367,0.44441930047964695,0.21445484680354673,0.34111630298689555,Liverpool,tie
1710877.0,2017-10-14,Manchester City,Stoke City,3.075899356524434,0.8486620367111316,0.8123646183908961,0.11648473601592936,0.07079110967234903,Manchester City,Manchester City
1710878.0,2017-10-15,Southampton,Newcastle United,1.1685980413500576,1.0100380800869242,0.3941267867808409,0.2918000555700787,0.31407309869933997,Southampton,tie
1710880.0,2017-10-14,Tottenham Hotspur,AFC Bournemouth,2.539766291487114,0.8992603470399295,0.7288744583380481,0.15954054643475207,0.11151425754764023,Tottenham Hotspur,Tottenham Hotspur
1710881.0,2017-10-14,Watford,Arsenal,1.2679952822384921,1.6036487740186405,0.30243653888836797,0.2452674580631314,0.4522948483266156,Arsenal,Watford
1710882.0,2017-10-21,Chelsea,Watford,2.354597751820702,1.0642996753622316,0.6606427383002244,0.183031469260614,0.15628943641854562,Chelsea,Chelsea
1710883.0,2017-10-22,Everton,Arsenal,1.231377846596407,1.4528887015153065,0.32032520062539815,0.257206559776786,0.4224677538756128,Arsenal,Arsenal
1710885.0,2017-10-21,Manchester City,Burnley,2.7877009212622212,0.9150837380563773,0.7626812548282005,0.1410391591260656,0.09612185925598349,Manchester City,Manchester City
1710886.0,2017-10-21,Newcastle United,Crystal Palace,1.5990840021121426,0.893943332963596,0.5394543963769981,0.25038949541633393,0.2101550856629753,Newcastle United,Newcastle United
1710887.0,2017-10-21,Southampton,West Bromwich Albion,1.2675545840336868,0.9867040251975594,0.42799803704206385,0.283429195493436,0.28857265177678515,Southampton,Southampton
1710888.0,2017-10-21,Stoke City,AFC Bournemouth,1.2604980665694383,1.14719969932207,0.3896550136921425,0.2755442451384499,0.33480060017618735,Stoke City,AFC Bournemouth
1710889.0,2017-10-21,Swansea City,Leicester City,1.2172825486570549,1.271172966524855,0.351802167942445,0.2706613794258332,0.37753627097638,Leicester City,Leicester City
1710890.0,2017-10-22,Tottenham Hotspur,Liverpool,2.382690496817091,1.3952661950600378,0.5937924559022318,0.1909876074922827,0.21517929611530007,Tottenham Hotspur,Tottenham Hotspur
5320658.0,2015-09-12,Manchester United,Liverpool,1.7811907091173167,1.2203331433091915,0.5054249061525691,0.23277015205978727,0.26180203744956776,Manchester United,Manchester United
