fixture_id,time.starting_at.date,Team.data.name,op_Team.data.name,gs_expected_score,gs_op_expected_score,gs_local_prob,gs_tie_prob,gs_visitor_prob,google_predicted,google_op_predicted,gs_expected_winner,google_expected_winner,winner
2578,2016-09-16,Chelsea,Liverpool,2.0893142601,1.5499762853,0.5022046904,0.2107352912,0.2870468688,0.7787448933,0.2212551067,Chelsea,Chelsea,Liverpool
2589,2016-09-17,Hull City,Arsenal,1.2622799707,1.4927341683,0.3208573108,0.2532428939,0.4258991662,0.479554817,0.520445183,Arsenal,Arsenal,Arsenal
2600,2016-09-17,Leicester City,Burnley,2.1853718638,0.964754393,0.6515798947,0.1935528799,0.1548485852,0.6557714323,0.3442285677,Leicester City,Leicester City,Leicester City
2610,2016-09-17,Manchester City,AFC Bournemouth,2.2025619803,0.9364335741,0.6615088533,0.1908082622,0.1476628814,0.9053724375,0.0946275625,Manchester City,Manchester City,Manchester City
2622,2016-09-17,West Bromwich Albion,West Ham United,1.4392324028,1.0445162853,0.4613701292,0.2646457672,0.2739837181,0.670655189,0.329344811,West Bromwich Albion,West Bromwich Albion,West Bromwich Albion
2634,2016-09-17,Everton,Middlesbrough,1.3867945948,0.8148899244,0.5038735971,0.2757022037,0.2204239401,0.8496556521,0.1503443479,Everton,Everton,Everton
2645,2016-09-18,Watford,Manchester United,1.4399742299,1.6580874106,0.3342545213,0.2371038832,0.4286397843,0.3304932594,0.6695067406,Manchester United,Manchester United,Watford
2656,2016-09-18,Crystal Palace,Stoke City,1.3759712169,0.8850404223,0.4830558124,0.2754903485,0.2414535973,0.7491908121,0.2508091879,Crystal Palace,Crystal Palace,Crystal Palace
2666,2016-09-18,Southampton,Swansea City,1.7182063815,1.0325781359,0.5344257513,0.2385658545,0.2270063634,0.6859719847,0.3140280153,Southampton,Southampton,Southampton
2678,2016-09-18,Tottenham Hotspur,Sunderland,2.2691746698,0.9871913607,0.6623193314,0.1870454992,0.1506090245,0.8819623864,0.1180376136,Tottenham Hotspur,Tottenham Hotspur,Tottenham Hotspur
2688,2016-09-24,Manchester United,Leicester City,2.1853718638,1.6895798119,0.4937701206,0.2049529008,0.3012566248,0.7589253561,0.2410746439,Manchester United,Manchester United,Manchester United
2698,2016-09-24,AFC Bournemouth,Everton,1.1886454217,1.138593955,0.3714988522,0.2816018175,0.3468992367,0.2288716082,0.7711283918,AFC Bournemouth,Everton,AFC Bournemouth
2710,2016-09-24,Liverpool,Hull City,2.3207519095,0.9018501803,0.6913432674,0.1784956302,0.1301291523,0.8095932034,0.1904067966,Liverpool,Liverpool,Liverpool
2721,2016-09-24,Middlesbrough,Tottenham Hotspur,1.140565531,1.6580874106,0.2621899857,0.2433936677,0.4944148695,0.2639434557,0.7360565443,Tottenham Hotspur,Tottenham Hotspur,Tottenham Hotspur
2732,2016-09-24,Stoke City,West Bromwich Albion,1.2669083271,1.1773298683,0.3848920884,0.2733147436,0.3417930101,0.6083482765,0.3916517235,Stoke City,Stoke City,tie
2744,2016-09-24,Sunderland,Crystal Palace,1.3355789347,1.0363642529,0.4353360514,0.2746275319,0.2900362237,0.3900243621,0.6099756379,Sunderland,Crystal Palace,Crystal Palace
2755,2016-09-24,Swansea City,Manchester City,1.2815556844,1.7746535492,0.2770859301,0.2327486533,0.4901625627,0.1219046939,0.8780953061,Manchester City,Manchester City,Manchester City
2767,2016-09-24,Arsenal,Chelsea,2.3561910755,1.5499762853,0.5563496394,0.1951049769,0.2485080714,0.6044273449,0.3955726551,Arsenal,Arsenal,Arsenal
2777,2016-09-25,West Ham United,Southampton,1.4951931531,1.4210555672,0.3931187751,0.2467767825,0.3601035805,0.5510547883,0.4489452117,West Ham United,West Ham United,Southampton
2787,2016-09-26,Burnley,Watford,1.2201201824,1.1822558003,0.3709803215,0.2763983683,0.3526211832,0.5625697986,0.4374302014,Burnley,Burnley,Burnley
2799,2016-09-30,Everton,Crystal Palace,1.5006755239,0.9908110597,0.4903454208,0.2599437614,0.2497102544,0.6779903715,0.3220096285,Everton,Everton,tie
2809,2016-10-01,Swansea City,Liverpool,1.360945865,1.7153806307,0.3055045569,0.2355869432,0.4589062994,0.1507864914,0.8492135086,Liverpool,Liverpool,Liverpool
2820,2016-10-01,Hull City,Chelsea,1.4021053262,1.9193953978,0.2814855289,0.2218219887,0.4966865118,0.2905888645,0.7094111355,Chelsea,Chelsea,Chelsea
2830,2016-10-01,Sunderland,West Bromwich Albion,1.4452541315,1.0170472613,0.4694860112,0.2648238713,0.2656897204,0.4984572131,0.5015427869,Sunderland,West Bromwich Albion,tie
2842,2016-10-01,Watford,AFC Bournemouth,1.5936398034,0.9398671613,0.5266057272,0.2509438223,0.2224494585,0.565494055,0.434505945,Watford,Watford,tie
2852,2016-10-01,West Ham United,Middlesbrough,1.599483145,1.1297076839,0.4825193778,0.2484916619,0.2689879043,0.6232991522,0.3767008478,West Ham United,West Ham United,tie
2862,2016-10-02,Manchester United,Stoke City,2.3648304363,0.9794867265,0.6815410699,0.1784606765,0.1399604825,0.89952364,0.10047636,Manchester United,Manchester United,tie
2874,2016-10-02,Leicester City,Southampton,1.8526655681,1.2509078644,0.5149564675,0.2271816355,0.2578577126,0.4350507346,0.5649492654,Leicester City,Southampton,tie
2885,2016-10-02,Tottenham Hotspur,Manchester City,1.8594586701,1.6966489907,0.4230412078,0.2201489988,0.3568037709,0.5823022666,0.4176977334,Tottenham Hotspur,Tottenham Hotspur,Tottenham Hotspur
2895,2016-10-02,Burnley,Arsenal,1.1664900324,1.6772573838,0.2654147737,0.2415048853,0.4930786887,0.1402981169,0.8597018831,Arsenal,Arsenal,Arsenal
2903,2016-10-15,Chelsea,Leicester City,2.1446382997,1.4159832106,0.542002439,0.2071157455,0.2508657829,0.8653941709,0.1346058291,Chelsea,Chelsea,Chelsea
2914,2016-10-15,AFC Bournemouth,Hull City,1.5517297533,0.8850404223,0.5297216372,0.2556251645,0.214652431,0.6817412238,0.3182587762,AFC Bournemouth,AFC Bournemouth,AFC Bournemouth
2928,2016-10-15,Arsenal,Swansea City,2.5496769961,0.9296039853,0.723867503,0.1604633798,0.115595937,0.9597946294,0.0402053706,Arsenal,Arsenal,Arsenal
2939,2016-10-15,Manchester City,Everton,2.2526251458,1.0721745756,0.6397698009,0.1917734897,0.1684322126,0.6654316952,0.3345683048,Manchester City,Manchester City,tie
2949,2016-10-15,Stoke City,Sunderland,1.3709444244,1.0096297415,0.4512977124,0.2722674273,0.2764346186,0.7200230944,0.2799769056,Stoke City,Stoke City,Stoke City
2959,2016-10-15,West Bromwich Albion,Tottenham Hotspur,1.2342265987,1.4376060578,0.3239046558,0.2581871909,0.4179077052,0.1780064159,0.8219935841,Tottenham Hotspur,Tottenham Hotspur,tie
2971,2016-10-15,Crystal Palace,West Ham United,1.5061779967,1.0325781359,0.4817210642,0.2586291933,0.2596491546,0.7390403379,0.2609596621,Crystal Palace,Crystal Palace,West Ham United
2981,2016-10-16,Middlesbrough,Watford,1.3969830588,1.0925386117,0.4389510756,0.2668825632,0.2941660598,0.6289788085,0.3710211915,Middlesbrough,Middlesbrough,Watford
2991,2016-10-16,Southampton,Burnley,1.4079717157,0.8148899244,0.5096843521,0.2730802544,0.2172350933,0.8533253627,0.1466746373,Southampton,Southampton,Southampton
3004,2016-10-17,Liverpool,Manchester United,2.2106380349,1.5210859809,0.5333413542,0.2035927155,0.2630446309,0.7779118898,0.2220881102,Liverpool,Liverpool,tie
3014,2016-10-22,AFC Bournemouth,Tottenham Hotspur,1.3306997061,1.4702821463,0.3423480035,0.2520570033,0.405594366,0.447482761,0.552517239,Tottenham Hotspur,Tottenham Hotspur,tie
3023,2016-10-22,Arsenal,Middlesbrough,2.3390069242,0.9189792096,0.6906716355,0.1777467426,0.1315473635,0.9187176428,0.0812823572,Arsenal,Arsenal,tie
3033,2016-10-22,Burnley,Everton,1.2156627557,1.1173714845,0.3836883885,0.2808650457,0.3354464645,0.4029630626,0.5970369374,Burnley,Everton,Burnley
3044,2016-10-22,Hull City,Stoke City,1.1886454217,1.1996911409,0.3586076232,0.2774151291,0.3639771289,0.4115689482,0.5884310518,Stoke City,Stoke City,Stoke City
3054,2016-10-22,Leicester City,Crystal Palace,1.8314907921,1.0521901086,0.5561596897,0.228197488,0.2156391312,0.4725657064,0.5274342936,Leicester City,Crystal Palace,Leicester City
3065,2016-10-22,Swansea City,Watford,1.360945865,1.2091279012,0.4033198441,0.2647862802,0.3318935939,0.532448294,0.467551706,Swansea City,Swansea City,tie
3075,2016-10-22,West Ham United,Sunderland,1.4183157633,0.9156219317,0.4869794582,0.2700296073,0.2429906094,0.7779766501,0.2220233499,West Ham United,West Ham United,West Ham United
3085,2016-10-22,Liverpool,West Bromwich Albion,2.1289970432,0.9156219317,0.6521736085,0.1967549623,0.1510567182,0.9359403809,0.0640596191,Liverpool,Liverpool,Liverpool
3097,2016-10-23,Manchester City,Southampton,2.1212192451,1.0925386117,0.6091462953,0.2034795339,0.1873599202,0.4133381052,0.5866618948,Manchester City,Southampton,tie
3106,2016-10-23,Chelsea,Manchester United,1.9307636305,1.3744163576,0.5051861992,0.2212269912,0.2735805702,0.5682504159,0.4317495841,Chelsea,Chelsea,Chelsea
3119,2016-10-29,Sunderland,Arsenal,1.2387520929,1.7091138844,0.2776022106,0.2380982882,0.4842974977,0.214184879,0.785815121,Arsenal,Arsenal,Arsenal
3130,2016-10-29,Manchester United,Burnley,2.1446382997,0.9980903229,0.6357987725,0.1984817271,0.1657037739,0.8826480395,0.1173519605,Manchester United,Manchester United,tie
3140,2016-10-29,Middlesbrough,AFC Bournemouth,1.1886454217,0.950733433,0.4137140335,0.2934264394,0.2928594644,0.4615249411,0.5384750589,Middlesbrough,AFC Bournemouth,Middlesbrough
3152,2016-10-29,Tottenham Hotspur,Leicester City,2.0654347418,1.2794480464,0.5552135804,0.2114241411,0.2333510019,0.7714459473,0.2285540527,Tottenham Hotspur,Tottenham Hotspur,tie
3162,2016-10-29,Watford,Hull City,1.8104056896,0.8303672993,0.605950961,0.2261883147,0.1678574254,0.7643157339,0.2356842661,Watford,Watford,Watford
3172,2016-10-29,West Bromwich Albion,Manchester City,1.3106848235,1.6459946626,0.3054631454,0.2412877533,0.4532476101,0.3302241654,0.6697758346,Manchester City,Manchester City,Manchester City
3183,2016-10-29,Crystal Palace,Liverpool,1.3058965398,1.7153806307,0.2925065812,0.236616517,0.4708747728,0.2268998937,0.7731001063,Liverpool,Liverpool,Liverpool
3195,2016-10-30,Everton,West Ham United,1.3258383027,0.9944440308,0.4425078056,0.2772757043,0.2802163143,0.5742252082,0.4257747918,Everton,Everton,Everton
3206,2016-10-30,Southampton,Chelsea,1.3011257489,1.5499762853,0.3201457181,0.2480237398,0.4318296477,0.6256772268,0.3743227732,Chelsea,Southampton,Chelsea
3216,2016-10-31,Stoke City,Swansea City,1.3659359962,0.8461386392,0.4900973556,0.2776083577,0.2322940623,0.7767717391,0.2232282609,Stoke City,Stoke City,Stoke City
3227,2016-11-05,AFC Bournemouth,Sunderland,1.5117006452,0.8850404223,0.5193998685,0.2601016621,0.2204978718,0.8653504141,0.1346495859,AFC Bournemouth,AFC Bournemouth,Sunderland
3238,2016-11-05,Burnley,Crystal Palace,1.5228067656,0.9687909121,0.5014448184,0.2580439665,0.2405105698,0.5025541472,0.4974458528,Burnley,Burnley,Burnley
3698,2016-11-05,Manchester City,Middlesbrough,2.1134698614,0.8818071319,0.6572022813,0.1968089805,0.1459749747,0.8027943609,0.1972056391,Manchester City,Manchester City,tie
4018,2016-11-05,West Ham United,Stoke City,1.2342265987,0.9723431428,0.4218656541,0.2875158259,0.2906184303,0.6463877934,0.3536122066,West Ham United,West Ham United,tie
4380,2016-11-05,Chelsea,Everton,2.1694335297,0.9472601484,0.6525921315,0.1942936043,0.1530968178,0.817058229,0.182941771,Chelsea,Chelsea,Chelsea
4403,2016-11-06,Arsenal,Tottenham Hotspur,2.1615080063,1.3285112462,0.5644032298,0.2050718252,0.2305079028,0.7677855985,0.2322144015,Arsenal,Arsenal,tie
4427,2016-11-06,Hull City,Southampton,1.2909709822,0.9944440308,0.4327796273,0.2807365498,0.2864836854,0.276318945,0.723681055,Hull City,Southampton,Hull City
4453,2016-11-06,Liverpool,Watford,2.1134698614,1.0521901086,0.6169171729,0.203000819,0.1800682306,0.8118591448,0.1881408552,Liverpool,Liverpool,Liverpool
4481,2016-11-06,Swansea City,Manchester United,1.3709444244,1.4159832106,0.3630580218,0.253415831,0.3835256008,0.2516061517,0.7483938483,Manchester United,Manchester United,Manchester United
4507,2016-11-06,Leicester City,West Bromwich Albion,2.1603944689,0.9364335741,0.6533846632,0.1946811859,0.1519173516,0.7960197937,0.2039802063,Leicester City,Leicester City,West Bromwich Albion
4533,2016-11-19,Manchester United,Arsenal,1.8662766801,1.5155290452,0.4609059173,0.2236823112,0.3154067828,0.6649273057,0.3350726943,Manchester United,Manchester United,tie
4559,2016-11-19,Crystal Palace,Manchester City,1.3817282616,2.0160408114,0.2622633781,0.2155079305,0.5222195017,0.2428677717,0.7571322283,Manchester City,Manchester City,Manchester City
4586,2016-11-19,Everton,Swansea City,1.6358386211,1.0401642523,0.5126354003,0.24628681,0.2410765089,0.7456505842,0.2543494158,Everton,Everton,tie
4612,2016-11-19,Southampton,Liverpool,1.3659359962,1.8845902984,0.2788913877,0.2243621428,0.4967414512,0.5338011593,0.4661988407,Liverpool,Southampton,tie
4638,2016-11-19,Stoke City,AFC Bournemouth,1.4505533927,0.9723431428,0.4816682473,0.2653709459,0.2529604001,0.6249710034,0.3750289966,Stoke City,Stoke City,AFC Bournemouth
4668,2016-11-19,Sunderland,Hull City,1.2387520929,1.0207764319,0.4118832234,0.2844949238,0.3036217552,0.5081526535,0.4918473465,Sunderland,Sunderland,Sunderland
4693,2016-11-19,Watford,Leicester City,1.4452541315,1.572834591,0.3512159909,0.2416400855,0.4071426683,0.653509568,0.346490432,Leicester City,Watford,Watford
4724,2016-11-19,Tottenham Hotspur,West Ham United,1.9818893254,0.9364335741,0.6171444421,0.2116011144,0.1712467972,0.610503134,0.389496866,Tottenham Hotspur,Tottenham Hotspur,Tottenham Hotspur
4751,2016-11-20,Middlesbrough,Chelsea,1.1622285309,1.6035338552,0.2763864015,0.2475835804,0.4760289261,0.1158306651,0.8841693349,Chelsea,Chelsea,Chelsea
4778,2016-11-21,West Bromwich Albion,Burnley,1.3106848235,1.080051598,0.4184299823,0.2749408456,0.3066290018,0.544489761,0.455510239,West Bromwich Albion,West Bromwich Albion,West Bromwich Albion
4804,2016-11-26,Burnley,Manchester City,1.2622799707,1.8630506433,0.2588599762,0.2263769096,0.5147587023,0.2275557148,0.7724442852,Manchester City,Manchester City,Manchester City
4831,2016-11-26,Hull City,West Bromwich Albion,1.1447476015,1.0965445836,0.3680424532,0.2879882858,0.3439691966,0.7178070284,0.2821929716,Hull City,Hull City,tie
4857,2016-11-26,Leicester City,Middlesbrough,1.8662766801,0.961229886,0.585961577,0.2235166399,0.190517397,0.767740514,0.232259486,Leicester City,Leicester City,tie
4885,2016-11-26,Liverpool,Sunderland,2.2870239785,0.8985554794,0.6860380606,0.1813601184,0.1325737836,0.9451248866,0.0548751134,Liverpool,Liverpool,Liverpool
4912,2016-11-26,Swansea City,Crystal Palace,1.4558720845,1.1602195083,0.4390406862,0.2595666207,0.3013922351,0.6569615568,0.3430384432,Swansea City,Swansea City,Swansea City
4948,2016-11-26,Chelsea,Tottenham Hotspur,2.3475832766,1.3236578378,0.6023635657,0.1918208133,0.2057800705,0.8969466066,0.1030533934,Chelsea,Chelsea,Chelsea
4979,2016-11-27,Watford,Stoke City,1.4131342748,1.173028766,0.4250147831,0.2624603712,0.3125244863,0.589646964,0.410353036,Watford,Watford,Stoke City
5003,2016-11-27,Arsenal,AFC Bournemouth,2.2106380349,0.9908110597,0.6503861891,0.1923339181,0.1572592153,0.6538871504,0.3461128496,Arsenal,Arsenal,Arsenal
5032,2016-11-27,Manchester United,West Ham United,1.9891562475,0.954219453,0.6143807229,0.2114390599,0.1741723079,0.8368645409,0.1631354591,Manchester United,Manchester United,tie
5062,2016-11-27,Southampton,Everton,1.5460608677,0.9908110597,0.5020401625,0.2554194863,0.242539604,0.6196240866,0.3803759134,Southampton,Southampton,Southampton
5093,2016-12-03,Manchester City,Chelsea,2.0428805754,1.609413475,0.4801744314,0.212891126,0.3069232654,0.5546366306,0.4453633694,Manchester City,Manchester City,Chelsea
5118,2016-12-03,Crystal Palace,Southampton,1.429472223,1.173028766,0.4292924343,0.2611893067,0.309517863,0.262916197,0.737083803,Crystal Palace,Southampton,Crystal Palace
5145,2016-12-03,Stoke City,Burnley,1.5754255254,0.8985554794,0.5323384429,0.2529802404,0.2146804294,0.8327914475,0.1672085525,Stoke City,Stoke City,Stoke City
5171,2016-12-03,Sunderland,Leicester City,1.3709444244,1.3587076625,0.374533525,0.2565450701,0.3689209631,0.4260559967,0.5739440033,Sunderland,Leicester City,Sunderland
5198,2016-12-03,Tottenham Hotspur,Swansea City,2.2350443064,1.0965445836,0.6308441355,0.194069284,0.1750637411,0.780939369,0.219060631,Tottenham Hotspur,Tottenham Hotspur,Tottenham Hotspur
5223,2016-12-03,West Bromwich Albion,Watford,1.4131342748,0.9687909121,0.4725284948,0.2692950814,0.2581761067,0.5451540527,0.4548459473,West Bromwich Albion,West Bromwich Albion,West Bromwich Albion
5249,2016-12-03,West Ham United,Arsenal,1.3106848235,1.7479612141,0.2882281989,0.2342754997,0.4774937814,0.4901222287,0.5098777713,Arsenal,Arsenal,Arsenal
5258,2016-12-04,AFC Bournemouth,Liverpool,1.2530739219,1.842706474,0.2598673084,0.2279250961,0.5122036101,0.2163957265,0.7836042735,Liverpool,Liverpool,AFC Bournemouth
5269,2016-12-04,Everton,Manchester United,1.3355789347,1.3333824505,0.3705488224,0.2599194673,0.3695313559,0.2471509755,0.7528490245,Everton,Manchester United,tie
5279,2016-12-05,Middlesbrough,Hull City,1.3709444244,0.9223487975,0.4724048835,0.2750493988,0.2525454826,0.5648765378,0.4351234622,Middlesbrough,Middlesbrough,Middlesbrough
5357,2016-12-11,Chelsea,West Bromwich Albion,2.2526251458,1.0885472747,0.6360533397,0.1923453933,0.1715767669,0.8589007941,0.1410992059,Chelsea,Chelsea,Chelsea
5367,2016-12-11,Manchester United,Tottenham Hotspur,1.8314907921,1.4649108106,0.4636241695,0.226516355,0.3098553621,0.3680230281,0.6319769719,Manchester United,Tottenham Hotspur,Manchester United
5379,2016-12-11,Southampton,Middlesbrough,1.2862547184,0.957718255,0.4401776149,0.2828387,0.2769835551,0.7443894226,0.2556105774,Southampton,Southampton,Southampton
5389,2016-12-11,Liverpool,West Ham United,2.8114548565,1.0170472613,0.7454548681,0.1453082959,0.1090673223,0.953436527,0.046563473,Liverpool,Liverpool,tie
5399,2016-12-13,AFC Bournemouth,Leicester City,1.6239081378,1.6331483318,0.3820675647,0.2319460981,0.3859839103,0.8042883994,0.1957116006,Leicester City,AFC Bournemouth,AFC Bournemouth
5412,2016-12-13,Everton,Arsenal,1.2622799707,1.8149905636,0.2662499442,0.2299526171,0.5037939598,0.5077735165,0.4922264835,Arsenal,Everton,Everton
5422,2016-12-14,Middlesbrough,Liverpool,1.4612102781,1.6650248256,0.3380251555,0.2360875629,0.4258853556,0.3220819843,0.6779180157,Liverpool,Liverpool,Liverpool
5432,2016-12-14,Sunderland,Chelsea,1.2576685229,1.7811606073,0.2704925273,0.2324996684,0.4970048749,0.4986424702,0.5013575298,Chelsea,Chelsea,Chelsea
5442,2016-12-14,West Ham United,Burnley,1.3969830588,1.1953083469,0.4158437342,0.2627686179,0.321387311,0.6093917886,0.3906082114,West Ham United,West Ham United,West Ham United
5451,2016-12-14,Crystal Palace,Manchester United,1.4897308108,1.3895904287,0.398205684,0.2484281868,0.3533653498,0.3310090899,0.6689909101,Crystal Palace,Manchester United,Manchester United
5464,2016-12-14,West Bromwich Albion,Swansea City,1.5696700727,1.0288058506,0.4988555255,0.2526503682,0.2484932395,0.7578135075,0.2421864925,West Bromwich Albion,West Bromwich Albion,West Bromwich Albion
5474,2016-12-14,Manchester City,Watford,2.2774949707,1.173028766,0.6218597558,0.1930448358,0.1850683523,0.8979819022,0.1020180978,Manchester City,Manchester City,Manchester City
5485,2016-12-14,Stoke City,Southampton,1.4452541315,0.9759083983,0.4793940866,0.2658314998,0.2547740205,0.5525023907,0.4474976093,Stoke City,Stoke City,tie
5494,2016-12-14,Tottenham Hotspur,Hull City,2.1446382997,0.8653709601,0.6672159762,0.1930630088,0.139705296,0.9447368043,0.0552631957,Tottenham Hotspur,Tottenham Hotspur,Tottenham Hotspur
5506,2016-12-17,Crystal Palace,Chelsea,1.3766804371,1.8915004576,0.2802104987,0.2238250189,0.4959592805,0.3420310389,0.6579689611,Chelsea,Chelsea,Chelsea
5516,2016-12-17,Middlesbrough,Swansea City,1.2669083271,1.1173714845,0.3979755674,0.2767217746,0.325302521,0.7713856685,0.2286143315,Middlesbrough,Middlesbrough,Middlesbrough
5526,2016-12-17,Stoke City,Leicester City,1.4183157633,1.4159832106,0.3750066258,0.2510383279,0.3739544096,0.8029733812,0.1970266188,Stoke City,Stoke City,tie
5538,2016-12-17,Sunderland,Watford,1.3709444244,1.0363642529,0.4449896914,0.2713092145,0.2837008492,0.6649727999,0.3350272001,Sunderland,Sunderland,Sunderland
5548,2016-12-17,West Ham United,Hull City,1.5460608677,0.8850404223,0.5282707625,0.2562572108,0.2154712857,0.529849567,0.470150433,West Ham United,West Ham United,West Ham United
5559,2016-12-17,West Bromwich Albion,Manchester United,1.3817282616,1.2841393524,0.3927391625,0.259731891,0.3475285761,0.274036918,0.725963082,West Bromwich Albion,Manchester United,Manchester United
5569,2016-12-18,AFC Bournemouth,Southampton,1.3766804371,0.9223487975,0.473980763,0.274422602,0.2515963904,0.445198356,0.554801644,AFC Bournemouth,Southampton,Southampton
5583,2016-12-18,Manchester City,Arsenal,2.0578891538,1.7479612141,0.4557469018,0.2104326888,0.3338072457,0.7750733873,0.2249266127,Manchester City,Manchester City,Manchester City
5592,2016-12-18,Tottenham Hotspur,Burnley,2.0969750733,0.8985554794,0.6499172012,0.1991050688,0.1509649129,0.9824899068,0.0175100932,Tottenham Hotspur,Tottenham Hotspur,Tottenham Hotspur
5603,2016-12-19,Everton,Liverpool,1.3106848235,1.8149905636,0.2773724163,0.2295848467,0.4930392122,0.3353669475,0.6646330525,Liverpool,Liverpool,Liverpool
5615,2016-12-26,Watford,Crystal Palace,1.3154906643,1.1132894263,0.412237487,0.2729349233,0.3148274062,0.5740783885,0.4259216115,Watford,Watford,tie
5627,2016-12-26,Arsenal,West Bromwich Albion,2.3038262228,1.1173714845,0.6393203047,0.1891593994,0.1714903373,0.7611591761,0.2388408239,Arsenal,Arsenal,Arsenal
5636,2016-12-26,Burnley,Middlesbrough,1.3659359962,0.957718255,0.4623826867,0.2745113772,0.2631057071,0.3181062751,0.6818937249,Burnley,Middlesbrough,Burnley
5645,2016-12-26,Chelsea,AFC Bournemouth,2.3475832766,0.9835848855,0.6775256529,0.1801210784,0.1423178733,0.7592204978,0.2407795022,Chelsea,Chelsea,Chelsea
5657,2016-12-26,Leicester City,Everton,1.9378430918,0.9759083983,0.5981569633,0.2169314957,0.1849053233,0.4655517154,0.5344482846,Leicester City,Everton,Everton
5668,2016-12-26,Manchester United,Sunderland,1.7246515793,0.8818071319,0.5730900626,0.2366330163,0.1902748288,0.8216893379,0.1783106621,Manchester United,Manchester United,Manchester United
5681,2016-12-26,Swansea City,West Ham United,1.2768738172,1.1255805583,0.3989111011,0.2754634506,0.3256253005,0.6173759174,0.3826240826,Swansea City,Swansea City,West Ham United
5693,2016-12-26,Hull City,Manchester City,1.1664900324,1.6212374693,0.2745092096,0.2460674301,0.479422151,0.2660420651,0.7339579349,Manchester City,Manchester City,Manchester City
5704,2016-12-27,Liverpool,Stoke City,2.2526251458,0.9296039853,0.6725275858,0.1859606145,0.1414873184,0.8123105415,0.1876894585,Liverpool,Liverpool,Liverpool
5714,2016-12-28,Southampton,Tottenham Hotspur,1.2342265987,1.4056561747,0.3299285379,0.2604485531,0.4096225326,0.4410932322,0.5589067678,Tottenham Hotspur,Tottenham Hotspur,Tottenham Hotspur
5726,2016-12-30,Hull City,Everton,1.1447476015,1.0363642529,0.3812377334,0.2922533447,0.3265088685,0.4853836166,0.5146163834,Hull City,Everton,tie
5736,2016-12-31,Burnley,Sunderland,1.3659359962,0.9364335741,0.4675683562,0.2751757239,0.2572556922,0.5195802078,0.4804197922,Burnley,Burnley,Burnley
5745,2016-12-31,Chelsea,Stoke City,2.6571571784,0.9122769188,0.7442675888,0.1508576678,0.1047701061,0.8627336826,0.1372663174,Chelsea,Chelsea,Chelsea
5756,2016-12-31,Leicester City,West Ham United,1.8594586701,1.0965445836,0.5520085225,0.2261281348,0.2218590848,0.3294288574,0.6705711426,Leicester City,West Ham United,Leicester City
5766,2016-12-31,Manchester United,Middlesbrough,1.8247998643,0.8818071319,0.5962506273,0.2259657217,0.1777800973,0.8774450543,0.1225549457,Manchester United,Manchester United,Manchester United
5775,2016-12-31,Southampton,West Bromwich Albion,1.2909709822,1.1427687964,0.3989894346,0.2734142057,0.3275961933,0.846269922,0.153730078,Southampton,Southampton,West Bromwich Albion
5787,2016-12-31,Swansea City,AFC Bournemouth,1.6053479122,1.173028766,0.4740078328,0.2472344921,0.2787565673,0.402934115,0.597065885,Swansea City,AFC Bournemouth,AFC Bournemouth
5799,2016-12-31,Liverpool,Manchester City,2.3304619036,1.4872808094,0.5643296005,0.1959276038,0.2397091308,0.7188071237,0.2811928763,Liverpool,Liverpool,Liverpool
5809,2017-01-01,Watford,Tottenham Hotspur,1.2622799707,1.5499762853,0.3104873555,0.2492311706,0.440280615,0.2260823286,0.7739176714,Tottenham Hotspur,Tottenham Hotspur,Tottenham Hotspur
5820,2017-01-01,Arsenal,Crystal Palace,2.1289970432,1.0885472747,0.6116456936,0.2027105234,0.1856290525,0.7324831808,0.2675168192,Arsenal,Arsenal,Arsenal
5831,2017-01-02,Middlesbrough,Leicester City,1.2862547184,1.4159832106,0.3414243444,0.2574255083,0.4011497079,0.6273156373,0.3726843627,Leicester City,Middlesbrough,tie
5842,2017-01-02,Everton,Southampton,1.5754255254,0.9018501803,0.5315098211,0.2529753757,0.2155139157,0.6119803952,0.3880196048,Everton,Everton,Everton
5853,2017-01-02,Manchester City,Burnley,2.0048029336,0.950733433,0.6185162877,0.2098362615,0.1716389514,0.8793349447,0.1206650553,Manchester City,Manchester City,Manchester City
5863,2017-01-02,Sunderland,Liverpool,1.2576685229,2.1331096919,0.2197120642,0.2060927591,0.5741801109,0.1790072878,0.8209927122,Liverpool,Liverpool,tie
5875,2017-01-02,West Bromwich Albion,Hull City,1.599483145,0.9018501803,0.5375641444,0.2503564859,0.2120783444,0.5898600328,0.4101399672,West Bromwich Albion,West Bromwich Albion,West Bromwich Albion
5887,2017-01-02,West Ham United,Manchester United,1.360945865,1.4376060578,0.3562805059,0.2526702288,0.3910486848,0.3070189276,0.6929810724,Manchester United,Manchester United,Manchester United
5898,2017-01-03,AFC Bournemouth,Arsenal,1.2768738172,1.6772573838,0.2919873029,0.2398229612,0.4681880156,0.5795824564,0.4204175436,Arsenal,AFC Bournemouth,tie
5910,2017-01-03,Crystal Palace,Swansea City,1.8037917913,1.0325781359,0.5544990693,0.2305565225,0.2149412082,0.6568862512,0.3431137488,Crystal Palace,Crystal Palace,Swansea City
5921,2017-01-03,Stoke City,Watford,1.540412692,1.1996911409,0.4517691701,0.2517306278,0.2964994275,0.7054242274,0.2945757726,Stoke City,Stoke City,Stoke City
5932,2017-01-04,Tottenham Hotspur,Chelsea,2.2954097268,1.639981402,0.5259837124,0.1992110126,0.2747750124,0.6884562045,0.3115437955,Tottenham Hotspur,Tottenham Hotspur,Tottenham Hotspur
5942,2017-01-14,Tottenham Hotspur,West Bromwich Albion,2.3390069242,1.0445162853,0.6622242175,0.1835068244,0.1542346883,0.9011185372,0.0988814628,Tottenham Hotspur,Tottenham Hotspur,Tottenham Hotspur
5953,2017-01-14,Burnley,Southampton,1.5696700727,0.9398671613,0.520560712,0.2534560479,0.2259823813,0.6858177547,0.3141822453,Burnley,Burnley,Burnley
5964,2017-01-14,Hull City,AFC Bournemouth,1.3154906643,1.2091279012,0.3912099139,0.2680358686,0.3407539964,0.5287676184,0.4712323816,Hull City,Hull City,Hull City
5975,2017-01-14,Sunderland,Stoke City,1.4505533927,1.1469589455,0.4406545338,0.2604464807,0.2988985466,0.4257553947,0.5742446053,Sunderland,Stoke City,Stoke City
5986,2017-01-14,Swansea City,Arsenal,1.4452541315,1.7153806307,0.3252887351,0.2336829561,0.4410259378,0.3849840841,0.6150159159,Arsenal,Arsenal,Arsenal
5998,2017-01-14,Watford,Middlesbrough,1.2622799707,1.0638066813,0.4086899837,0.2800244011,0.3112854938,0.474025935,0.525974065,Watford,Middlesbrough,tie
6008,2017-01-14,West Ham United,Crystal Palace,1.4781040569,1.0925386117,0.4603130818,0.2597812274,0.2799051876,0.7036040316,0.2963959684,West Ham United,West Ham United,West Ham United
6018,2017-01-14,Leicester City,Chelsea,1.9891562475,1.4542269365,0.5008565459,0.2171043986,0.2820307434,0.3567712117,0.6432287883,Leicester City,Chelsea,Chelsea
6029,2017-01-15,Everton,Manchester City,1.360945865,1.4649108106,0.3509859455,0.251087246,0.3979261548,0.5077586246,0.4922413754,Manchester City,Everton,Everton
6039,2017-01-15,Manchester United,Liverpool,2.050371132,1.6035338552,0.4829638195,0.2125484479,0.3044762488,0.7709089942,0.2290910058,Manchester United,Manchester United,tie
6049,2017-01-21,Liverpool,Swansea City,2.3648304363,1.0325781359,0.669605451,0.1808570668,0.1494997054,0.8904740274,0.1095259726,Liverpool,Liverpool,Swansea City
6060,2017-01-21,AFC Bournemouth,Watford,1.4673239619,1.0638066813,0.4642180985,0.2615208384,0.2742605983,0.7644549787,0.2355450213,AFC Bournemouth,AFC Bournemouth,tie
6073,2017-01-21,Crystal Palace,Everton,1.2768738172,1.2091279012,0.3808067308,0.2707482639,0.3484448233,0.3019405958,0.6980594042,Crystal Palace,Everton,Everton
6081,2017-01-21,Middlesbrough,West Ham United,1.2156627557,0.9472601484,0.4224267101,0.2907692663,0.2868039471,0.5858890988,0.4141109012,Middlesbrough,Middlesbrough,West Ham United
6093,2017-01-21,Stoke City,Manchester United,1.3306997061,1.3794558804,0.3600192611,0.257529726,0.3824505956,0.1820857604,0.8179142396,Manchester United,Manchester United,tie
6105,2017-01-21,West Bromwich Albion,Sunderland,1.6298624632,1.080051598,0.5016657376,0.2465041238,0.2518288942,0.6554987256,0.3445012744,West Bromwich Albion,West Bromwich Albion,West Bromwich Albion
6115,2017-01-21,Manchester City,Tottenham Hotspur,1.8181333802,2.0393492619,0.3516739842,0.2100057938,0.4383068561,0.4364558997,0.5635441003,Tottenham Hotspur,Tottenham Hotspur,tie
6126,2017-01-22,Southampton,Leicester City,1.2669083271,1.4211751451,0.3354435751,0.2579465748,0.4066094164,0.7088544971,0.2911455029,Leicester City,Southampton,Southampton
6137,2017-01-22,Arsenal,Burnley,2.2954097268,1.0133317145,0.6612329422,0.1858831405,0.1528549399,0.8466643306,0.1533356694,Arsenal,Arsenal,Arsenal
6151,2017-01-22,Chelsea,Hull City,2.2691746698,0.9364335741,0.6740118514,0.1847905916,0.1411714158,0.8602642034,0.1397357966,Chelsea,Chelsea,Chelsea
6161,2017-01-31,AFC Bournemouth,Crystal Palace,1.6239081378,1.1214685102,0.4904792815,0.2465346443,0.2629848618,0.8143810031,0.1856189969,AFC Bournemouth,AFC Bournemouth,Crystal Palace
6173,2017-01-31,Arsenal,Watford,2.3390069242,0.8653709601,0.7029404308,0.1749321663,0.1220931465,0.9363140171,0.0636859829,Arsenal,Arsenal,Watford
6185,2017-01-31,Burnley,Leicester City,1.6053479122,1.2841393524,0.4491663692,0.244737289,0.3060951622,0.7090135685,0.2909864315,Burnley,Burnley,Burnley
6195,2017-01-31,Middlesbrough,West Bromwich Albion,1.345391129,1.0521901086,0.4343422381,0.2730653521,0.2925922012,0.6957186204,0.3042813796,Middlesbrough,Middlesbrough,tie
6206,2017-01-31,Sunderland,Tottenham Hotspur,1.2387520929,2.001337441,0.2335328881,0.2158342035,0.5506244637,0.234186682,0.765813318,Tottenham Hotspur,Tottenham Hotspur,tie
6214,2017-01-31,Swansea City,Southampton,1.3559739642,1.104600647,0.4251873965,0.2699296723,0.3048826968,0.324318494,0.675681506,Swansea City,Southampton,Swansea City
6225,2017-01-31,Liverpool,Chelsea,1.99747885,1.683407323,0.4556223203,0.2142105368,0.3301572685,0.6055124286,0.3944875714,Liverpool,Liverpool,tie
6237,2017-02-01,West Ham United,Manchester City,1.6985683876,1.3794558804,0.4509711233,0.2362616067,0.3127652158,0.5287412651,0.4712587349,West Ham United,West Ham United,Manchester City
6247,2017-02-01,Manchester United,Hull City,2.0578891538,0.9364335741,0.6329444155,0.2042959346,0.1627488525,0.8969324491,0.1030675509,Manchester United,Manchester United,tie
6256,2017-02-01,Stoke City,Everton,1.3011257489,1.0682576338,0.418483234,0.2763464287,0.3051701796,0.4243886668,0.5756113332,Stoke City,Everton,tie
6268,2017-02-04,Chelsea,Arsenal,2.1773881134,1.573645281,0.5156485449,0.205672289,0.2786602645,0.5126758008,0.4873241992,Chelsea,Chelsea,Chelsea
6280,2017-02-04,Crystal Palace,Sunderland,1.3106848235,0.8653709601,0.4697344069,0.2836511298,0.2466143124,0.7432665806,0.2567334194,Crystal Palace,Crystal Palace,Sunderland
6291,2017-02-04,Everton,AFC Bournemouth,1.6239081378,1.0250473464,0.5133235051,0.2475143058,0.2391609955,0.8000580275,0.1999419725,Everton,Everton,Everton
6304,2017-02-04,Hull City,Liverpool,1.3709444244,1.5499762853,0.3373809441,0.2456507424,0.4169673268,0.4013059352,0.5986940648,Liverpool,Liverpool,Hull City
6313,2017-02-04,Southampton,West Ham United,1.4558720845,1.0288058506,0.4694875337,0.2635012543,0.2670107851,0.8499109128,0.1500890872,Southampton,Southampton,West Ham United
6323,2017-02-04,Watford,Burnley,1.2862547184,1.0325781359,0.4225519151,0.2794170036,0.2980309439,0.5549142453,0.4450857547,Watford,Watford,Watford
6337,2017-02-04,West Bromwich Albion,Stoke City,1.3867945948,0.9871913607,0.4609636744,0.2714415869,0.267594472,0.4338723119,0.5661276881,West Bromwich Albion,Stoke City,West Bromwich Albion
6346,2017-02-04,Tottenham Hotspur,Middlesbrough,2.5886119748,0.8850404223,0.7396110719,0.1547005654,0.1056048833,0.7713342584,0.2286657416,Tottenham Hotspur,Tottenham Hotspur,Tottenham Hotspur
6356,2017-02-05,Manchester City,Swansea City,2.1368033599,0.9723431428,0.6402881894,0.1982539837,0.1614426156,0.7850308482,0.2149691518,Manchester City,Manchester City,Manchester City
6366,2017-02-05,Leicester City,Manchester United,1.6299996117,1.5322610532,0.4032072416,0.2355506976,0.36124016,0.130544651,0.869455349,Leicester City,Manchester United,Manchester United
6377,2017-02-11,Arsenal,Hull City,1.9237100323,1.080051598,0.5702311648,0.2202875696,0.2094754408,0.8472108959,0.1527891041,Arsenal,Arsenal,Arsenal
6389,2017-02-11,Manchester United,Watford,2.0121538722,0.8785856536,0.6375527415,0.2066386342,0.1557998378,0.9014910302,0.0985089698,Manchester United,Manchester United,Manchester United
6400,2017-02-11,Middlesbrough,Everton,1.2957045389,1.1959244476,0.3887200585,0.2701663899,0.3411133588,0.4285796568,0.5714203432,Middlesbrough,Everton,tie
6411,2017-02-11,Stoke City,Crystal Palace,1.4781040569,0.9018501803,0.5063709413,0.2636750967,0.2299534798,0.6808189963,0.3191810037,Stoke City,Stoke City,Stoke City
6419,2017-02-11,Sunderland,Southampton,1.4558720845,0.8785856536,0.5063321125,0.2664860033,0.2271814679,0.2374678038,0.7625321962,Sunderland,Southampton,Southampton
6431,2017-02-11,West Ham United,West Bromwich Albion,1.4079717157,1.1005652441,0.4400331509,0.2656368246,0.2943296994,0.6465963436,0.3534036564,West Ham United,West Ham United,tie
6442,2017-02-11,Liverpool,Tottenham Hotspur,1.8526655681,1.6772573838,0.4253253321,0.2209374953,0.3537314767,0.5466646697,0.4533353303,Liverpool,Liverpool,Liverpool
6453,2017-02-12,Burnley,Chelsea,1.3867945948,1.5210859809,0.3466970014,0.2467552821,0.4065468274,0.4003711437,0.5996288563,Chelsea,Chelsea,tie
6463,2017-02-12,Swansea City,Leicester City,1.4781040569,1.2648247781,0.4216353645,0.2541609328,0.3242031192,0.7737008862,0.2262991138,Swansea City,Swansea City,Swansea City
6475,2017-02-13,AFC Bournemouth,Manchester City,1.3817282616,1.9487056277,0.2724307959,0.2200033478,0.5075590684,0.3484208766,0.6515791234,Manchester City,Manchester City,Manchester City
6485,2017-02-25,Chelsea,Swansea City,2.0893142601,0.9723431428,0.6307728994,0.2026090526,0.166605647,0.7497091706,0.2502908294,Chelsea,Chelsea,Chelsea
6497,2017-02-25,Crystal Palace,Middlesbrough,1.123410432,0.9830781751,0.3869318217,0.2980101321,0.3150580054,0.6041945125,0.3958054875,Crystal Palace,Crystal Palace,Crystal Palace
6508,2017-02-25,Everton,Sunderland,1.7182063815,0.9759083983,0.5481813078,0.2383241369,0.2134925306,0.9064359339,0.0935640661,Everton,Everton,Everton
6518,2017-02-25,Hull City,Burnley,1.2909709822,0.9723431428,0.4380160328,0.2817155476,0.280268284,0.6706302314,0.3293697686,Hull City,Hull City,tie
6530,2017-02-25,West Bromwich Albion,AFC Bournemouth,1.7766611916,1.0096297415,0.5537433441,0.2329009466,0.2133529343,0.6438734322,0.3561265678,West Bromwich Albion,West Bromwich Albion,West Bromwich Albion
6542,2017-02-25,Watford,West Ham United,1.2909709822,1.1132894263,0.4055203042,0.2749664035,0.3195131348,0.5379165265,0.4620834735,Watford,Watford,tie
6552,2017-02-26,Tottenham Hotspur,Stoke City,2.1212192451,0.9908110597,0.6328380668,0.2003339102,0.1668137878,0.748597805,0.251402195,Tottenham Hotspur,Tottenham Hotspur,Tottenham Hotspur
6563,2017-02-27,Leicester City,Liverpool,1.5461909644,1.6580874106,0.359263255,0.2337157212,0.4070188457,0.1618917263,0.8381082737,Liverpool,Liverpool,Leicester City
6586,2017-03-04,Manchester United,AFC Bournemouth,2.2268790891,0.9296039853,0.6677122673,0.1882916296,0.1439740226,0.9291813939,0.0708186061,Manchester United,Manchester United,tie
6596,2017-03-04,Leicester City,Hull City,1.7049399209,0.957718255,0.5494799051,0.2395310536,0.2109871604,0.4603722473,0.5396277527,Leicester City,Hull City,Leicester City
6607,2017-03-04,Stoke City,Middlesbrough,1.3058965398,0.9433133383,0.4491864101,0.2813613724,0.2694520686,0.6472716748,0.3527283252,Stoke City,Stoke City,Stoke City
6618,2017-03-04,Swansea City,Burnley,1.3355789347,1.0325781359,0.4362197301,0.2747839215,0.2889961559,0.6410807377,0.3589192623,Swansea City,Swansea City,Swansea City
6629,2017-03-04,Watford,Southampton,1.3154906643,1.0521901086,0.4261365757,0.2758006066,0.2980626469,0.2433832051,0.7566167949,Watford,Southampton,Southampton
6639,2017-03-04,West Bromwich Albion,Crystal Palace,1.3058965398,0.8882855681,0.4626641411,0.2834240854,0.2539116271,0.6023497305,0.3976502695,West Bromwich Albion,West Bromwich Albion,Crystal Palace
6651,2017-03-04,Liverpool,Arsenal,2.0195317643,1.5556595274,0.4861907775,0.2146419423,0.299157413,0.577205153,0.422794847,Liverpool,Liverpool,Liverpool
6662,2017-03-05,Tottenham Hotspur,Everton,2.0740764924,1.151757806,0.5858243123,0.2087998014,0.2053642519,0.6949475324,0.3050524676,Tottenham Hotspur,Tottenham Hotspur,Tottenham Hotspur
6673,2017-03-05,Sunderland,Manchester City,1.2342265987,1.7942463887,0.2630007826,0.2316826694,0.5053134342,0.1161346018,0.8838653982,Manchester City,Manchester City,Manchester City
6685,2017-03-06,West Ham United,Chelsea,1.4673239619,1.6459946626,0.3429339882,0.2369374142,0.4201268088,0.3450027649,0.6549972351,Chelsea,Chelsea,Chelsea
6697,2017-03-08,Manchester City,Stoke City,2.2691746698,0.9122769188,0.6796041863,0.1836484749,0.1367211988,0.9130045007,0.0869954993,Manchester City,Manchester City,tie
6706,2017-03-11,AFC Bournemouth,West Ham United,1.4452541315,1.1132894263,0.4469480155,0.2620052856,0.2910462842,0.3624276514,0.6375723486,AFC Bournemouth,West Ham United,AFC Bournemouth
6717,2017-03-11,Everton,West Bromwich Albion,1.711929312,1.0325781359,0.5329264733,0.2391560371,0.2279155273,0.837434675,0.162565325,Everton,Everton,Everton
6729,2017-03-11,Hull City,Swansea City,1.4558720845,1.1173714845,0.4487875155,0.260972226,0.2902398144,0.5203668204,0.4796331796,Hull City,Hull City,Hull City
6739,2017-03-12,Liverpool,Burnley,2.1853718638,1.0965445836,0.6211060473,0.198197932,0.1806773621,0.8905145051,0.1094854949,Liverpool,Liverpool,Liverpool
6783,2017-03-18,West Bromwich Albion,Arsenal,1.4183157633,1.6895798119,0.32351191,0.2358714752,0.4406145731,0.3305938385,0.6694061615,Arsenal,Arsenal,West Bromwich Albion
6793,2017-03-18,Crystal Palace,Watford,1.3759712169,0.8952728148,0.4804989475,0.2752296148,0.2442711954,0.7601773129,0.2398226871,Crystal Palace,Crystal Palace,Crystal Palace
6805,2017-03-18,Everton,Hull City,1.8179804021,1.0133317145,0.5623911242,0.2290158218,0.2085896139,0.8403098943,0.1596901057,Everton,Everton,Everton
6816,2017-03-18,Stoke City,Chelsea,1.3355789347,1.4818473731,0.3413784995,0.2511430032,0.407477828,0.3019570098,0.6980429902,Chelsea,Chelsea,Chelsea
6827,2017-03-18,Sunderland,Burnley,1.4287358062,1.0965445836,0.4464566612,0.263978069,0.2895648999,0.5837515731,0.4162484269,Sunderland,Sunderland,tie
6837,2017-03-18,West Ham United,Leicester City,1.4131342748,1.3737083037,0.3822397647,0.2534373865,0.3643223039,0.7589067004,0.2410932996,West Ham United,West Ham United,Leicester City
6849,2017-03-18,AFC Bournemouth,Swansea City,1.5936398034,1.0721745756,0.4945394909,0.2498646415,0.2555948608,0.447140347,0.552859653,AFC Bournemouth,Swansea City,AFC Bournemouth
6860,2017-03-19,Middlesbrough,Manchester United,1.0819218028,1.526663292,0.268958876,0.2557304436,0.4753100046,0.1435765143,0.8564234857,Manchester United,Manchester United,Manchester United
6870,2017-03-19,Tottenham Hotspur,Southampton,2.3921714172,1.0885472747,0.6620791072,0.1809691878,0.1569098706,0.6775959077,0.3224040923,Tottenham Hotspur,Tottenham Hotspur,Tottenham Hotspur
6882,2017-03-19,Manchester City,Liverpool,2.0121538722,1.2989859262,0.5395077502,0.2154866417,0.2449966883,0.7828552707,0.2171447293,Manchester City,Manchester City,tie
6893,2017-04-01,Liverpool,Everton,1.7842448443,1.2653702324,0.4959984985,0.232204748,0.2717937716,0.5799381886,0.4200618114,Liverpool,Liverpool,Liverpool
6905,2017-04-01,Burnley,Tottenham Hotspur,1.3404760539,1.609413475,0.3191135712,0.2429316615,0.4379534982,0.3960676974,0.6039323026,Tottenham Hotspur,Tottenham Hotspur,Tottenham Hotspur
6915,2017-04-01,Chelsea,Crystal Palace,1.99747885,0.8850404223,0.6329306531,0.2083442569,0.1587168746,0.9058486265,0.0941513735,Chelsea,Chelsea,Crystal Palace
6924,2017-04-01,Hull City,West Ham United,1.5172435434,1.2091279012,0.4438084659,0.2532256679,0.3029651832,0.4300274636,0.5699725364,Hull City,West Ham United,Hull City
6935,2017-04-01,Leicester City,Stoke City,1.7638520733,0.9944440308,0.5544365566,0.2339943839,0.2115664677,0.6410602149,0.3589397851,Leicester City,Leicester City,Leicester City
6945,2017-04-01,Manchester United,West Bromwich Albion,2.2268790891,1.0096297415,0.649152495,0.1916457428,0.1591796755,0.9229294559,0.0770705441,Manchester United,Manchester United,tie
6956,2017-04-01,Watford,Sunderland,1.3106848235,1.0207764319,0.4321017343,0.2776475142,0.2902505906,0.5753973399,0.4246026601,Watford,Watford,Watford
6966,2017-04-01,Southampton,AFC Bournemouth,1.4399742299,1.186590735,0.4290062634,0.2598666854,0.3111266237,0.7079337366,0.2920662634,Southampton,Southampton,tie
6976,2017-04-02,Swansea City,Middlesbrough,1.599483145,0.9084758682,0.5359005781,0.2503612503,0.213737146,0.7225256472,0.2774743528,Swansea City,Swansea City,tie
6985,2017-04-02,Arsenal,Manchester City,1.9674350283,1.6641670599,0.4529817366,0.2159539345,0.3310556959,0.3422630383,0.6577369617,Arsenal,Manchester City,tie
6997,2017-04-04,Burnley,Stoke City,1.3709444244,0.9189792096,0.4732356405,0.2751456073,0.2516185173,0.4448334593,0.5551665407,Burnley,Stoke City,Burnley
7007,2017-04-04,Leicester City,Sunderland,1.7246515793,0.8850404223,0.5722758686,0.2366820275,0.1910400114,0.7913473051,0.2086526949,Leicester City,Leicester City,Leicester City
7019,2017-04-04,Watford,West Bromwich Albion,1.2576685229,0.9156219317,0.442177605,0.2877702742,0.2700520177,0.7151280337,0.2848719663,Watford,Watford,Watford
7031,2017-04-04,Manchester United,Everton,2.0195317643,1.1693457851,0.5702832815,0.2135516012,0.2161559852,0.8327987111,0.1672012889,Manchester United,Manchester United,tie
7042,2017-04-05,Arsenal,West Ham United,2.3648304363,1.2320931206,0.6254761813,0.1881325046,0.1863534704,0.5693341442,0.4306658558,Arsenal,Arsenal,Arsenal
7052,2017-04-05,Hull City,Middlesbrough,1.3659359962,0.9291250841,0.4693598827,0.2753961243,0.2552437658,0.6128074024,0.3871925976,Hull City,Hull City,Hull City
7063,2017-04-05,Swansea City,Tottenham Hotspur,1.3058965398,1.5499762853,0.3213286155,0.2478697327,0.4308007522,0.5270495236,0.4729504764,Tottenham Hotspur,Swansea City,Tottenham Hotspur
7076,2017-04-05,Southampton,Crystal Palace,1.3559739642,0.9189792096,0.4691043035,0.2767896781,0.254105807,0.763057292,0.236942708,Southampton,Southampton,Southampton
7086,2017-04-05,Chelsea,Manchester City,2.1368033599,1.526663292,0.5169882079,0.208012237,0.2749836977,0.7731075989,0.2268924011,Chelsea,Chelsea,Chelsea
7097,2017-04-05,Liverpool,AFC Bournemouth,1.8181333802,0.9908110597,0.567876412,0.2287051031,0.2034150444,0.7890335003,0.2109664997,Liverpool,Liverpool,tie
7109,2017-04-08,Tottenham Hotspur,Watford,1.99747885,0.950733433,0.6169771451,0.210536974,0.1724776625,0.7726030799,0.2273969201,Tottenham Hotspur,Tottenham Hotspur,Tottenham Hotspur
7119,2017-04-08,Manchester City,Hull City,2.0578891538,1.0560481361,0.6045988212,0.2079734787,0.1874168904,0.8111075178,0.1888924822,Manchester City,Manchester City,Manchester City
7131,2017-04-08,Middlesbrough,Burnley,1.1707671593,0.9980903229,0.3974851969,0.2923559878,0.3101587567,0.5658673689,0.4341326311,Middlesbrough,Middlesbrough,tie
7143,2017-04-08,Stoke City,Liverpool,1.2432941805,1.526663292,0.3099056695,0.2514778848,0.4386157036,0.3576691465,0.6423308535,Liverpool,Liverpool,Liverpool
7153,2017-04-08,West Bromwich Albion,Southampton,1.2576685229,1.0682576338,0.4063903096,0.2801937575,0.3134158144,0.3158559216,0.6841440784,West Bromwich Albion,Southampton,Southampton
7164,2017-04-08,West Ham United,Swansea City,1.4727041457,1.1427687964,0.4473565937,0.2587722348,0.293870671,0.6208973309,0.3791026691,West Ham United,West Ham United,West Ham United
7174,2017-04-08,AFC Bournemouth,Chelsea,1.4452541315,1.5499762853,0.3555329658,0.2428605748,0.401605318,0.4025882331,0.5974117669,Chelsea,Chelsea,Chelsea
7186,2017-04-09,Sunderland,Manchester United,1.123410432,1.4428772761,0.2941189608,0.261873192,0.4440074358,0.1910059524,0.8089940476,Manchester United,Manchester United,Manchester United
7198,2017-04-09,Everton,Leicester City,1.4566224882,1.4756731768,0.3726787718,0.2461768578,0.3811434836,0.7363040712,0.2636959288,Leicester City,Everton,Everton
7208,2017-04-10,Crystal Palace,Arsenal,1.2622799707,1.683407323,0.2874583217,0.2396415336,0.4728983801,0.5186686515,0.4813313485,Arsenal,Crystal Palace,Crystal Palace
7220,2017-04-15,Tottenham Hotspur,AFC Bournemouth,2.455514969,0.950733433,0.7037274625,0.1693822719,0.1268376118,0.8796439379,0.1203560621,Tottenham Hotspur,Tottenham Hotspur,Tottenham Hotspur
7230,2017-04-15,Crystal Palace,Leicester City,1.4505533927,1.4702821463,0.3722447403,0.246728363,0.3810260428,0.5202344947,0.4797655053,Leicester City,Crystal Palace,tie
7241,2017-04-15,Everton,Burnley,1.5412066707,0.9398671613,0.5133040527,0.2564493991,0.2302458267,0.7756035982,0.2243964018,Everton,Everton,Everton
7252,2017-04-15,Stoke City,Hull City,1.3503242262,1.0325781359,0.4402612353,0.2733942051,0.2863443469,0.6748026452,0.3251973548,Stoke City,Stoke City,Stoke City
7263,2017-04-15,Sunderland,West Ham United,1.197378129,1.1214685102,0.3776506688,0.2820591382,0.3402901003,0.5655420664,0.4344579336,Sunderland,Sunderland,tie
7275,2017-04-15,Watford,Swansea City,1.4781040569,1.0363642529,0.4735220112,0.2612063885,0.2652711071,0.7694568146,0.2305431854,Watford,Watford,Watford
7286,2017-04-15,Southampton,Manchester City,1.5582221693,1.4595590979,0.400697648,0.2418667843,0.3574343483,0.5293528007,0.4706471993,Southampton,Southampton,Manchester City
7297,2017-04-16,West Bromwich Albion,Liverpool,1.3154906643,1.526663292,0.3279763653,0.2490741506,0.4229486764,0.4041553264,0.5958446736,Liverpool,Liverpool,Liverpool
7307,2017-04-16,Manchester United,Chelsea,1.9378430918,1.4872808094,0.4826682268,0.2199589192,0.297366136,0.7236631478,0.2763368522,Manchester United,Manchester United,Manchester United
7318,2017-04-17,Middlesbrough,Arsenal,1.2201201824,1.591018914,0.2928287312,0.247353943,0.4598162812,0.5685318563,0.4314681437,Arsenal,Middlesbrough,Arsenal
7330,2017-04-22,AFC Bournemouth,Middlesbrough,1.360945865,1.0478061022,0.4395992306,0.2718090074,0.2885915312,0.4230786153,0.5769213847,AFC Bournemouth,Middlesbrough,AFC Bournemouth
7340,2017-04-22,Hull City,Watford,1.5061779967,1.1469589455,0.4550153479,0.255900268,0.2890837703,0.3584229118,0.6415770882,Hull City,Watford,Hull City
7350,2017-04-22,Swansea City,Stoke City,1.3154906643,0.9018501803,0.4620202708,0.2818548029,0.2561247688,0.6426192657,0.3573807343,Swansea City,Swansea City,Swansea City
7360,2017-04-22,West Ham United,Everton,1.4727041457,1.2653702324,0.4201439204,0.2545114256,0.3253440867,0.3970732068,0.6029267932,West Ham United,Everton,tie
7371,2017-04-23,Burnley,Manchester United,1.140565531,1.4982075228,0.288831216,0.2567354335,0.4544327675,0.2107444089,0.7892555911,Manchester United,Manchester United,Manchester United
7382,2017-04-23,Liverpool,Crystal Palace,2.0121538722,0.9687909121,0.6157180354,0.2096906394,0.1745825341,0.8406603841,0.1593396159,Liverpool,Liverpool,Crystal Palace
7392,2017-04-25,Chelsea,Southampton,2.1368033599,1.1344343654,0.6027041642,0.203269598,0.1940109985,0.6421580583,0.3578419417,Chelsea,Chelsea,Chelsea
6750,2017-04-26,Arsenal,Leicester City,2.2858457794,1.591018914,0.534044706,0.1995403232,0.2663860944,0.7164056655,0.2835943345,Arsenal,Arsenal,Arsenal
6761,2017-04-26,Middlesbrough,Sunderland,1.300455452,1.024519276,0.4283840319,0.2784547214,0.2931610964,0.5539524747,0.4460475253,Middlesbrough,Middlesbrough,Middlesbrough
6771,2017-04-26,Crystal Palace,Tottenham Hotspur,1.2768738172,1.7091138844,0.2866685115,0.2375381874,0.4757912678,0.2007891308,0.7992108692,Tottenham Hotspur,Tottenham Hotspur,Tottenham Hotspur
6574,2017-04-27,Manchester City,Manchester United,1.9602474596,1.4056561747,0.5049288991,0.2191553144,0.2759085869,0.5981075347,0.4018924653,Manchester City,Manchester City,tie
7407,2017-04-29,Southampton,Hull City,1.5291781682,1.2411450282,0.4397214867,0.2513629053,0.3089148569,0.7200979072,0.2799020928,Southampton,Southampton,tie
7418,2017-04-29,Stoke City,West Ham United,1.2387520929,1.0133317145,0.4136004963,0.2848971343,0.3015022726,0.5364900168,0.4635099832,Stoke City,Stoke City,tie
7427,2017-04-29,Sunderland,AFC Bournemouth,1.2957045389,1.0521901086,0.420661718,0.2776043907,0.3017337418,0.7374715615,0.2625284385,Sunderland,Sunderland,AFC Bournemouth
7443,2017-04-29,West Bromwich Albion,Leicester City,1.2909709822,1.4649108106,0.3333119059,0.2540297315,0.4126577956,0.6236600978,0.3763399022,Leicester City,West Bromwich Albion,Leicester City
7453,2017-04-29,Crystal Palace,Burnley,1.5696700727,0.8850404223,0.5342896314,0.2536292178,0.2120802944,0.6287060902,0.3712939098,Crystal Palace,Crystal Palace,Burnley
7461,2017-04-30,Manchester United,Swansea City,1.9307636305,0.8622095275,0.6244584559,0.214333814,0.1612017248,0.8435909235,0.1564090765,Manchester United,Manchester United,tie
7473,2017-04-30,Everton,Chelsea,1.6861804041,1.5155290452,0.419744085,0.2333219625,0.3469316551,0.7811691856,0.2188308144,Everton,Everton,Chelsea
7484,2017-04-30,Middlesbrough,Manchester City,1.0779692518,1.5613636081,0.2622460768,0.2526924015,0.4850606891,0.2000972599,0.7999027401,Manchester City,Manchester City,tie
7494,2017-04-30,Tottenham Hotspur,Arsenal,2.2025619803,1.274773879,0.5845327611,0.2012317283,0.2142153996,0.7971282134,0.2028717866,Tottenham Hotspur,Tottenham Hotspur,Tottenham Hotspur
7504,2017-05-01,Watford,Liverpool,1.2862547184,1.4927341683,0.3269182859,0.2523669963,0.4207140678,0.5379178771,0.4620821229,Liverpool,Watford,Liverpool
7515,2017-05-05,West Ham United,Tottenham Hotspur,1.1843029807,1.567896332,0.2878860976,0.2499796172,0.4621333863,0.3309491007,0.6690508993,Tottenham Hotspur,Tottenham Hotspur,West Ham United
7527,2017-05-06,Manchester City,Crystal Palace,2.0578891538,1.0096297415,0.6155157402,0.2066810042,0.1777924522,0.8946092171,0.1053907829,Manchester City,Manchester City,Manchester City
7537,2017-05-06,AFC Bournemouth,Stoke City,1.4131342748,0.8148899244,0.5110924886,0.2724428203,0.2164643802,0.6369209926,0.3630790074,AFC Bournemouth,AFC Bournemouth,tie
7547,2017-05-06,Burnley,West Bromwich Albion,1.2387520929,0.8850404223,0.4441710775,0.2912980898,0.2645307446,0.6514646115,0.3485353885,Burnley,Burnley,tie
7560,2017-05-06,Hull City,Sunderland,1.3867945948,0.7417242854,0.5230363724,0.2767527839,0.2002105853,0.5003563094,0.4996436906,Hull City,Hull City,Sunderland
7571,2017-05-06,Leicester City,Watford,2.1368033599,0.8653709601,0.6657008876,0.1938201005,0.1404638059,0.5132343802,0.4867656198,Leicester City,Leicester City,Leicester City
7581,2017-05-06,Swansea City,Everton,1.3154906643,1.0845705191,0.4187221273,0.27430851,0.306969186,0.5046361631,0.4953638369,Swansea City,Swansea City,Swansea City
7591,2017-05-07,Liverpool,Southampton,2.1853718638,1.0483461755,0.6321701328,0.1966500534,0.1711611645,0.8147588632,0.1852411368,Liverpool,Liverpool,tie
7600,2017-05-07,Arsenal,Manchester United,1.7907870706,1.4108102435,0.4657740265,0.2298810142,0.3043416773,0.5939866251,0.4060133749,Arsenal,Arsenal,Arsenal
7611,2017-05-08,Chelsea,Middlesbrough,2.1694335297,0.8850404223,0.6672944119,0.1915979752,0.1410901694,0.8332271548,0.1667728452,Chelsea,Chelsea,Chelsea
6585,2017-05-10,Southampton,Arsenal,1.4131342748,1.274773879,0.4028550518,0.2581316434,0.339012882,0.3797407295,0.6202592705,Southampton,Arsenal,Arsenal
7612,2017-05-12,Everton,Watford,1.6239081378,0.9794867265,0.5243890271,0.2477312554,0.2278785287,0.7157840803,0.2842159197,Everton,Everton,Everton
7613,2017-05-12,West Bromwich Albion,Chelsea,1.1193063119,1.7091138844,0.2490849262,0.2392343409,0.5116787835,0.3166180558,0.6833819442,Chelsea,Chelsea,Chelsea
7614,2017-05-13,Manchester City,Leicester City,1.9237100323,1.5794153094,0.4605179004,0.2195387336,0.3199366574,0.9474222695,0.0525777305,Manchester City,Manchester City,Manchester City
7615,2017-05-13,AFC Bournemouth,Burnley,1.4399742299,0.9189792096,0.4919677262,0.2675908091,0.2404410886,0.6703358227,0.3296641773,AFC Bournemouth,AFC Bournemouth,AFC Bournemouth
7616,2017-05-13,Middlesbrough,Southampton,1.2156627557,1.080051598,0.3919124187,0.2831660075,0.3249214813,0.4810621618,0.5189378382,Middlesbrough,Southampton,Southampton
7617,2017-05-13,Sunderland,Swansea City,1.1024709701,0.8818071319,0.4041645051,0.3073469855,0.2884884799,0.5455878072,0.4544121928,Sunderland,Sunderland,Swansea City
7618,2017-05-13,Stoke City,Arsenal,1.1622285309,1.3845138816,0.3149933617,0.2651373246,0.4198690146,0.4577298848,0.5422701152,Arsenal,Arsenal,Arsenal
7619,2017-05-14,Crystal Palace,Hull City,1.360945865,1.2180110886,0.4013973608,0.2643585144,0.3342438379,0.4883206515,0.5116793485,Crystal Palace,Hull City,Crystal Palace
7620,2017-05-14,West Ham United,Liverpool,1.1843029807,1.3236578378,0.3324911494,0.2687441919,0.3987644405,0.4931856421,0.5068143579,Liverpool,Liverpool,Liverpool
7621,2017-05-14,Tottenham Hotspur,Manchester United,2.4376064297,1.303748871,0.6235783013,0.1849437905,0.1914284032,0.817872095,0.182127905,Tottenham Hotspur,Tottenham Hotspur,Tottenham Hotspur
6781,2017-05-15,Chelsea,Watford,2.3561910755,0.8148899244,0.7174921739,0.1705097107,0.111961558,0.8995458607,0.1004541393,Chelsea,Chelsea,Chelsea
7404,2017-05-16,Arsenal,Sunderland,2.0121538722,0.8026332701,0.6562482691,0.2035227205,0.1402202255,0.6773199794,0.3226800206,Arsenal,Arsenal,Arsenal
7405,2017-05-16,Manchester City,West Bromwich Albion,2.1773881134,0.8178778519,0.6848154894,0.1875540859,0.1276123962,0.9549315102,0.0450684898,Manchester City,Manchester City,Manchester City
6782,2017-05-17,Southampton,Manchester United,1.3709444244,1.4159832106,0.3630580218,0.253415831,0.3835256008,0.6860155639,0.3139844361,Manchester United,Southampton,tie
7406,2017-05-18,Leicester City,Tottenham Hotspur,2.0893142601,1.639981402,0.4838019978,0.2101920852,0.3059922268,0.2789468514,0.7210531486,Leicester City,Tottenham Hotspur,Tottenham Hotspur
7622,2017-05-21,Arsenal,Everton,1.9674350283,1.0250473464,0.5927763049,0.215324055,0.1918924845,0.8428193538,0.1571806462,Arsenal,Arsenal,Arsenal
7623,2017-05-21,Burnley,West Ham United,1.345391129,0.9980903229,0.4470432884,0.2751955529,0.277760957,0.6146052713,0.3853947287,Burnley,Burnley,West Ham United
7624,2017-05-21,Chelsea,Sunderland,2.4465443132,0.8717286435,0.7198017253,0.1658113288,0.1143359632,0.8953731782,0.1046268218,Chelsea,Chelsea,Chelsea
7625,2017-05-21,Hull City,Tottenham Hotspur,1.3355789347,2.0468268703,0.2478819345,0.2132317508,0.538875863,0.3198464118,0.6801535882,Tottenham Hotspur,Tottenham Hotspur,Tottenham Hotspur
7626,2017-05-21,Leicester City,AFC Bournemouth,2.0969750733,1.3685746165,0.5422876195,0.2099735792,0.247725761,0.3077452549,0.6922547451,Leicester City,AFC Bournemouth,tie
7627,2017-05-21,Liverpool,Middlesbrough,2.2774949707,0.8303672993,0.7001787263,0.1786575484,0.1211367173,0.8551600071,0.1448399929,Liverpool,Liverpool,Liverpool
7628,2017-05-21,Manchester United,Crystal Palace,1.996449815,1.0288058506,0.5980933128,0.2127712925,0.1891272078,0.7867849737,0.2132150263,Manchester United,Manchester United,Manchester United
7629,2017-05-21,Southampton,Stoke City,1.4612102781,0.8653709601,0.511100896,0.266044263,0.2228544102,0.7992755009,0.2007244991,Southampton,Southampton,Stoke City
7630,2017-05-21,Swansea City,West Bromwich Albion,1.345391129,0.7997010352,0.496270867,0.281210398,0.2225185422,0.8776469171,0.1223530829,Swansea City,Swansea City,Swansea City
7631,2017-05-21,Watford,Manchester City,1.2156627557,1.821645524,0.2545139088,0.2296447015,0.515837825,0.1281577009,0.8718422991,Manchester City,Manchester City,Manchester City
1710802,2017-08-11,Arsenal,Leicester City,2.5684088924,1.3537439384,0.6366974256,0.1773859242,0.1858384597,0.923695774,0.076304226,Arsenal,Arsenal,Arsenal
1710804,2017-08-12,Chelsea,Burnley,2.5886119748,0.9794867265,0.7193510774,0.1600906026,0.1204748353,0.9569814024,0.0430185976,Chelsea,Chelsea,Burnley
1710806,2017-08-12,Everton,Stoke City,1.5347851507,0.957718255,0.5072476348,0.2569452316,0.2358064391,0.6977774651,0.3022225349,Everton,Everton,Everton
1710809,2017-08-12,Southampton,Swansea City,1.1886454217,0.8818071319,0.430216224,0.2972836589,0.2725000577,0.5723005816,0.4276994184,Southampton,Southampton,tie
1710810,2017-08-12,Watford,Liverpool,1.1193063119,1.9929987615,0.2089220267,0.2149404374,0.5761294602,0.1453527669,0.8546472331,Liverpool,Liverpool,tie
1710811,2017-08-12,West Bromwich Albion,AFC Bournemouth,1.2156627557,1.1644736433,0.3735234974,0.2778707257,0.3486056599,0.3635009799,0.6364990201,West Bromwich Albion,AFC Bournemouth,West Bromwich Albion
1710807,2017-08-13,Manchester United,West Ham United,1.5117006452,0.8461386392,0.5292973449,0.2603274276,0.2103746311,0.776746305,0.223253695,Manchester United,Manchester United,Manchester United
1710808,2017-08-13,Newcastle United,Tottenham Hotspur,1.4399742299,1.8292672639,0.3045719168,0.2270502426,0.4683738358,0.6370115554,0.3629884446,Tottenham Hotspur,Newcastle United,Tottenham Hotspur
1710812,2017-08-19,AFC Bournemouth,Watford,1.7435456638,0.9189792096,0.5682385519,0.235171869,0.1965872593,0.7954454307,0.2045545693,AFC Bournemouth,AFC Bournemouth,Watford
1710813,2017-08-19,Burnley,West Bromwich Albion,1.3106848235,0.9257307406,0.454806033,0.2815212956,0.2636725182,0.6838236047,0.3161763953,Burnley,Burnley,West Bromwich Albion
1710816,2017-08-19,Liverpool,Crystal Palace,2.4097461558,1.0133317145,0.6819181957,0.1762736707,0.1417635168,0.9368468449,0.0631531551,Liverpool,Liverpool,Liverpool
1710818,2017-08-19,Stoke City,Arsenal,1.345391129,1.4872808094,0.3428087003,0.2504111175,0.4067794821,0.1404810447,0.8595189553,Arsenal,Arsenal,Stoke City
1710819,2017-08-19,Swansea City,Manchester United,1.1622285309,0.9871913607,0.3974801406,0.2938905657,0.3086292395,0.6301853376,0.3698146624,Swansea City,Swansea City,Manchester United
1710820,2017-08-20,Tottenham Hotspur,Chelsea,2.8439594844,1.6966489907,0.6157393681,0.1697763804,0.2142956393,0.6255905156,0.3744094844,Tottenham Hotspur,Tottenham Hotspur,Chelsea
1710817,2017-08-21,Manchester City,Everton,2.4839043989,0.8952728148,0.7207257161,0.1639715226,0.1152445206,0.8860964779,0.1139035221,Manchester City,Manchester City,tie
1710822,2017-08-26,AFC Bournemouth,Manchester City,1.3058965398,1.8083599155,0.2773282275,0.2300966848,0.4925716819,0.1816636436,0.8183363564,Manchester City,Manchester City,Manchester City
1710824,2017-08-26,Crystal Palace,Swansea City,1.4235162505,0.9980903229,0.4682406533,0.2674576636,0.2643013407,0.5605903488,0.4394096512,Crystal Palace,Crystal Palace,Swansea City
1710827,2017-08-26,Manchester United,Leicester City,1.5639356463,1.3236578378,0.4304330748,0.2463816046,0.3231843329,0.9107920524,0.0892079476,Manchester United,Manchester United,Manchester United
1710828,2017-08-26,Newcastle United,West Ham United,1.599483145,0.9223487975,0.5324296237,0.2503589576,0.2172103925,0.8023091255,0.1976908745,Newcastle United,Newcastle United,Newcastle United
1710823,2017-08-27,Chelsea,Everton,2.3304619036,1.0560481361,0.658058944,0.1846857796,0.1572221023,0.7962510648,0.2037489352,Chelsea,Chelsea,Chelsea
1710826,2017-08-27,Liverpool,Arsenal,2.2268790891,1.6153146533,0.5172209589,0.2029221605,0.2798336825,0.6104385187,0.3895614813,Liverpool,Liverpool,Liverpool
1710829,2017-08-27,Tottenham Hotspur,Burnley,2.6281415123,0.954219453,0.7309643299,0.1555772116,0.1133632741,0.928554859,0.071445141,Tottenham Hotspur,Tottenham Hotspur,tie
1710831,2017-08-27,West Bromwich Albion,Stoke City,1.1447476015,0.8461386392,0.425725874,0.3045609921,0.2697130931,0.6270557211,0.3729442789,West Bromwich Albion,West Bromwich Albion,tie
1710832,2017-09-09,Arsenal,AFC Bournemouth,2.2268790891,1.1005652441,0.6283441264,0.1948752842,0.1767584873,0.8694541116,0.1305458884,Arsenal,Arsenal,Arsenal
1710835,2017-09-09,Everton,Tottenham Hotspur,1.3659359962,1.8083599155,0.2911239849,0.2294262601,0.47944627,0.273990383,0.726009617,Tottenham Hotspur,Tottenham Hotspur,Tottenham Hotspur
1710836,2017-09-09,Leicester City,Chelsea,1.8247998643,1.7352129993,0.4079741963,0.2204984763,0.3715215631,0.2648556245,0.7351443755,Leicester City,Chelsea,Chelsea
1710837,2017-09-09,Manchester City,Liverpool,2.1536114369,1.5499762853,0.5156317206,0.2070337113,0.2773174892,0.7322526686,0.2677473314,Manchester City,Manchester City,Manchester City
1710838,2017-09-09,Southampton,Watford,1.0578767768,0.8461386392,0.3988026384,0.3152923974,0.2859049446,0.86145758,0.13854242,Southampton,Southampton,Watford
1710839,2017-09-09,Stoke City,Manchester United,1.1843029807,1.0059412929,0.3996339743,0.2905543486,0.3098116118,0.2267965843,0.7732034157,Stoke City,Manchester United,tie
1710834,2017-09-10,Burnley,Crystal Palace,1.3659359962,0.9018501803,0.4760953031,0.2761829663,0.2477215046,0.6756314177,0.3243685823,Burnley,Burnley,Burnley
1710840,2017-09-10,Swansea City,Newcastle United,1.2342265987,1.138593955,0.3842547759,0.2780902385,0.3376548665,0.586376361,0.413623639,Swansea City,Swansea City,Newcastle United
1710844,2017-09-16,Crystal Palace,Southampton,1.193003785,0.8717286435,0.4339731015,0.297306697,0.2687201402,0.4993591139,0.5006408861,Crystal Palace,Southampton,Southampton
1710846,2017-09-16,Liverpool,Burnley,1.9674350283,1.1005652441,0.5749747104,0.2168061029,0.2082120177,0.7868445162,0.2131554838,Liverpool,Liverpool,tie
1710848,2017-09-16,Newcastle United,Stoke City,1.5006755239,0.8785856536,0.5181572802,0.2613952134,0.2204469495,0.6592223951,0.3407776049,Newcastle United,Newcastle United,Newcastle United
1710849,2017-09-16,Tottenham Hotspur,Swansea City,2.2443957011,0.8985554794,0.6782287518,0.1852442677,0.1365032913,0.8162923306,0.1837076694,Tottenham Hotspur,Tottenham Hotspur,tie
1710850,2017-09-16,Watford,Manchester City,1.2342265987,1.6280207046,0.2899827589,0.2442614998,0.4657544497,0.1456819229,0.8543180771,Manchester City,Manchester City,Manchester City
1710851,2017-09-16,West Bromwich Albion,West Ham United,1.2909709822,0.9794867265,0.436317682,0.2814025557,0.2822796261,0.6239338841,0.3760661159,West Bromwich Albion,West Bromwich Albion,tie
1710843,2017-09-17,Chelsea,Arsenal,2.6878778942,1.4872808094,0.6302728722,0.1735638652,0.1960472489,0.7046987198,0.2953012802,Chelsea,Chelsea,tie
1710847,2017-09-17,Manchester United,Everton,1.6298624632,0.8850404223,0.5493553687,0.246982204,0.2036612018,0.9238874933,0.0761125067,Manchester United,Manchester United,Manchester United
1710855,2017-09-23,Everton,AFC Bournemouth,1.2478529224,1.2180110886,0.3710531082,0.2722014786,0.3567452494,0.59228163,0.40771837,Everton,Everton,Everton
1710856,2017-09-23,Leicester City,Liverpool,2.2432394627,1.5556595274,0.5327713602,0.2018256379,0.2653786423,0.265312448,0.734687552,Leicester City,Liverpool,Liverpool
1710857,2017-09-23,Manchester City,Crystal Palace,2.7189537873,0.7701673058,0.782778456,0.1368168184,0.080277257,0.9679549924,0.0320450076,Manchester City,Manchester City,Manchester City
1710858,2017-09-23,Southampton,Manchester United,1.1275296005,1.1302899719,0.355894052,0.2868373964,0.3572684838,0.3888221604,0.6111778396,Manchester United,Manchester United,Manchester United
1710859,2017-09-23,Stoke City,Chelsea,1.2112216131,1.8149905636,0.2545025278,0.2301764481,0.5153175795,0.2420865553,0.7579134447,Chelsea,Chelsea,Chelsea
1710860,2017-09-23,Swansea City,Watford,1.5172435434,0.8985554794,0.5174339527,0.2593796115,0.2231858164,0.6517666258,0.3482333742,Swansea City,Swansea City,Watford
1710861,2017-09-23,West Ham United,Tottenham Hotspur,1.1193063119,1.5386720124,0.2764744431,0.2538691065,0.4696557144,0.3395846873,0.6604153127,Tottenham Hotspur,Tottenham Hotspur,Tottenham Hotspur
1710852,2017-09-25,Arsenal,West Bromwich Albion,2.2187437016,0.8303672993,0.6895254853,0.1842110347,0.1262421177,0.7514679905,0.2485320095,Arsenal,Arsenal,Arsenal
1710882,2017-10-21,Chelsea,Watford,2.3038262228,1.0925386117,0.6448907776,0.1882754104,0.1668038596,0.8752331254,0.1247668746,Chelsea,Chelsea,Chelsea
1710885,2017-10-21,Manchester City,Burnley,2.8129039716,0.9364335741,0.7619041084,0.1404814251,0.0974442175,0.9593339721,0.0406660279,Manchester City,Manchester City,Manchester City
1710886,2017-10-21,Newcastle United,Crystal Palace,1.5696700727,0.9051569618,0.529221398,0.2535955882,0.2171821566,0.8049085558,0.1950914442,Newcastle United,Newcastle United,Newcastle United
1710887,2017-10-21,Southampton,West Bromwich Albion,1.2432941805,0.9980903229,0.4184321154,0.2852647179,0.2963030685,0.7445464382,0.2554535618,Southampton,Southampton,Southampton
1710888,2017-10-21,Stoke City,AFC Bournemouth,1.2576685229,1.1338499424,0.3917905216,0.2765338241,0.33167552,0.6311781079,0.3688218921,Stoke City,Stoke City,AFC Bournemouth
1710889,2017-10-21,Swansea City,Leicester City,1.2112216131,1.2794480464,0.3484937931,0.2704473303,0.3810586911,0.8130981708,0.1869018292,Leicester City,Swansea City,Leicester City
1710883,2017-10-22,Everton,Arsenal,1.2156627557,1.4649108106,0.3140707542,0.2569186919,0.4290100441,0.3415922366,0.6584077634,Arsenal,Arsenal,Arsenal
1710890,2017-10-22,Tottenham Hotspur,Liverpool,2.3747248544,1.4271213224,0.5855390525,0.1921414778,0.2222799418,0.5992647693,0.4007352307,Tottenham Hotspur,Tottenham Hotspur,Tottenham Hotspur
